timestamp_ns,timestamp_ms,x,y,z
105771157718799,1788513290309,24.69375,7.74375,-28.3875
105771167718799,1788513290318,24.581251,7.4437504,-28.612501
105771177718799,1788513290328,24.675001,7.3125005,-28.368752
105771187718799,1788513290338,24.618752,7.2187505,-28.406252
105771197718799,1788513290348,24.6,7.36875,-28.612501
105771207718799,1788513290358,24.69375,7.425,-28.556252
105771217718799,1788513290368,24.7875,7.425,-28.425001
105771227718799,1788513290378,24.618752,7.2562504,-28.218752
105771237718799,1788513290388,24.618752,7.36875,-28.275002
105771247718799,1788513290398,24.73125,7.5750003,-28.218752
105771257718799,1788513290408,24.750002,7.5937505,-28.29375
105771267718799,1788513290418,24.656252,7.7625003,-28.35
105771277718799,1788513290428,24.618752,7.8375,-28.425001
105771287718799,1788513290438,24.393751,7.6687503,-28.275002
105771297718799,1788513290448,24.243752,7.5937505,-28.218752
105771307718799,1788513290458,24.056252,7.5000005,-28.143751
105771317718799,1788513290468,23.737501,7.4625,-28.2
105771327718799,1788513290478,23.643751,7.5000005,-28.06875
105771337718799,1788513290488,23.71875,7.51875,-28.143751
105771347718799,1788513290498,23.456251,7.36875,-28.2
105771357718799,1788513290508,23.587502,7.275,-28.181252
105771367718799,1788513290518,23.85,7.5937505,-28.612501
105771377718799,1788513290528,24.187502,7.51875,-28.63125
105771387718799,1788513290538,24.2625,7.65,-28.800001
105771397718799,1788513290548,24.337502,7.6687503,-28.650002
105771407718799,1788513290558,24.206251,7.70625,-28.9125
105771417718799,1788513290568,24.112501,7.7625003,-29.04375
105771427718799,1788513290578,24.243752,7.8,-29.118752
105771437718799,1788513290588,24.2625,7.5375004,-29.19375
105771447718799,1788513290598,24.13125,7.3500004,-28.875002
105771457718799,1788513290608,23.8875,7.4812503,-29.212502
105771467718799,1788513290618,23.8875,7.3875003,-29.081251
105771477718799,1788513290628,24.0,7.33125,-29.00625
105771487718799,1788513290638,24.018751,7.0687504,-29.025002
105771497718799,1788513290648,24.187502,6.9375005,-28.85625
105771507718799,1788513290658,24.13125,6.9375005,-28.743752
105771517718799,1788513290668,24.112501,7.14375,-28.612501
105771527718799,1788513290678,24.112501,7.14375,-28.612501
105771537718799,1788513290688,24.281252,7.1625004,-28.218752
105771547718799,1788513290698,24.300001,7.3500004,-28.275002
105771557718799,1788513290708,24.16875,7.2375,-28.25625
105771567718799,1788513290718,24.16875,7.4625,-28.29375
105771577718799,1788513290728,23.98125,7.51875,-28.44375
105771587718799,1788513290738,24.056252,7.4437504,-28.462502
105771597718799,1788513290748,24.243752,7.4625,-28.48125
105771607718799,1788513290758,24.243752,7.55625,-28.518751
105771617718799,1788513290768,24.0375,7.4625,-28.66875
105771627718799,1788513290778,24.337502,7.5000005,-28.781252
105771637718799,1788513290788,24.4125,7.6312504,-28.95
105771647718799,1788513290798,24.45,7.4437504,-28.725
105771657718799,1788513290808,24.375002,7.70625,-28.650002
105771667718799,1788513290818,24.487501,7.7812505,-28.44375
105771677718799,1788513290828,24.337502,7.7625003,-28.35
105771687718799,1788513290838,24.35625,7.6687503,-28.3875
105771697718799,1788513290848,24.468752,7.6125,-28.275002
105771707718799,1788513290858,24.187502,7.4062505,-28.218752
105771717718799,1788513290868,24.187502,7.5375004,-28.125002
105771727718799,1788513290878,24.2625,7.8,-28.125002
105771737718799,1788513290888,24.45,7.6312504,-28.125002
105771747718799,1788513290898,24.54375,7.4062505,-28.48125
105771757718799,1788513290908,24.712502,7.4625,-28.650002
105771767718799,1788513290918,24.675001,7.51875,-28.650002
105771777718799,1788513290928,24.7875,7.5375004,-28.7625
105771787718799,1788513290938,24.975,7.55625,-28.725
105771797718799,1788513290948,24.937502,7.3875003,-28.725
105771807718799,1788513290958,24.956251,7.2187505,-28.95
105771817718799,1788513290968,24.562502,7.2187505,-29.00625
105771827718799,1788513290978,24.468752,7.4062505,-28.95
105771837718799,1788513290988,24.393751,7.18125,-28.875002
105771847718799,1788513290998,24.4125,7.2937503,-28.893751
105771857718799,1788513291008,24.375002,7.3875003,-28.968752
105771867718799,1788513291018,24.431252,7.4812503,-28.800001
105771877718799,1788513291028,24.393751,7.4812503,-28.931252
105771887718799,1788513291038,24.35625,7.4437504,-28.743752
105771897718799,1788513291048,24.843752,7.4062505,-28.687502
105771907718799,1788513291058,24.843752,7.4625,-28.331251
105771917718799,1788513291068,24.806252,7.4625,-28.1625
105771927718799,1788513291078,24.825,7.2000003,-28.275002
105771937718799,1788513291088,24.73125,7.2562504,-28.237501
105771947718799,1788513291098,24.54375,7.2375,-28.181252
105771957718799,1788513291108,24.768751,7.2187505,-28.143751
105771967718799,1788513291118,24.843752,7.33125,-28.25625
105771977718799,1788513291128,24.69375,7.3125005,-28.143751
105771987718799,1788513291138,24.675001,7.3875003,-28.44375
105771997718799,1788513291148,24.581251,7.5375004,-28.406252
105772007718799,1788513291158,24.50625,7.55625,-28.237501
105772017718799,1788513291168,24.73125,7.5750003,-28.237501
105772027718799,1788513291178,24.73125,7.6687503,-28.462502
105772037718799,1788513291188,24.6,7.74375,-28.500002
105772047718799,1788513291198,24.69375,7.8,-28.368752
105772057718799,1788513291208,24.69375,7.8562503,-28.425001
105772067718799,1788513291218,24.581251,7.7812505,-28.48125
105772077718799,1788513291228,24.73125,7.7250004,-28.593752
105772087718799,1788513291238,24.73125,7.9875,-28.462502
105772097718799,1788513291248,24.468752,7.8187504,-28.3875
105772107718799,1788513291258,24.6,7.5750003,-28.1625
105772117718799,1788513291268,24.54375,7.5750003,-27.975
105772127718799,1788513291278,24.468752,7.2375,-28.050001
105772137718799,1788513291288,24.31875,7.05,-28.312502
105772147718799,1788513291298,24.337502,7.3875003,-28.2
105772157718799,1788513291308,24.281252,7.33125,-28.25625
105772167718799,1788513291318,24.225,7.2000003,-28.3875
105772177718799,1788513291328,24.431252,7.3875003,-28.500002
105772187718799,1788513291338,24.4125,7.55625,-28.800001
105772197718799,1788513291348,24.468752,7.5937505,-28.893751
105772207718799,1788513291358,24.337502,7.6875005,-28.893751
105772217718799,1788513291368,24.243752,7.8187504,-28.725
105772227718799,1788513291378,24.225,7.4062505,-28.743752
105772237718799,1788513291388,24.093752,7.5000005,-28.81875
105772247718799,1788513291398,24.300001,7.4062505,-28.706251
105772257718799,1788513291408,24.112501,7.2562504,-28.743752
105772267718799,1788513291418,24.075,7.2937503,-28.500002
105772277718799,1788513291428,23.98125,7.2562504,-28.687502
105772287718799,1788513291438,23.775002,7.4437504,-28.593752
105772297718799,1788513291448,24.0375,7.4625,-28.518751
105772307718799,1788513291458,23.90625,7.4437504,-28.44375
105772317718799,1788513291468,24.0,7.2562504,-28.125002
105772327718799,1788513291478,23.925001,7.36875,-28.2
105772337718799,1788513291488,23.962502,7.3125005,-28.237501
105772347718799,1788513291498,24.018751,7.14375,-28.25625
105772357718799,1788513291508,24.018751,7.0687504,-27.956251
105772367718799,1788513291518,24.093752,6.99375,-27.91875
105772377718799,1788513291528,24.206251,7.0312505,-27.900002
105772387718799,1788513291538,24.487501,6.95625,-27.993752
105772397718799,1788513291548,24.581251,7.0875,-28.181252
105772407718799,1788513291558,24.6375,7.18125,-28.087502
105772417718799,1788513291568,24.675001,7.18125,-27.843752
105772427718799,1788513291578,24.675001,7.275,-27.975
105772437718799,1788513291588,24.750002,7.18125,-27.91875
105772447718799,1788513291598,25.237501,7.14375,-27.956251
105772457718799,1788513291608,25.087502,7.1625004,-27.975
105772467718799,1788513291618,24.806252,7.2375,-27.937502
105772477718799,1788513291628,24.750002,7.3500004,-27.88125
105772487718799,1788513291638,24.581251,7.18125,-28.143751
105772497718799,1788513291648,24.337502,7.18125,-28.218752
105772507718799,1788513291658,24.187502,7.14375,-28.1625
105772517718799,1788513291668,24.093752,7.2562504,-28.031252
105772527718799,1788513291678,23.60625,7.425,-27.88125
105772537718799,1788513291688,23.643751,7.3125005,-27.806252
105772547718799,1788513291698,23.90625,7.2937503,-27.975
105772557718799,1788513291708,23.75625,7.2000003,-27.975
105772567718799,1788513291718,24.0,7.2187505,-27.825
105772577718799,1788513291728,24.243752,7.4062505,-27.7875
105772587718799,1788513291738,24.281252,7.4062505,-27.6375
105772597718799,1788513291748,24.300001,7.5750003,-27.993752
105772607718799,1788513291758,24.431252,7.6125,-28.275002
105772617718799,1788513291768,24.393751,7.5750003,-28.35
105772627718799,1788513291778,24.206251,7.65,-28.2
105772637718799,1788513291788,24.4125,7.6312504,-28.25625
105772647718799,1788513291798,24.337502,7.9125004,-28.143751
105772657718799,1788513291808,24.675001,7.65,-28.275002
105772667718799,1788513291818,24.73125,7.70625,-28.518751
105772677718799,1788513291828,25.06875,7.55625,-28.35
105772687718799,1788513291838,25.050001,7.2562504,-28.331251
105772697718799,1788513291848,24.91875,7.3875003,-28.237501
105772707718799,1788513291858,24.975,7.2375,-28.050001
105772717718799,1788513291868,24.750002,7.2000003,-28.237501
105772727718799,1788513291878,24.750002,6.76875,-28.35
105772737718799,1788513291888,24.54375,6.8250003,-28.25625
105772747718799,1788513291898,24.487501,6.9,-28.10625
105772757718799,1788513291908,24.243752,6.9,-28.2
105772767718799,1788513291918,24.45,7.0125003,-28.125002
105772777718799,1788513291928,24.618752,7.0125003,-28.1625
105772787718799,1788513291938,24.581251,7.1250005,-28.368752
105772797718799,1788513291948,24.525002,7.14375,-28.143751
105772807718799,1788513291958,24.581251,7.425,-28.143751
105772817718799,1788513291968,24.431252,7.275,-27.88125
105772827718799,1788513291978,24.50625,6.9187503,-28.050001
105772837718799,1788513291988,24.375002,7.1625004,-27.956251
105772847718799,1788513291998,24.2625,7.14375,-28.031252
105772857718799,1788513292008,24.2625,7.0875,-28.181252
105772867718799,1788513292018,24.50625,7.05,-28.087502
105772877718799,1788513292028,24.6,7.33125,-28.143751
105772887718799,1788513292038,24.4125,7.05,-27.993752
105772897718799,1788513292048,24.4125,7.275,-28.143751
105772907718799,1788513292058,24.468752,7.6125,-28.143751
105772917718799,1788513292068,24.656252,7.2937503,-28.125002
105772927718799,1788513292078,24.562502,7.14375,-28.031252
105772937718799,1788513292088,24.50625,7.3875003,-27.862501
105772947718799,1788513292098,24.206251,7.4437504,-27.806252
105772957718799,1788513292108,24.431252,7.18125,-27.806252
105772967718799,1788513292118,24.54375,7.3875003,-27.843752
105772977718799,1788513292128,24.581251,7.5000005,-27.7875
105772987718799,1788513292138,24.54375,7.5000005,-27.54375
105772997718799,1788513292148,24.73125,7.55625,-27.656252
105773007718799,1788513292158,24.69375,7.8187504,-27.712502
105773017718799,1788513292168,24.581251,7.6875005,-27.91875
105773027718799,1788513292178,24.468752,7.70625,-28.218752
105773037718799,1788513292188,24.300001,7.6687503,-28.29375
105773047718799,1788513292198,24.281252,7.65,-28.406252
105773057718799,1788513292208,24.54375,7.51875,-28.556252
105773067718799,1788513292218,24.468752,7.5375004,-28.66875
105773077718799,1788513292228,24.075,7.6875005,-28.556252
105773087718799,1788513292238,24.16875,7.5375004,-28.425001
105773097718799,1788513292248,24.16875,7.4062505,-28.368752
105773107718799,1788513292258,24.393751,7.33125,-28.3875
105773117718799,1788513292268,24.300001,7.4062505,-28.368752
105773127718799,1788513292278,24.075,7.3500004,-28.275002
105773137718799,1788513292288,23.831251,7.51875,-28.143751
105773147718799,1788513292298,23.831251,7.6312504,-27.937502
105773157718799,1788513292308,23.681252,7.5750003,-27.975
105773167718799,1788513292318,23.56875,7.6875005,-28.143751
105773177718799,1788513292328,23.681252,7.8187504,-28.1625
105773187718799,1788513292338,23.681252,7.89375,-27.975
105773197718799,1788513292348,23.8875,7.89375,-27.900002
105773207718799,1788513292358,24.206251,7.9500003,-27.993752
105773217718799,1788513292368,24.300001,7.7250004,-28.050001
105773227718799,1788513292378,24.337502,7.4625,-28.275002
105773237718799,1788513292388,24.4125,7.33125,-28.331251
105773247718799,1788513292398,24.431252,7.2000003,-28.050001
105773257718799,1788513292408,24.525002,7.0125003,-27.768751
105773267718799,1788513292418,24.656252,7.0125003,-27.712502
105773277718799,1788513292428,24.712502,6.9750004,-27.675001
105773287718799,1788513292438,24.4125,7.14375,-27.768751
105773297718799,1788513292448,24.300001,7.275,-27.91875
105773307718799,1788513292458,24.375002,7.33125,-28.087502
105773317718799,1788513292468,24.712502,7.36875,-28.125002
105773327718799,1788513292478,24.7875,7.3500004,-28.143751
105773337718799,1788513292488,24.843752,7.5375004,-28.425001
105773347718799,1788513292498,24.712502,7.4437504,-28.612501
105773357718799,1788513292508,24.825,7.6125,-28.781252
105773367718799,1788513292518,24.862501,7.3875003,-28.650002
105773377718799,1788513292528,25.031252,7.425,-28.650002
105773387718799,1788513292538,25.0125,7.33125,-28.275002
105773397718799,1788513292548,24.675001,7.425,-28.312502
105773407718799,1788513292558,24.768751,7.6312504,-28.425001
105773417718799,1788513292568,24.69375,7.65,-28.500002
105773427718799,1788513292578,24.825,7.74375,-28.237501
105773437718799,1788513292588,24.525002,7.70625,-28.275002
105773447718799,1788513292598,24.6,7.8375,-28.35
105773457718799,1788513292608,24.281252,7.6125,-28.368752
105773467718799,1788513292618,24.281252,7.6312504,-28.556252
105773477718799,1788513292628,24.375002,7.7250004,-28.462502
105773487718799,1788513292638,24.187502,7.70625,-28.425001
105773497718799,1788513292648,24.16875,7.6875005,-28.143751
105773507718799,1788513292658,24.075,7.5000005,-28.406252
105773517718799,1788513292668,24.112501,7.4062505,-28.1625
105773527718799,1788513292678,24.16875,7.275,-28.087502
105773537718799,1788513292688,24.431252,7.2000003,-27.862501
105773547718799,1788513292698,24.431252,7.4062505,-27.88125
105773557718799,1788513292708,24.487501,7.4437504,-27.993752
105773567718799,1788513292718,24.468752,7.3125005,-28.087502
105773577718799,1788513292728,24.45,7.5750003,-28.29375
105773587718799,1788513292738,24.431252,7.8375,-28.237501
105773597718799,1788513292748,24.54375,7.7625003,-28.406252
105773607718799,1788513292758,24.45,8.00625,-28.237501
105773617718799,1788513292768,24.487501,8.38125,-28.5375
105773627718799,1788513292778,24.281252,8.175,-28.5375
105773637718799,1788513292788,24.337502,7.8,-28.706251
105773647718799,1788513292798,24.206251,7.7625003,-28.63125
105773657718799,1788513292808,24.187502,7.5937505,-28.518751
105773667718799,1788513292818,24.0375,7.5000005,-28.406252
105773677718799,1788513292828,24.13125,7.2562504,-28.406252
105773687718799,1788513292838,24.112501,6.99375,-28.593752
105773697718799,1788513292848,24.018751,6.9750004,-28.44375
105773707718799,1788513292858,24.093752,6.9187503,-28.29375
105773717718799,1788513292868,23.75625,6.8812504,-27.91875
105773727718799,1788513292878,24.150002,6.99375,-27.91875
105773737718799,1788513292888,24.243752,6.8812504,-27.91875
105773747718799,1788513292898,24.562502,6.9375005,-27.975
105773757718799,1788513292908,24.337502,7.2187505,-27.88125
105773767718799,1788513292918,24.45,7.3500004,-27.6
105773777718799,1788513292928,24.337502,7.2562504,-27.50625
105773787718799,1788513292938,24.337502,7.4812503,-27.656252
105773797718799,1788513292948,24.54375,7.8,-27.937502
105773807718799,1788513292958,24.35625,7.7250004,-27.993752
105773817718799,1788513292968,24.468752,7.8375,-28.0125
105773827718799,1788513292978,24.31875,8.00625,-27.862501
105773837718799,1788513292988,24.45,8.00625,-27.825
105773847718799,1788513292998,24.431252,7.8750005,-28.25625
105773857718799,1788513293008,24.562502,8.0625,-28.1625
105773867718799,1788513293018,24.712502,8.0625,-28.218752
105773877718799,1788513293028,24.843752,8.00625,-28.050001
105773887718799,1788513293038,24.806252,8.025001,-27.88125
105773897718799,1788513293048,24.69375,7.8187504,-27.825
105773907718799,1788513293058,24.656252,7.5937505,-27.825
105773917718799,1788513293068,24.562502,7.55625,-27.993752
105773927718799,1788513293078,24.562502,7.6875005,-27.618752
105773937718799,1788513293088,24.31875,7.5375004,-27.88125
105773947718799,1788513293098,24.225,7.5375004,-28.0125
105773957718799,1788513293108,24.018751,7.7625003,-27.993752
105773967718799,1788513293118,24.056252,7.74375,-28.275002
105773977718799,1788513293128,23.90625,7.8375,-28.3875
105773987718799,1788513293138,23.925001,7.8562503,-28.462502
105773997718799,1788513293148,23.925001,7.8,-28.275002
105774007718799,1788513293158,23.925001,7.8187504,-28.48125
105774017718799,1788513293168,24.093752,7.8375,-28.462502
105774027718799,1788513293178,23.98125,7.8187504,-28.125002
105774037718799,1788513293188,23.94375,7.6312504,-28.237501
105774047718799,1788513293198,23.94375,7.65,-28.143751
105774057718799,1788513293208,23.94375,7.65,-28.087502
105774067718799,1788513293218,24.112501,7.55625,-28.06875
105774077718799,1788513293228,24.16875,7.8750005,-28.050001
105774087718799,1788513293238,24.2625,7.8,-28.06875
105774097718799,1788513293248,24.375002,8.1,-27.975
105774107718799,1788513293258,24.6,8.212501,-27.993752
105774117718799,1788513293268,24.7875,8.0625,-27.843752
105774127718799,1788513293278,24.900002,8.1,-27.825
105774137718799,1788513293288,24.993752,8.19375,-27.7875
105774147718799,1788513293298,24.88125,8.493751,-27.73125
105774157718799,1788513293308,24.843752,8.26875,-27.581251
105774167718799,1788513293318,24.806252,8.38125,-27.45
105774177718799,1788513293328,24.825,7.9875,-27.281252
105774187718799,1788513293338,24.750002,7.7812505,-27.35625
105774197718799,1788513293348,24.487501,7.8375,-27.35625
105774207718799,1788513293358,24.375002,7.89375,-27.4125
105774217718799,1788513293368,24.206251,7.70625,-27.431252
105774227718799,1788513293378,23.962502,7.6875005,-27.487501
105774237718799,1788513293388,24.0375,7.70625,-27.993752
105774247718799,1788513293398,23.85,7.4625,-28.06875
105774257718799,1788513293408,23.868752,7.4812503,-28.10625
105774267718799,1788513293418,23.8875,7.33125,-28.1625
105774277718799,1788513293428,24.093752,7.33125,-28.25625
105774287718799,1788513293438,24.16875,7.2187505,-28.2
105774297718799,1788513293448,24.35625,7.2937503,-28.312502
105774307718799,1788513293458,24.6,7.0687504,-28.462502
105774317718799,1788513293468,24.393751,7.1250005,-28.35
105774327718799,1788513293478,24.431252,7.1250005,-28.35
105774337718799,1788513293488,24.4125,7.2562504,-28.462502
105774347718799,1788513293498,24.375002,7.51875,-28.312502
105774357718799,1788513293508,24.50625,7.6687503,-28.500002
105774367718799,1788513293518,24.4125,7.7250004,-28.5375
105774377718799,1788513293528,24.337502,7.5937505,-28.556252
105774387718799,1788513293538,24.487501,7.6875005,-28.368752
105774397718799,1788513293548,24.50625,7.70625,-28.29375
105774407718799,1788513293558,24.562502,7.89375,-28.48125
105774417718799,1788513293568,24.468752,7.6125,-28.706251
105774427718799,1788513293578,24.581251,7.5937505,-28.725
105774437718799,1788513293588,24.281252,7.4437504,-28.425001
105774447718799,1788513293598,24.300001,7.36875,-28.2
105774457718799,1788513293608,24.337502,7.4625,-28.218752
105774467718799,1788513293618,24.16875,7.425,-28.312502
105774477718799,1788513293628,24.393751,7.51875,-28.25625
105774487718799,1788513293638,24.468752,7.5000005,-28.143751
105774497718799,1788513293648,24.4125,7.6125,-27.862501
105774507718799,1788513293658,24.16875,7.5750003,-27.975
105774517718799,1788513293668,24.187502,7.4625,-27.993752
105774527718799,1788513293678,24.187502,7.4625,-28.125002
105774537718799,1788513293688,24.075,7.5375004,-28.0125
105774547718799,1788513293698,24.112501,7.4812503,-27.91875
105774557718799,1788513293708,24.150002,7.4437504,-27.91875
105774567718799,1788513293718,24.075,7.55625,-27.993752
105774577718799,1788513293728,24.375002,7.4625,-28.0125
105774587718799,1788513293738,24.6,7.7250004,-28.06875
105774597718799,1788513293748,24.7875,7.9687505,-28.06875
105774607718799,1788513293758,24.806252,7.8750005,-28.29375
105774617718799,1788513293768,24.825,7.6125,-28.368752
105774627718799,1788513293778,24.73125,7.70625,-28.500002
105774637718799,1788513293788,24.750002,7.7250004,-28.66875
105774647718799,1788513293798,24.91875,7.5750003,-28.35
105774657718799,1788513293808,24.6,7.7250004,-28.425001
105774667718799,1788513293818,24.656252,7.5000005,-28.35
105774677718799,1788513293828,24.656252,7.4437504,-28.556252
105774687718799,1788513293838,24.581251,7.74375,-28.462502
105774697718799,1788513293848,24.806252,8.118751,-28.500002
105774707718799,1788513293858,24.956251,8.26875,-28.462502
105774717718799,1788513293868,24.750002,8.175,-28.48125
105774727718799,1788513293878,24.656252,8.25,-28.63125
105774737718799,1788513293888,24.6,8.2875,-28.425001
105774747718799,1788513293898,24.6,8.19375,-28.462502
105774757718799,1788513293908,24.487501,8.15625,-28.2
105774767718799,1788513293918,24.712502,7.9500003,-28.2
105774777718799,1788513293928,24.54375,7.9687505,-28.181252
105774787718799,1788513293938,24.562502,7.8562503,-28.06875
105774797718799,1788513293948,24.375002,7.8,-27.937502
105774807718799,1788513293958,24.431252,7.70625,-28.050001
105774817718799,1788513293968,24.487501,7.70625,-28.462502
105774827718799,1788513293978,24.281252,7.7250004,-28.406252
105774837718799,1788513293988,24.300001,7.89375,-28.575
105774847718799,1788513293998,24.13125,7.74375,-28.593752
105774857718799,1788513294008,24.206251,7.4625,-28.575
105774867718799,1788513294018,24.16875,7.4812503,-28.575
105774877718799,1788513294028,24.337502,7.4625,-28.462502
105774887718799,1788513294038,24.13125,7.425,-28.331251
105774897718799,1788513294048,24.075,7.2937503,-28.06875
105774907718799,1788513294058,24.281252,7.2562504,-27.900002
105774917718799,1788513294068,24.206251,7.14375,-27.88125
105774927718799,1788513294078,24.16875,7.33125,-27.88125
105774937718799,1788513294088,24.225,7.4062505,-27.750002
105774947718799,1788513294098,24.150002,7.2937503,-27.806252
105774957718799,1788513294108,24.13125,7.33125,-27.768751
105774967718799,1788513294118,24.187502,7.33125,-27.862501
105774977718799,1788513294128,24.281252,7.33125,-27.768751
105774987718799,1788513294138,24.187502,7.425,-27.768751
105774997718799,1788513294148,24.056252,7.4437504,-27.825
105775007718799,1788513294158,23.98125,7.4062505,-27.806252
105775017718799,1788513294168,23.94375,7.5375004,-27.900002
105775027718799,1788513294178,23.90625,7.6687503,-27.956251
105775037718799,1788513294188,24.093752,7.8187504,-28.10625
105775047718799,1788513294198,24.13125,7.9125004,-28.087502
105775057718799,1788513294208,24.018751,7.8750005,-28.331251
105775067718799,1788513294218,23.85,7.74375,-28.575
105775077718799,1788513294228,24.0,7.7625003,-28.650002
105775087718799,1788513294238,24.300001,7.7625003,-28.575
105775097718799,1788513294248,23.98125,7.7250004,-28.556252
105775107718799,1788513294258,23.94375,7.6875005,-28.593752
105775117718799,1788513294268,23.7,7.65,-28.63125
105775127718799,1788513294278,23.7,7.425,-28.687502
105775137718799,1788513294288,23.737501,7.5750003,-28.462502
105775147718799,1788513294298,23.643751,7.8375,-28.425001
105775157718799,1788513294308,23.681252,7.70625,-28.368752
105775167718799,1788513294318,23.71875,7.74375,-28.237501
105775177718799,1788513294328,23.6625,7.51875,-28.331251
105775187718799,1788513294338,23.925001,7.51875,-28.275002
105775197718799,1788513294348,24.112501,7.36875,-28.331251
105775207718799,1788513294358,24.300001,7.4437504,-28.406252
105775217718799,1788513294368,24.45,7.33125,-28.48125
105775227718799,1788513294378,24.7875,6.8250003,-28.743752
105775237718799,1788513294388,24.825,6.7500005,-28.63125
105775247718799,1788513294398,24.468752,6.8812504,-28.800001
105775257718799,1788513294408,24.937502,7.0875,-28.931252
105775267718799,1788513294418,24.88125,7.1250005,-28.968752
105775277718799,1788513294428,24.618752,7.05,-28.987501
105775287718799,1788513294438,24.393751,7.2375,-28.987501
105775297718799,1788513294448,24.112501,7.275,-29.00625
105775307718799,1788513294458,24.16875,7.4625,-28.725
105775317718799,1788513294468,24.187502,7.5750003,-28.706251
105775327718799,1788513294478,24.525002,7.425,-28.66875
105775337718799,1788513294488,24.35625,7.4812503,-28.556252
105775347718799,1788513294498,24.31875,7.4437504,-28.368752
105775357718799,1788513294508,24.4125,7.4437504,-28.275002
105775367718799,1788513294518,24.35625,7.5375004,-28.218752
105775377718799,1788513294528,24.54375,7.6312504,-28.312502
105775387718799,1788513294538,24.225,7.8187504,-28.10625
105775397718799,1788513294548,24.13125,7.7250004,-28.050001
105775407718799,1788513294558,24.056252,7.9875,-27.956251
105775417718799,1788513294568,24.0,8.0625,-27.712502
105775427718799,1788513294578,24.056252,7.93125,-27.7875
105775437718799,1788513294588,24.16875,7.8562503,-27.675001
105775447718799,1788513294598,24.300001,7.6875005,-27.6375
105775457718799,1788513294608,24.243752,7.65,-27.487501
105775467718799,1788513294618,24.525002,7.6312504,-27.825
105775477718799,1788513294628,24.6,7.4437504,-27.900002
105775487718799,1788513294638,24.73125,7.0875,-27.806252
105775497718799,1788513294648,24.843752,6.9750004,-27.862501
105775507718799,1788513294658,24.712502,7.05,-27.750002
105775517718799,1788513294668,24.69375,7.18125,-27.937502
105775527718799,1788513294678,24.6375,7.2937503,-27.975
105775537718799,1788513294688,24.6375,7.2375,-28.031252
105775547718799,1788513294698,24.487501,7.3125005,-27.900002
105775557718799,1788513294708,24.6,7.65,-27.843752
105775567718799,1788513294718,24.243752,7.70625,-27.843752
105775577718799,1788513294728,24.225,7.7812505,-27.88125
105775587718799,1788513294738,24.337502,7.7625003,-28.10625
105775597718799,1788513294748,24.525002,7.74375,-27.956251
105775607718799,1788513294758,24.468752,7.5000005,-27.937502
105775617718799,1788513294768,24.393751,7.4437504,-27.993752
105775627718799,1788513294778,24.243752,7.275,-27.675001
105775637718799,1788513294788,24.225,7.3500004,-27.975
105775647718799,1788513294798,24.16875,7.36875,-28.087502
105775657718799,1788513294808,23.962502,7.2187505,-28.181252
105775667718799,1788513294818,23.962502,7.2187505,-28.143751
105775677718799,1788513294828,23.868752,7.2562504,-28.29375
105775687718799,1788513294838,23.868752,7.2937503,-28.1625
105775697718799,1788513294848,24.018751,7.3875003,-28.06875
105775707718799,1788513294858,24.206251,7.2375,-28.518751
105775717718799,1788513294868,24.16875,7.1625004,-28.368752
105775727718799,1788513294878,24.54375,7.275,-28.575
105775737718799,1788513294888,24.750002,7.33125,-28.425001
105775747718799,1788513294898,24.656252,7.1062503,-28.368752
105775757718799,1788513294908,24.618752,7.18125,-28.125002
105775767718799,1788513294918,24.825,7.275,-28.237501
105775777718799,1788513294928,24.825,7.275,-28.143751
105775787718799,1788513294938,24.806252,7.6125,-28.143751
105775797718799,1788513294948,24.712502,7.6312504,-28.237501
105775807718799,1788513294958,24.73125,7.51875,-28.2
105775817718799,1788513294968,24.6375,7.4437504,-28.25625
105775827718799,1788513294978,24.54375,7.8375,-28.275002
105775837718799,1788513294988,24.562502,7.8187504,-28.44375
105775847718799,1788513294998,24.393751,7.65,-28.612501
105775857718799,1788513295008,24.4125,7.70625,-28.66875
105775867718799,1788513295018,24.50625,7.65,-28.44375
105775877718799,1788513295028,24.487501,7.4437504,-28.10625
105775887718799,1788513295038,24.187502,7.3500004,-27.73125
105775897718799,1788513295048,24.225,7.3125005,-27.768751
105775907718799,1788513295058,24.187502,7.2000003,-27.712502
105775917718799,1788513295068,24.13125,7.2000003,-27.581251
105775927718799,1788513295078,24.337502,7.4625,-27.54375
105775937718799,1788513295088,24.225,7.2187505,-27.431252
105775947718799,1788513295098,24.0375,6.9750004,-27.337502
105775957718799,1788513295108,23.962502,7.05,-27.581251
105775967718799,1788513295118,24.187502,7.0687504,-27.862501
105775977718799,1788513295128,24.31875,7.4625,-27.618752
105775987718799,1788513295138,24.581251,7.5937505,-27.843752
105775997718799,1788513295148,24.487501,7.5000005,-27.88125
105776007718799,1788513295158,24.281252,7.4625,-27.656252
105776017718799,1788513295168,24.45,7.6125,-27.843752
105776027718799,1788513295178,24.431252,7.7250004,-27.91875
105776037718799,1788513295188,24.6,7.7625003,-27.843752
105776047718799,1788513295198,24.468752,7.9125004,-27.73125
105776057718799,1788513295208,24.31875,7.4625,-27.91875
105776067718799,1788513295218,24.281252,7.2000003,-27.937502
105776077718799,1788513295228,24.468752,7.3125005,-28.050001
105776087718799,1788513295238,24.45,7.18125,-27.975
105776097718799,1788513295248,24.35625,6.99375,-27.91875
105776107718799,1788513295258,24.656252,7.1625004,-27.91875
105776117718799,1788513295268,24.6375,7.2937503,-28.050001
105776127718799,1788513295278,24.712502,7.425,-28.1625
105776137718799,1788513295288,24.618752,7.55625,-28.25625
105776147718799,1788513295298,24.4125,7.6687503,-28.368752
105776157718799,1788513295308,24.35625,7.55625,-28.48125
105776167718799,1788513295318,24.431252,7.4437504,-28.593752
105776177718799,1788513295328,24.375002,7.7250004,-28.556252
105776187718799,1788513295338,24.150002,7.6125,-28.687502
105776197718799,1788513295348,24.243752,7.7250004,-28.687502
105776207718799,1788513295358,24.243752,7.7250004,-28.743752
105776217718799,1788513295368,24.31875,7.5000005,-28.612501
105776227718799,1788513295378,24.54375,7.4625,-28.425001
105776237718799,1788513295388,24.337502,7.6875005,-28.331251
105776247718799,1788513295398,24.300001,7.6875005,-28.1625
105776257718799,1788513295408,24.525002,7.6875005,-28.368752
105776267718799,1788513295418,24.562502,7.7250004,-28.331251
105776277718799,1788513295428,24.4125,7.5375004,-28.181252
105776287718799,1788513295438,24.375002,7.5375004,-28.218752
105776297718799,1788513295448,24.281252,7.7625003,-28.218752
105776307718799,1788513295458,24.16875,7.6875005,-28.143751
105776317718799,1788513295468,24.375002,7.6125,-28.25625
105776327718799,1788513295478,24.35625,7.8750005,-28.612501
105776337718799,1788513295488,24.225,7.9125004,-28.575
105776347718799,1788513295498,24.243752,8.025001,-28.500002
105776357718799,1788513295508,24.2625,8.137501,-28.612501
105776367718799,1788513295518,24.35625,7.9500003,-28.500002
105776377718799,1788513295528,24.431252,7.8750005,-28.575
105776387718799,1788513295538,24.375002,8.08125,-28.593752
105776397718799,1788513295548,24.337502,7.9875,-28.518751
105776407718799,1788513295558,24.4125,7.9125004,-28.331251
105776417718799,1788513295568,24.393751,7.9125004,-28.1625
105776427718799,1788513295578,24.300001,7.8750005,-28.25625
105776437718799,1788513295588,24.35625,7.7812505,-28.218752
105776447718799,1788513295598,24.206251,7.7250004,-28.35
105776457718799,1788513295608,24.31875,7.70625,-28.237501
105776467718799,1788513295618,24.393751,7.6125,-28.35
105776477718799,1788513295628,24.525002,7.8375,-28.29375
105776487718799,1788513295638,24.525002,7.89375,-28.331251
105776497718799,1788513295648,24.562502,7.74375,-28.237501
105776507718799,1788513295658,24.54375,7.5375004,-28.312502
105776517718799,1788513295668,24.45,7.7250004,-28.35
105776527718799,1788513295678,24.581251,7.70625,-28.0125
105776537718799,1788513295688,24.581251,7.8,-28.0125
105776547718799,1788513295698,24.69375,7.7250004,-27.712502
105776557718799,1788513295708,24.525002,7.5750003,-27.431252
105776567718799,1788513295718,24.187502,7.3875003,-27.525002
105776577718799,1788513295728,24.187502,7.5375004,-27.656252
105776587718799,1788513295738,24.300001,7.4625,-27.581251
105776597718799,1788513295748,24.468752,7.2375,-27.487501
105776607718799,1788513295758,24.300001,7.36875,-27.806252
105776617718799,1788513295768,24.2625,7.5000005,-27.675001
105776627718799,1788513295778,24.337502,7.6687503,-27.6
105776637718799,1788513295788,24.468752,7.55625,-27.993752
105776647718799,1788513295798,24.862501,7.5937505,-27.768751
105776657718799,1788513295808,24.91875,7.5375004,-27.750002
105776667718799,1788513295818,24.750002,7.5000005,-27.825
105776677718799,1788513295828,24.487501,7.55625,-27.91875
105776687718799,1788513295838,24.45,7.6125,-27.900002
105776697718799,1788513295848,24.487501,7.4812503,-28.06875
105776707718799,1788513295858,24.187502,7.36875,-28.612501
105776717718799,1788513295868,24.056252,7.5375004,-28.518751
105776727718799,1788513295878,23.868752,7.5937505,-28.687502
105776737718799,1788513295888,23.79375,7.425,-28.7625
105776747718799,1788513295898,24.018751,7.6312504,-28.650002
105776757718799,1788513295908,24.225,7.6687503,-28.63125
105776767718799,1788513295918,24.54375,7.70625,-28.425001
105776777718799,1788513295928,24.768751,7.8,-28.368752
105776787718799,1788513295938,24.843752,7.8,-27.975
105776797718799,1788513295948,25.10625,7.8375,-27.956251
105776807718799,1788513295958,25.06875,7.8562503,-27.975
105776817718799,1788513295968,25.031252,7.9500003,-27.91875
105776827718799,1788513295978,24.88125,7.93125,-27.750002
105776837718799,1788513295988,24.806252,8.00625,-27.6
105776847718799,1788513295998,24.45,7.8562503,-27.562502
105776857718799,1788513296008,24.300001,7.70625,-27.843752
105776867718799,1788513296018,24.300001,7.70625,-27.7875
105776877718799,1788513296028,24.16875,7.5937505,-27.806252
105776887718799,1788513296038,24.31875,7.5937505,-27.750002
105776897718799,1788513296048,24.54375,7.6125,-27.618752
105776907718799,1788513296058,24.7875,7.70625,-27.675001
105776917718799,1788513296068,24.712502,7.4437504,-27.73125
105776927718799,1788513296078,24.843752,7.4625,-27.900002
105776937718799,1788513296088,24.862501,7.51875,-27.6375
105776947718799,1788513296098,24.900002,7.5375004,-27.6375
105776957718799,1788513296108,24.862501,7.6312504,-27.618752
105776967718799,1788513296118,24.937502,7.74375,-27.69375
105776977718799,1788513296128,24.750002,7.8375,-27.975
105776987718799,1788513296138,24.487501,7.7625003,-28.143751
105776997718799,1788513296148,24.6375,7.65,-28.25625
105777007718799,1788513296158,24.7875,7.8375,-28.25625
105777017718799,1788513296168,24.656252,7.8375,-28.48125
105777027718799,1788513296178,24.843752,7.8187504,-29.00625
105777037718799,1788513296188,24.993752,7.8187504,-29.062502
105777047718799,1788513296198,24.618752,7.4062505,-28.837502
105777057718799,1788513296208,24.618752,7.3125005,-28.687502
105777067718799,1788513296218,24.768751,7.36875,-28.687502
105777077718799,1788513296228,24.6375,7.5000005,-28.743752
105777087718799,1788513296238,24.656252,7.2937503,-28.500002
105777097718799,1788513296248,24.6,7.33125,-28.368752
105777107718799,1788513296258,24.4125,7.2187505,-27.993752
105777117718799,1788513296268,24.187502,7.275,-27.975
105777127718799,1788513296278,24.206251,7.5375004,-27.956251
105777137718799,1788513296288,24.112501,7.5937505,-27.956251
105777147718799,1788513296298,24.150002,7.4437504,-27.768751
105777157718799,1788513296308,24.187502,7.6875005,-27.54375
105777167718799,1788513296318,24.018751,7.9500003,-27.54375
105777177718799,1788513296328,24.300001,7.9500003,-27.4125
105777187718799,1788513296338,24.300001,8.043751,-27.2625
105777197718799,1788513296348,24.243752,7.8562503,-27.2625
105777207718799,1788513296358,24.525002,7.8375,-27.4125
105777217718799,1788513296368,24.618752,7.8750005,-27.431252
105777227718799,1788513296378,24.6,7.9125004,-27.768751
105777237718799,1788513296388,24.750002,7.7625003,-27.843752
105777247718799,1788513296398,24.712502,7.425,-28.143751
105777257718799,1788513296408,24.4125,7.36875,-28.087502
105777267718799,1788513296418,24.2625,7.4062505,-28.331251
105777277718799,1788513296428,24.45,7.4062505,-28.10625
105777287718799,1788513296438,24.2625,7.3875003,-27.91875
105777297718799,1788513296448,24.206251,7.2375,-27.862501
105777307718799,1788513296458,24.150002,7.3875003,-27.73125
105777317718799,1788513296468,24.0,7.425,-27.7875
105777327718799,1788513296478,24.112501,7.5000005,-27.525002
105777337718799,1788513296488,24.225,7.5937505,-27.825
105777347718799,1788513296498,24.45,7.51875,-27.525002
105777357718799,1788513296508,24.468752,7.4812503,-27.6
105777367718799,1788513296518,24.50625,7.4812503,-27.91875
105777377718799,1788513296528,24.45,7.55625,-27.750002
105777387718799,1788513296538,24.468752,7.3125005,-27.768751
105777397718799,1788513296548,24.468752,7.2187505,-27.900002
105777407718799,1788513296558,24.468752,7.2187505,-27.900002
105777417718799,1788513296568,24.618752,6.9750004,-27.581251
105777427718799,1788513296578,24.6,7.05,-27.69375
105777437718799,1788513296588,24.54375,7.0875,-27.806252
105777447718799,1788513296598,24.375002,7.18125,-27.6375
105777457718799,1788513296608,24.375002,7.2375,-27.88125
105777467718799,1788513296618,24.487501,7.2187505,-27.768751
105777477718799,1788513296628,24.431252,7.2937503,-27.656252
105777487718799,1788513296638,24.431252,7.2562504,-27.843752
105777497718799,1788513296648,24.375002,7.36875,-27.993752
105777507718799,1788513296658,24.281252,7.275,-28.125002
105777517718799,1788513296668,24.2625,7.1250005,-28.218752
105777527718799,1788513296678,24.375002,7.0687504,-28.29375
105777537718799,1788513296688,24.618752,7.14375,-28.312502
105777547718799,1788513296698,24.468752,7.4812503,-28.3875
105777557718799,1788513296708,24.525002,7.5000005,-28.275002
105777567718799,1788513296718,24.525002,7.5937505,-28.331251
105777577718799,1788513296728,24.6375,7.8187504,-28.556252
105777587718799,1788513296738,24.73125,7.8,-28.518751
105777597718799,1788513296748,24.6375,7.9687505,-28.518751
105777607718799,1788513296758,24.825,8.025001,-28.63125
105777617718799,1788513296768,24.768751,7.9687505,-28.81875
105777627718799,1788513296778,24.656252,7.8,-28.725
105777637718799,1788513296788,24.656252,7.6125,-28.7625
105777647718799,1788513296798,24.675001,7.7250004,-28.687502
105777657718799,1788513296808,24.4125,7.5375004,-28.425001
105777667718799,1788513296818,24.35625,7.5750003,-28.425001
105777677718799,1788513296828,24.525002,7.3875003,-28.368752
105777687718799,1788513296838,24.431252,7.4625,-28.0125
105777697718799,1788513296848,24.225,7.425,-27.73125
105777707718799,1788513296858,24.393751,7.5000005,-27.712502
105777717718799,1788513296868,24.431252,7.70625,-27.6
105777727718799,1788513296878,24.206251,7.6125,-27.54375
105777737718799,1788513296888,24.16875,7.4625,-27.6375
105777747718799,1788513296898,24.13125,7.36875,-27.825
105777757718799,1788513296908,23.962502,7.51875,-27.900002
105777767718799,1788513296918,24.056252,7.4812503,-28.087502
105777777718799,1788513296928,24.281252,7.3125005,-28.125002
105777787718799,1788513296938,24.35625,7.2187505,-28.368752
105777797718799,1788513296948,24.31875,7.2375,-28.44375
105777807718799,1788513296958,24.54375,7.2375,-28.44375
105777817718799,1788513296968,24.50625,7.4062505,-28.556252
105777827718799,1788513296978,24.525002,7.33125,-28.29375
105777837718799,1788513296988,24.69375,7.275,-28.312502
105777847718799,1788513296998,24.54375,7.2375,-28.500002
105777857718799,1788513297008,24.487501,7.3875003,-28.5375
105777867718799,1788513297018,24.45,7.2562504,-28.331251
105777877718799,1788513297028,24.35625,7.3125005,-28.462502
105777887718799,1788513297038,24.13125,7.1250005,-28.5375
105777897718799,1788513297048,24.112501,7.14375,-28.518751
105777907718799,1788513297058,23.8875,7.4625,-28.556252
105777917718799,1788513297068,23.737501,7.4437504,-28.462502
105777927718799,1788513297078,23.775002,7.2375,-28.10625
105777937718799,1788513297088,23.775002,7.18125,-27.91875
105777947718799,1788513297098,23.737501,7.275,-28.0125
105777957718799,1788513297108,23.925001,7.18125,-27.7875
105777967718799,1788513297118,23.8875,7.3500004,-27.73125
105777977718799,1788513297128,24.0375,7.4062505,-27.675001
105777987718799,1788513297138,24.393751,7.1625004,-27.73125
105777997718799,1788513297148,24.281252,7.1250005,-27.656252
105778007718799,1788513297158,24.31875,7.36875,-27.825
105778017718799,1788513297168,24.225,7.275,-28.2
105778027718799,1788513297178,24.225,7.425,-28.06875
105778037718799,1788513297188,24.018751,7.2562504,-28.087502
105778047718799,1788513297198,24.35625,7.2375,-28.10625
105778057718799,1788513297208,24.54375,6.95625,-27.843752
105778067718799,1788513297218,24.431252,7.2187505,-27.581251
105778077718799,1788513297228,24.431252,7.2937503,-27.581251
105778087718799,1788513297238,24.4125,7.18125,-27.50625
105778097718799,1788513297248,24.4125,7.18125,-27.31875
105778107718799,1788513297258,24.393751,7.0125003,-27.431252
105778117718799,1788513297268,24.6,7.2937503,-27.50625
105778127718799,1788513297278,24.656252,7.2937503,-27.50625
105778137718799,1788513297288,24.45,7.2937503,-27.468752
105778147718799,1788513297298,24.431252,7.2375,-27.768751
105778157718799,1788513297308,24.6,7.4062505,-27.768751
105778167718799,1788513297318,24.562502,7.65,-27.956251
105778177718799,1788513297328,24.69375,7.74375,-27.862501
105778187718799,1788513297338,24.806252,7.8187504,-27.91875
105778197718799,1788513297348,24.7875,7.70625,-27.937502
105778207718799,1788513297358,24.487501,7.8562503,-27.91875
105778217718799,1788513297368,24.6375,7.9500003,-28.125002
105778227718799,1788513297378,24.618752,7.8375,-28.10625
105778237718799,1788513297388,24.6375,7.8,-28.125002
105778247718799,1788513297398,24.69375,7.4812503,-27.88125
105778257718799,1788513297408,24.73125,7.55625,-27.806252
105778267718799,1788513297418,24.31875,7.6125,-27.6375
105778277718799,1788513297428,24.243752,7.4812503,-27.581251
105778287718799,1788513297438,24.2625,7.3125005,-27.54375
105778297718799,1788513297448,23.98125,7.425,-27.468752
105778307718799,1788513297458,24.093752,7.4812503,-27.45
105778317718799,1788513297468,23.925001,7.2375,-27.431252
105778327718799,1788513297478,23.94375,7.3125005,-27.54375
105778337718799,1788513297488,23.8125,7.1250005,-27.73125
105778347718799,1788513297498,24.0375,6.8625,-27.73125
105778357718799,1788513297508,24.225,6.6937504,-27.956251
105778367718799,1788513297518,24.337502,6.76875,-27.993752
105778377718799,1788513297528,24.6375,6.76875,-28.050001
105778387718799,1788513297538,24.712502,6.8437505,-28.050001
105778397718799,1788513297548,24.975,6.8812504,-28.06875
105778407718799,1788513297558,25.050001,6.95625,-28.181252
105778417718799,1788513297568,25.06875,7.0687504,-28.06875
105778427718799,1788513297578,25.10625,7.275,-28.312502
105778437718799,1788513297588,24.825,7.7625003,-28.143751
105778447718799,1788513297598,24.712502,7.7250004,-28.06875
105778457718799,1788513297608,24.54375,7.70625,-28.050001
105778467718799,1788513297618,24.300001,7.65,-27.843752
105778477718799,1788513297628,24.13125,7.7625003,-28.10625
105778487718799,1788513297638,24.0375,7.6687503,-28.050001
105778497718799,1788513297648,24.150002,7.5937505,-28.2
105778507718799,1788513297658,24.150002,7.5000005,-27.937502
105778517718799,1788513297668,24.281252,7.275,-28.125002
105778527718799,1788513297678,24.31875,7.4625,-28.125002
105778537718799,1788513297688,24.2625,7.5937505,-28.312502
105778547718799,1788513297698,24.337502,7.6687503,-28.3875
105778557718799,1788513297708,24.35625,7.5375004,-27.937502
105778567718799,1788513297718,24.431252,7.6312504,-27.993752
105778577718799,1788513297728,24.31875,7.74375,-28.031252
105778587718799,1788513297738,24.581251,7.6875005,-28.143751
105778597718799,1788513297748,24.712502,7.8750005,-28.050001
105778607718799,1788513297758,24.806252,7.7812505,-27.993752
105778617718799,1788513297768,24.843752,7.7250004,-27.73125
105778627718799,1788513297778,24.843752,7.7250004,-27.900002
105778637718799,1788513297788,25.0125,7.65,-28.06875
105778647718799,1788513297798,24.88125,7.5750003,-27.993752
105778657718799,1788513297808,24.975,7.6875005,-27.956251
105778667718799,1788513297818,24.7875,7.8187504,-28.087502
105778677718799,1788513297828,24.50625,7.6312504,-27.956251
105778687718799,1788513297838,24.4125,7.4437504,-28.237501
105778697718799,1788513297848,24.35625,7.275,-28.500002
105778707718799,1788513297858,24.487501,7.275,-28.237501
105778717718799,1788513297868,24.13125,7.4812503,-28.275002
105778727718799,1788513297878,24.0375,7.5750003,-28.406252
105778737718799,1788513297888,23.94375,7.51875,-28.462502
105778747718799,1788513297898,23.8125,7.3500004,-28.181252
105778757718799,1788513297908,23.925001,7.3500004,-28.237501
105778767718799,1788513297918,23.8125,7.4062505,-28.1625
105778777718799,1788513297928,23.868752,7.70625,-28.237501
105778787718799,1788513297938,23.831251,7.6687503,-28.368752
105778797718799,1788513297948,23.98125,7.74375,-28.312502
105778807718799,1788513297958,23.98125,7.6312504,-28.10625
105778817718799,1788513297968,23.962502,7.55625,-27.843752
105778827718799,1788513297978,24.0,7.6312504,-28.181252
105778837718799,1788513297988,24.0375,7.51875,-28.500002
105778847718799,1788513297998,24.225,7.4625,-28.331251
105778857718799,1788513298008,24.35625,7.3875003,-28.237501
105778867718799,1788513298018,24.431252,7.33125,-28.518751
105778877718799,1788513298028,24.45,7.3125005,-28.593752
105778887718799,1788513298038,24.618752,7.1625004,-28.5375
105778897718799,1788513298048,24.50625,7.0687504,-28.687502
105778907718799,1788513298058,24.581251,7.2187505,-28.518751
105778917718799,1788513298068,24.73125,7.275,-28.181252
105778927718799,1788513298078,24.50625,7.3875003,-28.425001
105778937718799,1788513298088,24.525002,7.275,-28.35
105778947718799,1788513298098,24.393751,7.36875,-28.050001
105778957718799,1788513298108,24.45,7.36875,-27.91875
105778967718799,1788513298118,24.54375,7.5000005,-28.0125
105778977718799,1788513298128,24.7875,7.5375004,-28.031252
105778987718799,1788513298138,24.806252,7.425,-28.143751
105778997718799,1788513298148,24.7875,7.4625,-28.312502
105779007718799,1788513298158,25.050001,7.2562504,-28.237501
105779017718799,1788513298168,25.087502,7.1062503,-28.368752
105779027718799,1788513298178,24.993752,6.9187503,-28.368752
105779037718799,1788513298188,25.050001,6.6562505,-28.518751
105779047718799,1788513298198,24.825,6.80625,-28.706251
105779057718799,1788513298208,24.712502,6.8625,-28.687502
105779067718799,1788513298218,24.468752,6.8812504,-28.48125
105779077718799,1788513298228,24.468752,7.05,-28.331251
105779087718799,1788513298238,24.075,7.1062503,-28.1625
105779097718799,1788513298248,24.112501,7.33125,-28.10625
105779107718799,1788513298258,23.98125,7.425,-28.29375
105779117718799,1788513298268,23.85,7.5000005,-28.2
105779127718799,1788513298278,23.925001,7.4062505,-28.087502
105779137718799,1788513298288,23.90625,7.3500004,-27.975
105779147718799,1788513298298,24.0,7.275,-27.975
105779157718799,1788513298308,23.8125,7.1250005,-28.218752
105779167718799,1788513298318,24.16875,7.2375,-28.237501
105779177718799,1788513298328,24.075,7.14375,-28.050001
105779187718799,1788513298338,24.50625,7.33125,-28.050001
105779197718799,1788513298348,24.618752,7.4625,-28.10625
105779207718799,1788513298358,24.581251,7.51875,-28.181252
105779217718799,1788513298368,24.900002,7.8187504,-28.462502
105779227718799,1788513298378,25.125002,8.043751,-28.44375
105779237718799,1788513298388,25.031252,8.043751,-28.10625
105779247718799,1788513298398,25.050001,7.9875,-28.125002
105779257718799,1788513298408,25.0125,7.9875,-28.25625
105779267718799,1788513298418,24.91875,7.89375,-27.993752
105779277718799,1788513298428,24.937502,7.74375,-28.0125
105779287718799,1788513298438,25.0125,7.6875005,-27.937502
105779297718799,1788513298448,24.69375,7.33125,-27.825
105779307718799,1788513298458,24.712502,7.2937503,-27.937502
105779317718799,1788513298468,24.88125,7.3875003,-27.975
105779327718799,1788513298478,24.6375,7.4062505,-28.06875
105779337718799,1788513298488,24.675001,7.1625004,-27.843752
105779347718799,1788513298498,24.45,7.0875,-28.3875
105779357718799,1788513298508,24.35625,7.1250005,-28.35
105779367718799,1788513298518,24.4125,6.9750004,-28.35
105779377718799,1788513298528,24.50625,7.0687504,-28.312502
105779387718799,1788513298538,24.150002,7.0312505,-27.993752
105779397718799,1788513298548,24.281252,7.0875,-28.125002
105779407718799,1788513298558,24.525002,7.14375,-28.2
105779417718799,1788513298568,24.487501,7.33125,-28.575
105779427718799,1788513298578,24.487501,7.3875003,-28.10625
105779437718799,1788513298588,24.562502,7.4437504,-28.237501
105779447718799,1788513298598,24.50625,7.7812505,-28.050001
105779457718799,1788513298608,24.431252,7.8750005,-27.937502
105779467718799,1788513298618,24.581251,7.8562503,-28.35
105779477718799,1788513298628,24.431252,7.8375,-28.181252
105779487718799,1788513298638,24.300001,7.6687503,-27.91875
105779497718799,1788513298648,24.337502,7.5375004,-27.768751
105779507718799,1788513298658,24.487501,7.5000005,-27.88125
105779517718799,1788513298668,24.35625,7.5375004,-27.7875
105779527718799,1788513298678,24.431252,7.6125,-27.975
105779537718799,1788513298688,24.487501,7.51875,-28.143751
105779547718799,1788513298698,24.525002,7.425,-28.143751
105779557718799,1788513298708,24.562502,7.6687503,-28.425001
105779567718799,1788513298718,24.806252,7.7625003,-28.743752
105779577718799,1788513298728,24.69375,7.9875,-28.66875
105779587718799,1788513298738,24.73125,8.137501,-28.612501
105779597718799,1788513298748,25.050001,8.043751,-28.650002
105779607718799,1788513298758,25.06875,7.89375,-28.5375
105779617718799,1788513298768,25.087502,7.9687505,-28.518751
105779627718799,1788513298778,25.2,8.08125,-28.44375
105779637718799,1788513298788,25.06875,7.8375,-28.312502
105779647718799,1788513298798,24.862501,7.8187504,-28.087502
105779657718799,1788513298808,25.031252,7.6875005,-28.143751
105779667718799,1788513298818,24.900002,7.7625003,-28.275002
105779677718799,1788513298828,24.656252,7.8375,-28.031252
105779687718799,1788513298838,24.618752,7.5937505,-28.125002
105779697718799,1788513298848,24.581251,7.275,-28.0125
105779707718799,1788513298858,24.431252,7.2000003,-27.975
105779717718799,1788513298868,24.618752,7.0125003,-27.88125
105779727718799,1788513298878,24.6375,6.9375005,-27.825
105779737718799,1788513298888,24.45,7.0312505,-27.862501
105779747718799,1788513298898,24.487501,6.675,-27.825
105779757718799,1788513298908,24.337502,6.58125,-27.7875
105779767718799,1788513298918,24.2625,6.7500005,-27.6375
105779777718799,1788513298928,24.375002,7.0312505,-27.843752
105779787718799,1788513298938,24.487501,7.1062503,-27.862501
105779797718799,1788513298948,24.431252,7.1625004,-27.900002
105779807718799,1788513298958,24.487501,7.2937503,-28.143751
105779817718799,1788513298968,24.7875,7.3875003,-28.125002
105779827718799,1788513298978,24.806252,7.55625,-27.862501
105779837718799,1788513298988,24.900002,7.5375004,-28.181252
105779847718799,1788513298998,25.0125,7.4625,-28.25625
105779857718799,1788513299008,24.712502,7.3500004,-28.237501
105779867718799,1788513299018,24.581251,7.4625,-28.331251
105779877718799,1788513299028,24.581251,7.74375,-28.331251
105779887718799,1788513299038,24.50625,7.5937505,-28.125002
105779897718799,1788513299048,24.31875,7.425,-28.10625
105779907718799,1788513299058,24.281252,7.2937503,-28.3875
105779917718799,1788513299068,24.468752,7.425,-28.25625
105779927718799,1788513299078,24.6,7.4812503,-28.5375
105779937718799,1788513299088,24.975,7.425,-28.331251
105779947718799,1788513299098,25.10625,7.3875003,-28.181252
105779957718799,1788513299108,25.06875,7.3875003,-28.237501
105779967718799,1788513299118,25.050001,7.5000005,-28.44375
105779977718799,1788513299128,24.862501,7.5375004,-28.25625
105779987718799,1788513299138,24.900002,7.70625,-28.2
105779997718799,1788513299148,24.750002,7.6687503,-28.331251
105780007718799,1788513299158,24.656252,7.7812505,-28.050001
105780017718799,1788513299168,24.487501,7.8375,-27.975
105780027718799,1788513299178,24.54375,7.8750005,-27.937502
105780037718799,1788513299188,24.375002,7.6875005,-28.087502
105780047718799,1788513299198,24.562502,7.70625,-28.087502
105780057718799,1788513299208,24.618752,7.70625,-28.331251
105780067718799,1788513299218,24.712502,7.6687503,-28.237501
105780077718799,1788513299228,24.825,7.65,-28.125002
105780087718799,1788513299238,24.69375,7.6875005,-28.25625
105780097718799,1788513299248,24.50625,7.4062505,-28.312502
105780107718799,1788513299258,24.393751,7.3125005,-28.406252
105780117718799,1788513299268,24.4125,7.2000003,-28.25625
105780127718799,1788513299278,24.393751,7.275,-28.143751
105780137718799,1788513299288,24.581251,7.36875,-28.050001
105780147718799,1788513299298,24.562502,7.2937503,-28.06875
105780157718799,1788513299308,24.562502,7.2562504,-28.1625
105780167718799,1788513299318,24.487501,7.0875,-28.143751
105780177718799,1788513299328,24.768751,7.4812503,-28.312502
105780187718799,1788513299338,24.712502,7.5000005,-28.3875
105780197718799,1788513299348,24.843752,7.70625,-28.5375
105780207718799,1788513299358,24.750002,7.6125,-28.63125
105780217718799,1788513299368,24.562502,7.4437504,-28.837502
105780227718799,1788513299378,24.562502,7.3500004,-28.837502
105780237718799,1788513299388,24.562502,7.3500004,-28.837502
105780247718799,1788513299398,24.618752,7.3125005,-29.025002
105780257718799,1788513299408,24.50625,7.2937503,-28.968752
105780267718799,1788513299418,24.45,7.2562504,-28.875002
105780277718799,1788513299428,24.69375,7.2562504,-28.743752
105780287718799,1788513299438,24.69375,7.2562504,-28.743752
105780297718799,1788513299448,24.73125,7.4437504,-28.462502
105780307718799,1788513299458,24.768751,7.65,-28.7625
105780317718799,1788513299468,24.562502,7.70625,-28.650002
105780327718799,1788513299478,24.656252,7.8,-28.275002
105780337718799,1788513299488,24.656252,7.89375,-28.125002
105780347718799,1788513299498,24.675001,7.9125004,-27.975
105780357718799,1788513299508,24.337502,7.70625,-27.825
105780367718799,1788513299518,24.300001,7.6687503,-27.843752
105780377718799,1788513299528,24.393751,7.6125,-27.806252
105780387718799,1788513299538,24.562502,7.51875,-27.6
105780397718799,1788513299548,24.581251,7.6312504,-27.581251
105780407718799,1788513299558,24.525002,7.4812503,-27.712502
105780417718799,1788513299568,24.6,7.33125,-27.91875
105780427718799,1788513299578,24.6375,7.3125005,-28.031252
105780437718799,1788513299588,24.712502,7.55625,-28.35
105780447718799,1788513299598,24.581251,7.425,-28.275002
105780457718799,1788513299608,24.581251,7.2937503,-28.35
105780467718799,1788513299618,24.4125,7.275,-28.368752
105780477718799,1788513299628,24.487501,7.2937503,-28.44375
105780487718799,1788513299638,24.656252,7.425,-28.500002
105780497718799,1788513299648,24.45,7.6875005,-28.368752
105780507718799,1788513299658,24.750002,7.6312504,-28.425001
105780517718799,1788513299668,24.91875,7.4437504,-28.368752
105780527718799,1788513299678,24.862501,7.74375,-28.3875
105780537718799,1788513299688,24.768751,7.7812505,-28.48125
105780547718799,1788513299698,24.69375,7.7250004,-28.368752
105780557718799,1788513299708,24.618752,7.70625,-28.25625
105780567718799,1788513299718,24.431252,7.51875,-28.35
105780577718799,1788513299728,24.31875,7.33125,-28.35
105780587718799,1788513299738,23.962502,7.2937503,-28.275002
105780597718799,1788513299748,23.79375,7.2375,-28.312502
105780607718799,1788513299758,24.0,7.0875,-28.44375
105780617718799,1788513299768,24.056252,7.0125003,-28.500002
105780627718799,1788513299778,24.018751,7.2187505,-28.48125
105780637718799,1788513299788,24.056252,7.14375,-28.593752
105780647718799,1788513299798,24.093752,7.3875003,-28.462502
105780657718799,1788513299808,24.225,7.425,-28.462502
105780667718799,1788513299818,24.281252,7.7250004,-28.312502
105780677718799,1788513299828,24.16875,7.74375,-28.275002
105780687718799,1788513299838,24.093752,7.51875,-27.956251
105780697718799,1788513299848,23.868752,7.8750005,-27.862501
105780707718799,1788513299858,24.056252,7.70625,-27.88125
105780717718799,1788513299868,24.150002,7.7250004,-27.7875
105780727718799,1788513299878,24.150002,7.6687503,-27.69375
105780737718799,1788513299888,24.45,7.55625,-27.562502
105780747718799,1788513299898,24.300001,7.1625004,-27.6375
105780757718799,1788513299908,24.431252,7.36875,-27.393751
105780767718799,1788513299918,24.45,7.5375004,-27.54375
105780777718799,1788513299928,24.618752,7.425,-27.750002
105780787718799,1788513299938,24.50625,7.3125005,-27.750002
105780797718799,1788513299948,24.562502,7.2937503,-27.6375
105780807718799,1788513299958,24.6,7.275,-27.750002
105780817718799,1788513299968,24.393751,7.2937503,-27.956251
105780827718799,1788513299978,24.656252,7.4625,-28.181252
105780837718799,1788513299988,24.618752,7.36875,-28.218752
105780847718799,1788513299998,24.73125,7.36875,-28.237501
105780857718799,1788513300008,24.7875,7.275,-28.050001
105780867718799,1788513300018,24.6375,7.4437504,-28.237501
105780877718799,1788513300028,24.54375,7.2187505,-28.518751
105780887718799,1788513300038,24.468752,7.36875,-28.500002
105780897718799,1788513300048,24.581251,7.4625,-28.500002
105780907718799,1788513300058,24.73125,7.4062505,-28.29375
105780917718799,1788513300068,24.843752,7.2937503,-28.275002
105780927718799,1788513300078,24.975,7.3125005,-28.35
105780937718799,1788513300088,24.862501,7.2937503,-28.331251
105780947718799,1788513300098,25.10625,7.4437504,-28.3875
105780957718799,1788513300108,25.143751,7.6687503,-28.29375
105780967718799,1788513300118,25.087502,7.55625,-28.275002
105780977718799,1788513300128,24.843752,7.51875,-28.331251
105780987718799,1788513300138,24.562502,7.51875,-28.312502
105780997718799,1788513300148,24.581251,7.5000005,-28.48125
105781007718799,1788513300158,24.393751,7.4625,-28.35
105781017718799,1788513300168,24.50625,7.36875,-28.35
105781027718799,1788513300178,24.525002,7.3500004,-28.368752
105781037718799,1788513300188,24.487501,7.1250005,-28.3875
105781047718799,1788513300198,24.712502,7.1625004,-28.368752
105781057718799,1788513300208,24.956251,7.1250005,-28.500002
105781067718799,1788513300218,24.956251,7.0125003,-28.48125
105781077718799,1788513300228,24.900002,7.2375,-28.218752
105781087718799,1788513300238,24.862501,7.3875003,-28.425001
105781097718799,1788513300248,24.843752,7.3125005,-28.3875
105781107718799,1788513300258,24.768751,7.05,-28.181252
105781117718799,1788513300268,24.675001,7.1062503,-27.993752
105781127718799,1788513300278,24.431252,6.9,-27.91875
105781137718799,1788513300288,24.075,7.0125003,-27.900002
105781147718799,1788513300298,24.075,7.05,-27.975
105781157718799,1788513300308,24.056252,6.99375,-28.143751
105781167718799,1788513300318,24.056252,6.76875,-27.862501
105781177718799,1788513300328,24.16875,6.8437505,-27.993752
105781187718799,1788513300338,24.093752,6.8625,-27.7875
105781197718799,1788513300348,24.225,7.0312505,-27.712502
105781207718799,1788513300358,24.337502,7.3125005,-27.675001
105781217718799,1788513300368,24.562502,7.14375,-27.6375
105781227718799,1788513300378,24.6375,7.3125005,-27.73125
105781237718799,1788513300388,24.750002,7.275,-27.7875
105781247718799,1788513300398,24.750002,7.5000005,-27.88125
105781257718799,1788513300408,24.675001,7.4625,-27.900002
105781267718799,1788513300418,24.91875,7.4812503,-28.218752
105781277718799,1788513300428,24.843752,7.4062505,-28.706251
105781287718799,1788513300438,24.862501,7.2562504,-28.81875
105781297718799,1788513300448,24.862501,7.36875,-28.7625
105781307718799,1788513300458,24.862501,7.33125,-28.7625
105781317718799,1788513300468,24.862501,7.2375,-28.593752
105781327718799,1788513300478,24.956251,7.3500004,-28.593752
105781337718799,1788513300488,24.91875,7.51875,-28.5375
105781347718799,1788513300498,24.768751,7.74375,-28.331251
105781357718799,1788513300508,24.843752,7.93125,-28.181252
105781367718799,1788513300518,24.712502,7.74375,-28.125002
105781377718799,1788513300528,24.6375,7.8187504,-28.2
105781387718799,1788513300538,24.487501,7.6312504,-28.1625
105781397718799,1788513300548,24.6375,7.7812505,-28.48125
105781407718799,1788513300558,24.656252,7.5000005,-28.650002
105781417718799,1788513300568,24.487501,7.3500004,-28.725
105781427718799,1788513300578,24.45,7.1062503,-28.66875
105781437718799,1788513300588,24.45,6.9187503,-28.48125
105781447718799,1788513300598,24.393751,6.95625,-28.575
105781457718799,1788513300608,24.225,6.7875004,-28.48125
105781467718799,1788513300618,24.375002,7.1062503,-28.687502
105781477718799,1788513300628,23.94375,6.9,-28.48125
105781487718799,1788513300638,23.71875,7.1250005,-28.237501
105781497718799,1788513300648,23.868752,7.18125,-28.331251
105781507718799,1788513300658,23.925001,7.2000003,-28.593752
105781517718799,1788513300668,23.925001,7.4437504,-28.837502
105781527718799,1788513300678,24.075,7.5750003,-28.612501
105781537718799,1788513300688,24.075,7.5750003,-28.518751
105781547718799,1788513300698,23.94375,7.5937505,-28.2
105781557718799,1788513300708,24.16875,7.51875,-28.218752
105781567718799,1788513300718,24.056252,7.5375004,-28.237501
105781577718799,1788513300728,24.16875,7.6125,-28.125002
105781587718799,1788513300738,24.0375,7.9125004,-28.10625
105781597718799,1788513300748,23.98125,7.6875005,-27.993752
105781607718799,1788513300758,23.90625,7.8375,-28.218752
105781617718799,1788513300768,24.0,7.8562503,-28.3875
105781627718799,1788513300778,24.0375,7.7625003,-28.3875
105781637718799,1788513300788,24.093752,8.00625,-28.25625
105781647718799,1788513300798,24.35625,7.8562503,-28.312502
105781657718799,1788513300808,24.16875,7.7625003,-28.0125
105781667718799,1788513300818,24.206251,7.425,-27.862501
105781677718799,1788513300828,24.206251,7.2375,-27.900002
105781687718799,1788513300838,24.206251,6.9750004,-27.88125
105781697718799,1788513300848,24.35625,7.1250005,-27.6375
105781707718799,1788513300858,24.45,7.1062503,-27.900002
105781717718799,1788513300868,24.4125,7.0125003,-27.900002
105781727718799,1788513300878,24.337502,7.0875,-27.91875
105781737718799,1788513300888,24.468752,7.18125,-28.312502
105781747718799,1788513300898,24.50625,7.4437504,-28.331251
105781757718799,1788513300908,24.45,7.6687503,-28.406252
105781767718799,1788513300918,24.54375,7.7250004,-28.556252
105781777718799,1788513300928,24.6,7.70625,-28.725
105781787718799,1788513300938,24.618752,7.6875005,-28.706251
105781797718799,1788513300948,24.300001,7.7812505,-28.725
105781807718799,1788513300958,24.056252,7.8375,-28.612501
105781817718799,1788513300968,23.925001,7.74375,-28.518751
105781827718799,1788513300978,23.868752,7.4812503,-28.237501
105781837718799,1788513300988,24.075,7.6125,-28.1625
105781847718799,1788513300998,23.90625,7.7812505,-27.88125
105781857718799,1788513301008,24.0375,7.9500003,-27.956251
105781867718799,1788513301018,23.925001,7.9687505,-27.7875
105781877718799,1788513301028,24.225,7.7250004,-27.900002
105781887718799,1788513301038,24.4125,7.5937505,-28.050001
105781897718799,1788513301048,24.45,7.5000005,-27.900002
105781907718799,1788513301058,24.562502,7.8187504,-28.237501
105781917718799,1788513301068,24.54375,7.55625,-28.368752
105781927718799,1788513301078,24.768751,7.5750003,-28.462502
105781937718799,1788513301088,24.656252,7.5750003,-28.331251
105781947718799,1788513301098,24.843752,7.33125,-28.500002
105781957718799,1788513301108,24.69375,7.4812503,-28.650002
105781967718799,1788513301118,24.843752,7.5750003,-28.612501
105781977718799,1788513301128,24.956251,7.70625,-28.556252
105781987718799,1788513301138,24.862501,7.65,-28.593752
105781997718799,1788513301148,24.806252,7.8,-28.25625
105782007718799,1788513301158,24.862501,7.6687503,-28.312502
105782017718799,1788513301168,24.843752,7.5375004,-28.181252
105782027718799,1788513301178,24.937502,7.74375,-28.29375
105782037718799,1788513301188,24.937502,7.74375,-28.2
105782047718799,1788513301198,24.825,7.6875005,-28.181252
105782057718799,1788513301208,24.6,7.8187504,-28.087502
105782067718799,1788513301218,24.45,7.7250004,-28.031252
105782077718799,1788513301228,24.281252,7.7625003,-28.29375
105782087718799,1788513301238,24.150002,7.8375,-28.368752
105782097718799,1788513301248,24.31875,7.70625,-28.556252
105782107718799,1788513301258,23.962502,7.5750003,-28.331251
105782117718799,1788513301268,24.243752,7.70625,-28.29375
105782127718799,1788513301278,24.337502,7.55625,-28.143751
105782137718799,1788513301288,24.431252,7.51875,-28.312502
105782147718799,1788513301298,24.50625,7.5000005,-28.237501
105782157718799,1788513301308,24.712502,7.4625,-28.125002
105782167718799,1788513301318,24.862501,7.3500004,-28.143751
105782177718799,1788513301328,24.750002,7.425,-28.1625
105782187718799,1788513301338,24.862501,7.8562503,-28.35
105782197718799,1788513301348,24.6,7.5750003,-28.368752
105782207718799,1788513301358,24.50625,7.7250004,-28.518751
105782217718799,1788513301368,24.525002,7.4812503,-28.556252
105782227718799,1788513301378,24.69375,7.4437504,-28.650002
105782237718799,1788513301388,24.45,7.5750003,-28.85625
105782247718799,1788513301398,24.243752,7.55625,-28.743752
105782257718799,1788513301408,24.112501,7.4437504,-28.518751
105782267718799,1788513301418,24.0,7.18125,-28.237501
105782277718799,1788513301428,24.0375,7.3125005,-28.031252
105782287718799,1788513301438,24.16875,7.2562504,-27.975
105782297718799,1788513301448,24.056252,7.4625,-27.862501
105782307718799,1788513301458,23.75625,7.5750003,-27.712502
105782317718799,1788513301468,23.925001,7.55625,-27.6
105782327718799,1788513301478,24.0375,7.74375,-27.562502
105782337718799,1788513301488,24.093752,8.00625,-27.6375
105782347718799,1788513301498,24.281252,7.8187504,-27.581251
105782357718799,1788513301508,24.2625,7.8562503,-27.431252
105782367718799,1788513301518,23.98125,7.7625003,-27.618752
105782377718799,1788513301528,24.150002,7.9687505,-27.73125
105782387718799,1788513301538,24.562502,7.93125,-27.69375
105782397718799,1788513301548,24.768751,7.8375,-27.562502
105782407718799,1788513301558,24.618752,7.55625,-27.6
105782417718799,1788513301568,24.581251,7.5000005,-27.73125
105782427718799,1788513301578,24.45,7.5937505,-27.956251
105782437718799,1788513301588,24.54375,7.4625,-28.406252
105782447718799,1788513301598,24.73125,7.6312504,-28.368752
105782457718799,1788513301608,24.900002,7.4437504,-28.462502
105782467718799,1788513301618,24.73125,7.425,-28.7625
105782477718799,1788513301628,24.468752,7.5937505,-28.85625
105782487718799,1788513301638,24.69375,7.8187504,-28.95
105782497718799,1788513301648,24.768751,7.5375004,-28.95
105782507718799,1788513301658,24.900002,7.7812505,-28.781252
105782517718799,1788513301668,24.900002,7.8750005,-28.781252
105782527718799,1788513301678,24.825,7.8,-28.500002
105782537718799,1788513301688,24.50625,7.8562503,-28.368752
105782547718799,1788513301698,24.243752,7.8562503,-28.25625
105782557718799,1788513301708,24.45,7.5750003,-28.462502
105782567718799,1788513301718,24.431252,7.5000005,-28.48125
105782577718799,1788513301728,24.35625,7.6312504,-28.406252
105782587718799,1788513301738,24.300001,7.3125005,-28.462502
105782597718799,1788513301748,24.225,7.05,-28.237501
105782607718799,1788513301758,24.375002,7.2375,-28.575
105782617718799,1788513301768,24.54375,6.9,-28.612501
105782627718799,1788513301778,24.768751,6.8812504,-28.66875
105782637718799,1788513301788,24.656252,6.95625,-28.500002
105782647718799,1788513301798,24.806252,6.9750004,-28.29375
105782657718799,1788513301808,24.768751,6.9750004,-28.25625
105782667718799,1788513301818,24.862501,7.2000003,-28.35
105782677718799,1788513301828,24.862501,7.3500004,-28.500002
105782687718799,1788513301838,24.712502,7.1062503,-28.312502
105782697718799,1788513301848,24.91875,7.18125,-28.368752
105782707718799,1788513301858,24.956251,7.18125,-28.312502
105782717718799,1788513301868,24.993752,7.3125005,-28.218752
105782727718799,1788513301878,24.806252,7.3125005,-28.312502
105782737718799,1788513301888,24.862501,7.425,-28.556252
105782747718799,1788513301898,24.675001,7.2937503,-28.331251
105782757718799,1788513301908,24.69375,7.4437504,-28.29375
105782767718799,1788513301918,24.618752,7.4625,-28.275002
105782777718799,1788513301928,24.487501,7.6312504,-28.406252
105782787718799,1788513301938,24.468752,7.4625,-28.518751
105782797718799,1788513301948,24.525002,7.3500004,-28.48125
105782807718799,1788513301958,24.45,7.5000005,-28.48125
105782817718799,1788513301968,24.337502,7.3875003,-28.331251
105782827718799,1788513301978,24.35625,7.3125005,-28.63125
105782837718799,1788513301988,24.562502,7.275,-28.575
105782847718799,1788513301998,24.768751,7.2187505,-28.66875
105782857718799,1788513302008,24.69375,7.33125,-28.593752
105782867718799,1788513302018,24.675001,7.2187505,-28.5375
105782877718799,1788513302028,24.562502,7.2937503,-28.706251
105782887718799,1788513302038,24.6375,7.18125,-28.781252
105782897718799,1788513302048,24.656252,7.2937503,-28.837502
105782907718799,1788513302058,24.937502,7.3125005,-28.893751
105782917718799,1788513302068,24.50625,7.2937503,-28.968752
105782927718799,1788513302078,24.6375,7.4437504,-29.1375
105782937718799,1788513302088,24.581251,7.2937503,-29.250002
105782947718799,1788513302098,24.375002,7.6125,-29.306252
105782957718799,1788513302108,24.31875,7.55625,-29.212502
105782967718799,1788513302118,24.375002,7.65,-29.118752
105782977718799,1788513302128,24.281252,7.5937505,-29.175001
105782987718799,1788513302138,24.225,7.65,-29.1375
105782997718799,1788513302148,24.6375,7.4812503,-29.325
105783007718799,1788513302158,24.54375,7.425,-29.062502
105783017718799,1788513302168,24.50625,7.33125,-28.650002
105783027718799,1788513302178,24.843752,7.2375,-28.518751
105783037718799,1788513302188,24.73125,7.1625004,-28.725
105783047718799,1788513302198,24.750002,7.1250005,-28.612501
105783057718799,1788513302208,24.88125,7.0875,-28.63125
105783067718799,1788513302218,24.45,7.14375,-28.48125
105783077718799,1788513302228,24.187502,7.2562504,-28.29375
105783087718799,1788513302238,24.16875,7.2375,-28.368752
105783097718799,1788513302248,24.0375,7.4062505,-28.650002
105783107718799,1788513302258,23.8875,7.3125005,-28.63125
105783117718799,1788513302268,24.243752,7.4437504,-28.25625
105783127718799,1788513302278,23.962502,7.4062505,-28.181252
105783137718799,1788513302288,24.150002,7.4062505,-28.087502
105783147718799,1788513302298,24.375002,7.2375,-28.25625
105783157718799,1788513302308,24.45,7.3125005,-28.181252
105783167718799,1788513302318,24.375002,7.3500004,-28.218752
105783177718799,1788513302328,24.6,7.2562504,-28.125002
105783187718799,1788513302338,24.73125,7.4062505,-28.2
105783197718799,1788513302348,24.525002,7.4437504,-28.181252
105783207718799,1788513302358,24.69375,7.5000005,-28.593752
105783217718799,1788513302368,24.300001,7.5000005,-28.44375
105783227718799,1788513302378,24.393751,7.4437504,-28.44375
105783237718799,1788513302388,24.468752,7.425,-28.425001
105783247718799,1788513302398,24.54375,7.55625,-28.462502
105783257718799,1788513302408,24.431252,7.5750003,-28.575
105783267718799,1788513302418,24.525002,7.425,-28.687502
105783277718799,1788513302428,24.50625,7.275,-29.04375
105783287718799,1788513302438,24.525002,7.2562504,-28.800001
105783297718799,1788513302448,24.618752,7.1625004,-28.968752
105783307718799,1788513302458,24.675001,7.4062505,-28.9125
105783317718799,1788513302468,24.618752,7.5000005,-29.04375
105783327718799,1788513302478,24.431252,7.6687503,-28.893751
105783337718799,1788513302488,24.656252,7.6875005,-28.893751
105783347718799,1788513302498,24.45,7.7812505,-28.95
105783357718799,1788513302508,24.6,7.74375,-28.893751
105783367718799,1788513302518,24.618752,7.6312504,-29.00625
105783377718799,1788513302528,24.656252,7.8375,-29.062502
105783387718799,1788513302538,24.618752,7.6125,-28.968752
105783397718799,1788513302548,24.50625,7.425,-28.66875
105783407718799,1788513302558,24.6375,7.1062503,-28.725
105783417718799,1788513302568,24.431252,7.1625004,-28.425001
105783427718799,1788513302578,24.6375,7.2562504,-28.181252
105783437718799,1788513302588,24.581251,7.425,-28.087502
105783447718799,1788513302598,24.581251,7.425,-27.993752
105783457718799,1788513302608,24.69375,7.1625004,-27.862501
105783467718799,1788513302618,24.73125,7.3125005,-27.993752
105783477718799,1788513302628,24.993752,7.2937503,-28.35
105783487718799,1788513302638,24.900002,7.3500004,-28.44375
105783497718799,1788513302648,24.825,7.4625,-28.781252
105783507718799,1788513302658,24.581251,7.5375004,-28.893751
105783517718799,1788513302668,24.393751,7.4812503,-28.95
105783527718799,1788513302678,24.468752,7.4062505,-28.987501
105783537718799,1788513302688,24.431252,7.4062505,-29.04375
105783547718799,1788513302698,24.300001,7.4062505,-28.81875
105783557718799,1788513302708,24.150002,7.3500004,-28.85625
105783567718799,1788513302718,24.375002,7.3500004,-28.800001
105783577718799,1788513302728,24.618752,7.0875,-28.893751
105783587718799,1788513302738,24.6375,7.0125003,-28.9125
105783597718799,1788513302748,24.712502,7.05,-29.062502
105783607718799,1788513302758,24.6,7.14375,-29.04375
105783617718799,1788513302768,24.6375,7.36875,-29.156252
105783627718799,1788513302778,24.656252,7.55625,-29.23125
105783637718799,1788513302788,24.712502,7.65,-29.1
105783647718799,1788513302798,24.525002,7.5000005,-29.081251
105783657718799,1788513302808,24.243752,7.7250004,-28.893751
105783667718799,1788513302818,24.4125,7.55625,-28.743752
105783677718799,1788513302828,24.393751,7.3125005,-28.800001
105783687718799,1788513302838,24.206251,7.33125,-28.650002
105783697718799,1788513302848,24.075,7.2375,-28.612501
105783707718799,1788513302858,24.2625,7.2937503,-28.66875
105783717718799,1788513302868,24.093752,7.2000003,-28.48125
105783727718799,1788513302878,24.093752,7.3875003,-28.687502
105783737718799,1788513302888,24.31875,7.3500004,-28.687502
105783747718799,1788513302898,23.94375,7.33125,-28.706251
105783757718799,1788513302908,24.018751,7.4625,-28.500002
105783767718799,1788513302918,24.206251,7.5750003,-28.837502
105783777718799,1788513302928,24.187502,7.4625,-28.85625
105783787718799,1788513302938,24.0,7.1625004,-28.706251
105783797718799,1788513302948,24.093752,7.2187505,-28.575
105783807718799,1788513302958,24.187502,7.2375,-28.44375
105783817718799,1788513302968,23.98125,7.1062503,-28.48125
105783827718799,1788513302978,24.337502,7.1250005,-28.462502
105783837718799,1788513302988,24.393751,7.33125,-28.425001
105783847718799,1788513302998,24.45,7.425,-28.181252
105783857718799,1788513303008,24.487501,7.33125,-28.050001
105783867718799,1788513303018,24.300001,7.3875003,-28.10625
105783877718799,1788513303028,24.4125,7.4812503,-28.331251
105783887718799,1788513303038,24.45,7.4812503,-28.237501
105783897718799,1788513303048,24.562502,7.55625,-28.2
105783907718799,1788513303058,24.431252,7.74375,-28.237501
105783917718799,1788513303068,24.375002,7.5375004,-28.125002
105783927718799,1788513303078,24.581251,7.33125,-27.91875
105783937718799,1788513303088,24.825,7.6125,-27.862501
105783947718799,1788513303098,24.993752,7.5937505,-27.956251
105783957718799,1788513303108,25.031252,7.8,-27.975
105783967718799,1788513303118,25.0125,7.8187504,-27.993752
105783977718799,1788513303128,24.900002,7.93125,-28.125002
105783987718799,1788513303138,24.937502,7.9875,-28.29375
105783997718799,1788513303148,24.7875,8.1,-28.44375
105784007718799,1788513303158,24.618752,8.025001,-28.800001
105784017718799,1788513303168,24.4125,7.9875,-28.800001
105784027718799,1788513303178,24.45,8.19375,-28.968752
105784037718799,1788513303188,24.337502,8.08125,-28.931252
105784047718799,1788513303198,24.2625,8.0625,-28.95
105784057718799,1788513303208,24.54375,7.9500003,-28.687502
105784067718799,1788513303218,24.431252,7.9687505,-28.518751
105784077718799,1788513303228,24.581251,7.93125,-28.462502
105784087718799,1788513303238,24.50625,8.0625,-28.575
105784097718799,1788513303248,24.50625,7.8375,-28.85625
105784107718799,1788513303258,24.69375,7.6687503,-28.81875
105784117718799,1788513303268,24.712502,7.5937505,-28.837502
105784127718799,1788513303278,24.975,7.425,-28.9125
105784137718799,1788513303288,24.862501,7.5937505,-29.250002
105784147718799,1788513303298,24.862501,7.4437504,-29.250002
105784157718799,1788513303308,24.768751,7.2937503,-29.250002
105784167718799,1788513303318,24.675001,7.275,-29.212502
105784177718799,1788513303328,24.806252,7.55625,-28.987501
105784187718799,1788513303338,24.69375,7.5937505,-28.81875
105784197718799,1788513303348,24.900002,7.6125,-28.9125
105784207718799,1788513303358,24.712502,7.7250004,-28.875002
105784217718799,1788513303368,24.768751,7.4625,-28.612501
105784227718799,1788513303378,24.843752,7.4062505,-28.593752
105784237718799,1788513303388,24.900002,7.4437504,-28.9125
105784247718799,1788513303398,25.087502,7.4812503,-28.81875
105784257718799,1788513303408,24.862501,7.33125,-28.800001
105784267718799,1788513303418,24.88125,7.4625,-28.95
105784277718799,1788513303428,24.806252,7.4437504,-29.1
105784287718799,1788513303438,24.712502,7.65,-29.1375
105784297718799,1788513303448,24.54375,7.6687503,-29.250002
105784307718799,1788513303458,24.487501,7.70625,-29.38125
105784317718799,1788513303468,24.375002,7.6312504,-29.025002
105784327718799,1788513303478,24.431252,7.5000005,-29.062502
105784337718799,1788513303488,24.69375,7.425,-29.118752
105784347718799,1788513303498,24.862501,7.275,-29.081251
105784357718799,1788513303508,24.750002,7.51875,-28.968752
105784367718799,1788513303518,24.993752,7.1250005,-28.650002
105784377718799,1788513303528,25.0125,7.2375,-28.66875
105784387718799,1788513303538,24.937502,7.2375,-28.462502
105784397718799,1788513303548,25.087502,7.2937503,-28.500002
105784407718799,1788513303558,24.843752,7.4062505,-28.312502
105784417718799,1788513303568,24.50625,7.4625,-28.25625
105784427718799,1788513303578,24.16875,7.5375004,-28.2
105784437718799,1788513303588,24.112501,7.4437504,-28.2
105784447718799,1788513303598,23.85,7.6687503,-28.462502
105784457718799,1788513303608,23.85,7.7250004,-28.331251
105784467718799,1788513303618,23.94375,7.8750005,-28.3875
105784477718799,1788513303628,23.962502,7.8,-28.35
105784487718799,1788513303638,24.13125,7.7250004,-28.462502
105784497718799,1788513303648,24.31875,7.8,-28.556252
105784507718799,1788513303658,24.393751,7.8187504,-28.44375
105784517718799,1788513303668,24.487501,7.5375004,-28.500002
105784527718799,1788513303678,24.468752,7.51875,-28.63125
105784537718799,1788513303688,24.393751,7.3125005,-28.650002
105784547718799,1788513303698,24.337502,7.1062503,-28.593752
105784557718799,1788513303708,24.281252,7.1625004,-28.63125
105784567718799,1788513303718,24.243752,7.1250005,-28.500002
105784577718799,1788513303728,24.2625,7.0875,-28.35
105784587718799,1788513303738,24.243752,7.1062503,-28.575
105784597718799,1788513303748,24.056252,7.2937503,-28.3875
105784607718799,1788513303758,24.112501,7.2937503,-28.237501
105784617718799,1788513303768,24.375002,7.2562504,-28.218752
105784627718799,1788513303778,24.50625,7.3875003,-28.125002
105784637718799,1788513303788,24.618752,7.51875,-28.125002
105784647718799,1788513303798,24.806252,7.55625,-28.462502
105784657718799,1788513303808,24.900002,7.425,-28.556252
105784667718799,1788513303818,24.806252,7.33125,-28.368752
105784677718799,1788513303828,24.937502,7.2937503,-28.556252
105784687718799,1788513303838,24.88125,7.1250005,-28.425001
105784697718799,1788513303848,24.825,7.2187505,-28.425001
105784707718799,1788513303858,24.73125,7.55625,-28.706251
105784717718799,1788513303868,24.54375,7.51875,-28.593752
105784727718799,1788513303878,24.2625,7.4625,-28.500002
105784737718799,1788513303888,24.075,7.5750003,-28.35
105784747718799,1788513303898,24.375002,7.7625003,-28.3875
105784757718799,1788513303908,24.35625,7.4625,-28.312502
105784767718799,1788513303918,24.54375,7.70625,-28.500002
105784777718799,1788513303928,24.50625,7.6125,-28.593752
105784787718799,1788513303938,24.656252,7.18125,-28.518751
105784797718799,1788513303948,24.750002,7.14375,-28.425001
105784807718799,1788513303958,24.487501,7.1625004,-28.406252
105784817718799,1788513303968,24.487501,7.3500004,-28.368752
105784827718799,1788513303978,24.393751,7.2562504,-28.237501
105784837718799,1788513303988,24.393751,7.6125,-28.406252
105784847718799,1788513303998,24.54375,7.70625,-28.25625
105784857718799,1788513304008,24.468752,7.8750005,-28.312502
105784867718799,1788513304018,24.393751,7.93125,-28.2
105784877718799,1788513304028,24.487501,7.89375,-28.29375
105784887718799,1788513304038,24.862501,8.043751,-28.25625
105784897718799,1788513304048,25.2,7.6687503,-28.29375
105784907718799,1788513304058,25.031252,7.5750003,-28.500002
105784917718799,1788513304068,25.2,7.4812503,-28.29375
105784927718799,1788513304078,24.956251,7.275,-28.368752
105784937718799,1788513304088,25.031252,7.3875003,-28.1625
105784947718799,1788513304098,24.993752,7.33125,-28.2
105784957718799,1788513304108,24.91875,7.4062505,-28.312502
105784967718799,1788513304118,24.88125,7.275,-27.975
105784977718799,1788513304128,24.768751,7.3500004,-28.275002
105784987718799,1788513304138,24.91875,7.4062505,-28.406252
105784997718799,1788513304148,24.768751,7.4062505,-28.500002
105785007718799,1788513304158,24.675001,7.6125,-28.48125
105785017718799,1788513304168,24.69375,7.5750003,-28.275002
105785027718799,1788513304178,24.656252,7.74375,-28.25625
105785037718799,1788513304188,24.69375,7.8187504,-28.331251
105785047718799,1788513304198,24.750002,7.8562503,-28.743752
105785057718799,1788513304208,24.656252,8.025001,-28.650002
105785067718799,1788513304218,24.6,7.8375,-28.687502
105785077718799,1788513304228,24.562502,7.74375,-28.63125
105785087718799,1788513304238,24.825,7.5750003,-28.66875
105785097718799,1788513304248,24.581251,7.425,-29.04375
105785107718799,1788513304258,24.487501,7.275,-29.325
105785117718799,1788513304268,24.4125,7.2000003,-29.343752
105785127718799,1788513304278,24.13125,7.2937503,-29.2875
105785137718799,1788513304288,24.2625,7.33125,-29.38125
105785147718799,1788513304298,24.45,7.5750003,-29.2875
105785157718799,1788513304308,24.50625,7.6312504,-29.04375
105785167718799,1788513304318,24.45,7.70625,-29.04375
105785177718799,1788513304328,24.525002,7.4812503,-29.025002
105785187718799,1788513304338,24.468752,7.3875003,-28.837502
105785197718799,1788513304348,24.562502,7.2937503,-28.650002
105785207718799,1788513304358,24.6,7.2562504,-28.406252
105785217718799,1788513304368,24.375002,7.1062503,-28.143751
105785227718799,1788513304378,24.281252,7.0125003,-28.050001
105785237718799,1788513304388,24.31875,6.8625,-28.29375
105785247718799,1788513304398,24.300001,6.61875,-28.29375
105785257718799,1788513304408,24.337502,7.05,-28.25625
105785267718799,1788513304418,24.431252,7.36875,-28.29375
105785277718799,1788513304428,24.45,7.5750003,-28.425001
105785287718799,1788513304438,24.50625,7.425,-28.612501
105785297718799,1788513304448,24.431252,7.4062505,-28.837502
105785307718799,1788513304458,24.31875,7.3500004,-28.95
105785317718799,1788513304468,24.2625,7.3500004,-29.1375
105785327718799,1788513304478,24.056252,7.6125,-29.118752
105785337718799,1788513304488,24.300001,7.425,-29.212502
105785347718799,1788513304498,24.16875,7.14375,-29.118752
105785357718799,1788513304508,24.0375,7.1062503,-29.118752
105785367718799,1788513304518,24.0,7.3500004,-29.118752
105785377718799,1788513304528,24.187502,7.4812503,-29.062502
105785387718799,1788513304538,24.0375,7.65,-28.837502
105785397718799,1788513304548,23.868752,7.9500003,-28.612501
105785407718799,1788513304558,23.868752,7.8187504,-28.575
105785417718799,1788513304568,23.71875,7.8750005,-28.331251
105785427718799,1788513304578,23.98125,7.8187504,-28.312502
105785437718799,1788513304588,24.075,7.9125004,-28.368752
105785447718799,1788513304598,24.018751,7.8562503,-28.2
105785457718799,1788513304608,23.94375,7.8750005,-28.031252
105785467718799,1788513304618,24.243752,7.89375,-28.237501
105785477718799,1788513304628,24.431252,7.74375,-28.1625
105785487718799,1788513304638,24.581251,7.65,-28.29375
105785497718799,1788513304648,24.618752,7.6312504,-28.368752
105785507718799,1788513304658,24.50625,7.89375,-28.63125
105785517718799,1788513304668,24.431252,7.6312504,-28.425001
105785527718799,1788513304678,24.431252,7.5375004,-28.687502
105785537718799,1788513304688,24.562502,7.70625,-28.725
105785547718799,1788513304698,24.525002,7.5375004,-28.556252
105785557718799,1788513304708,24.525002,7.5937505,-28.650002
105785567718799,1788513304718,24.393751,7.51875,-28.7625
105785577718799,1788513304728,24.4125,7.4437504,-28.781252
105785587718799,1788513304738,24.300001,7.3125005,-28.800001
105785597718799,1788513304748,24.281252,7.33125,-29.1
105785607718799,1788513304758,24.618752,7.14375,-28.7625
105785617718799,1788513304768,24.487501,6.8812504,-28.650002
105785627718799,1788513304778,24.2625,6.80625,-28.66875
105785637718799,1788513304788,24.225,6.9,-28.575
105785647718799,1788513304798,24.4125,6.9,-28.462502
105785657718799,1788513304808,24.16875,6.9,-28.35
105785667718799,1788513304818,24.35625,6.6000004,-28.143751
105785677718799,1788513304828,24.487501,6.61875,-28.0125
105785687718799,1788513304838,24.281252,6.80625,-28.218752
105785697718799,1788513304848,24.35625,6.7500005,-28.368752
105785707718799,1788513304858,24.525002,6.9,-28.518751
105785717718799,1788513304868,24.581251,6.7875004,-28.593752
105785727718799,1788513304878,24.50625,6.9187503,-28.687502
105785737718799,1788513304888,24.675001,6.99375,-28.95
105785747718799,1788513304898,24.6,7.3875003,-29.268751
105785757718799,1788513304908,24.675001,7.7250004,-29.306252
105785767718799,1788513304918,24.750002,7.8562503,-29.550001
105785777718799,1788513304928,24.768751,7.9687505,-29.56875
105785787718799,1788513304938,24.768751,7.9687505,-29.60625
105785797718799,1788513304948,24.825,8.00625,-29.718752
105785807718799,1788513304958,24.7875,8.175,-29.718752
105785817718799,1788513304968,24.937502,8.1,-29.6625
105785827718799,1788513304978,24.91875,7.89375,-29.456251
105785837718799,1788513304988,24.618752,7.5937505,-29.5125
105785847718799,1788513304998,24.618752,7.425,-29.118752
105785857718799,1788513305008,24.675001,7.425,-29.025002
105785867718799,1788513305018,24.6375,7.3500004,-28.81875
105785877718799,1788513305028,24.675001,7.33125,-28.462502
105785887718799,1788513305038,24.768751,7.2000003,-28.312502
105785897718799,1788513305048,24.6375,7.2562504,-28.3875
105785907718799,1788513305058,24.712502,7.425,-28.44375
105785917718799,1788513305068,24.88125,7.3500004,-28.312502
105785927718799,1788513305078,24.88125,7.3500004,-28.575
105785937718799,1788513305088,24.88125,7.18125,-28.63125
105785947718799,1788513305098,24.88125,7.275,-28.7625
105785957718799,1788513305108,24.73125,7.1625004,-28.85625
105785967718799,1788513305118,24.73125,7.1625004,-28.725
105785977718799,1788513305128,24.675001,7.2937503,-28.706251
105785987718799,1788513305138,24.656252,7.36875,-28.743752
105785997718799,1788513305148,24.656252,7.36875,-28.706251
105786007718799,1788513305158,24.73125,7.5375004,-28.593752
105786017718799,1788513305168,24.806252,7.51875,-28.81875
105786027718799,1788513305178,24.712502,7.33125,-28.612501
105786037718799,1788513305188,24.956251,7.5375004,-28.875002
105786047718799,1788513305198,25.1625,7.33125,-28.987501
105786057718799,1788513305208,25.031252,7.2937503,-28.85625
105786067718799,1788513305218,24.993752,7.2562504,-28.706251
105786077718799,1788513305228,25.050001,7.1625004,-28.650002
105786087718799,1788513305238,24.843752,7.18125,-28.725
105786097718799,1788513305248,24.6,7.1062503,-28.593752
105786107718799,1788513305258,24.69375,7.2000003,-28.781252
105786117718799,1788513305268,24.618752,7.1625004,-28.706251
105786127718799,1788513305278,24.50625,7.3125005,-28.63125
105786137718799,1788513305288,24.487501,7.2000003,-28.612501
105786147718799,1788513305298,24.468752,7.2562504,-28.500002
105786157718799,1788513305308,24.45,7.36875,-28.7625
105786167718799,1788513305318,24.6375,7.33125,-28.706251
105786177718799,1788513305328,24.6375,7.5937505,-28.63125
105786187718799,1788513305338,24.712502,7.5750003,-28.425001
105786197718799,1788513305348,24.618752,7.55625,-28.462502
105786207718799,1788513305358,24.525002,7.4625,-28.612501
105786217718799,1788513305368,24.768751,7.5000005,-28.593752
105786227718799,1788513305378,25.031252,7.3500004,-28.687502
105786237718799,1788513305388,25.087502,7.275,-28.462502
105786247718799,1788513305398,24.993752,7.0687504,-28.63125
105786257718799,1788513305408,25.087502,6.9750004,-28.837502
105786267718799,1788513305418,25.031252,7.1250005,-28.9125
105786277718799,1788513305428,24.975,7.18125,-28.66875
105786287718799,1788513305438,24.956251,7.3500004,-28.593752
105786297718799,1788513305448,24.88125,7.2937503,-28.706251
105786307718799,1788513305458,24.6,7.33125,-28.987501
105786317718799,1788513305468,24.487501,7.275,-28.9125
105786327718799,1788513305478,24.4125,7.5375004,-28.63125
105786337718799,1788513305488,24.337502,7.6125,-28.612501
105786347718799,1788513305498,24.375002,7.55625,-28.593752
105786357718799,1788513305508,24.562502,7.4812503,-28.687502
105786367718799,1788513305518,24.6,7.5375004,-28.875002
105786377718799,1788513305528,24.525002,7.5000005,-28.800001
105786387718799,1788513305538,24.187502,7.4625,-28.518751
105786397718799,1788513305548,24.112501,7.5750003,-28.5375
105786407718799,1788513305558,24.281252,7.425,-28.650002
105786417718799,1788513305568,24.337502,7.2562504,-28.612501
105786427718799,1788513305578,24.35625,7.2187505,-28.81875
105786437718799,1788513305588,24.018751,7.275,-28.687502
105786447718799,1788513305598,23.94375,7.1062503,-28.575
105786457718799,1788513305608,23.90625,7.1062503,-28.5375
105786467718799,1788513305618,24.393751,7.0687504,-28.800001
105786477718799,1788513305628,24.656252,7.2375,-28.743752
105786487718799,1788513305638,24.562502,7.1062503,-28.706251
105786497718799,1788513305648,24.45,7.275,-28.743752
105786507718799,1788513305658,24.225,7.3500004,-28.500002
105786517718799,1788513305668,24.562502,6.95625,-28.612501
105786527718799,1788513305678,24.50625,7.0687504,-28.406252
105786537718799,1788513305688,24.337502,7.2187505,-28.48125
105786547718799,1788513305698,24.431252,7.18125,-28.406252
105786557718799,1788513305708,24.337502,7.1250005,-28.687502
105786567718799,1788513305718,24.45,7.1625004,-28.7625
105786577718799,1788513305728,24.656252,7.18125,-28.5375
105786587718799,1788513305738,24.937502,7.1062503,-28.687502
105786597718799,1788513305748,24.656252,7.4625,-28.63125
105786607718799,1788513305758,24.6375,7.5750003,-28.612501
105786617718799,1788513305768,24.993752,7.5000005,-28.63125
105786627718799,1788513305778,24.843752,7.6875005,-28.25625
105786637718799,1788513305788,24.843752,7.6875005,-28.10625
105786647718799,1788513305798,24.806252,7.7812505,-28.237501
105786657718799,1788513305808,24.7875,7.7625003,-28.406252
105786667718799,1788513305818,24.656252,7.74375,-28.500002
105786677718799,1788513305828,24.69375,7.6125,-28.725
105786687718799,1788513305838,24.750002,7.6125,-28.968752
105786697718799,1788513305848,24.750002,7.6125,-29.00625
105786707718799,1788513305858,24.768751,7.5375004,-29.2875
105786717718799,1788513305868,24.7875,7.5000005,-29.1375
105786727718799,1788513305878,24.6375,7.6687503,-28.81875
105786737718799,1788513305888,24.468752,7.7625003,-28.612501
105786747718799,1788513305898,24.50625,7.9125004,-28.462502
105786757718799,1788513305908,24.50625,7.9500003,-28.312502
105786767718799,1788513305918,24.487501,7.93125,-28.2
105786777718799,1788513305928,24.4125,8.15625,-27.91875
105786787718799,1788513305938,24.393751,8.231251,-27.900002
105786797718799,1788513305948,24.45,8.08125,-27.843752
105786807718799,1788513305958,24.6,8.025001,-28.10625
105786817718799,1788513305968,24.675001,7.9500003,-28.368752
105786827718799,1788513305978,24.54375,7.7625003,-28.2
105786837718799,1788513305988,24.581251,7.8187504,-28.2
105786847718799,1788513305998,24.618752,7.9125004,-28.518751
105786857718799,1788513306008,24.337502,7.7250004,-28.800001
105786867718799,1788513306018,24.337502,7.7250004,-28.650002
105786877718799,1788513306028,24.150002,7.7625003,-28.875002
105786887718799,1788513306038,24.243752,7.8562503,-28.687502
105786897718799,1788513306048,24.075,7.74375,-28.462502
105786907718799,1788513306058,24.206251,8.043751,-28.706251
105786917718799,1788513306068,24.31875,8.025001,-28.781252
105786927718799,1788513306078,24.393751,7.8375,-28.462502
105786937718799,1788513306088,24.6,7.7625003,-28.48125
105786947718799,1788513306098,24.50625,7.70625,-28.575
105786957718799,1788513306108,24.6,7.93125,-28.5375
105786967718799,1788513306118,24.50625,7.93125,-28.575
105786977718799,1788513306128,24.618752,8.15625,-28.650002
105786987718799,1788513306138,24.581251,8.043751,-28.462502
105786997718799,1788513306148,24.487501,8.118751,-28.29375
105787007718799,1788513306158,24.31875,8.08125,-28.181252
105787017718799,1788513306168,24.2625,8.25,-27.937502
105787027718799,1788513306178,24.2625,8.2875,-27.843752
105787037718799,1788513306188,24.487501,8.212501,-27.88125
105787047718799,1788513306198,24.4125,7.89375,-27.843752
105787057718799,1788513306208,24.4125,7.8,-27.750002
105787067718799,1788513306218,24.54375,7.7250004,-27.937502
105787077718799,1788513306228,24.6,7.8187504,-27.937502
105787087718799,1788513306238,24.581251,7.70625,-28.312502
105787097718799,1788513306248,24.525002,7.6125,-28.35
105787107718799,1788513306258,24.562502,7.3500004,-28.593752
105787117718799,1788513306268,24.4125,7.2187505,-28.35
105787127718799,1788513306278,24.487501,7.33125,-28.406252
105787137718799,1788513306288,24.675001,7.2187505,-28.687502
105787147718799,1788513306298,24.656252,7.2000003,-28.575
105787157718799,1788513306308,24.525002,7.0312505,-28.687502
105787167718799,1788513306318,24.69375,7.18125,-28.725
105787177718799,1788513306328,24.843752,7.2375,-28.781252
105787187718799,1788513306338,24.750002,7.3500004,-28.781252
105787197718799,1788513306348,24.50625,7.4625,-28.85625
105787207718799,1788513306358,24.50625,7.6312504,-28.81875
105787217718799,1788513306368,24.2625,7.7250004,-28.63125
105787227718799,1788513306378,24.225,7.70625,-28.500002
105787237718799,1788513306388,24.112501,7.6875005,-28.3875
105787247718799,1788513306398,24.13125,7.4812503,-28.25625
105787257718799,1788513306408,24.150002,7.4625,-28.3875
105787267718799,1788513306418,24.150002,7.425,-28.275002
105787277718799,1788513306428,24.35625,7.425,-28.44375
105787287718799,1788513306438,24.2625,7.425,-28.63125
105787297718799,1788513306448,24.2625,7.51875,-28.7625
105787307718799,1788513306458,24.13125,7.6687503,-29.062502
105787317718799,1788513306468,24.112501,7.7625003,-28.95
105787327718799,1788513306478,23.90625,7.6875005,-28.687502
105787337718799,1788513306488,23.925001,7.6687503,-28.66875
105787347718799,1788513306498,24.13125,7.6875005,-28.687502
105787357718799,1788513306508,24.0375,7.6875005,-28.781252
105787367718799,1788513306518,24.243752,7.5937505,-28.575
105787377718799,1788513306528,24.393751,7.5000005,-28.312502
105787387718799,1788513306538,24.468752,7.275,-28.218752
105787397718799,1788513306548,24.937502,7.2187505,-28.44375
105787407718799,1788513306558,25.125002,7.4062505,-28.593752
105787417718799,1788513306568,25.125002,7.5375004,-28.687502
105787427718799,1788513306578,25.031252,7.6312504,-28.5375
105787437718799,1788513306588,24.843752,7.6875005,-28.650002
105787447718799,1788513306598,24.750002,7.6312504,-28.575
105787457718799,1788513306608,24.562502,7.6125,-28.706251
105787467718799,1788513306618,24.468752,7.425,-28.743752
105787477718799,1788513306628,24.31875,7.51875,-28.706251
105787487718799,1788513306638,24.13125,7.4625,-28.66875
105787497718799,1788513306648,23.831251,7.2000003,-28.575
105787507718799,1788513306658,23.71875,7.3125005,-28.612501
105787517718799,1788513306668,24.187502,7.2187505,-28.612501
105787527718799,1788513306678,24.206251,7.36875,-28.66875
105787537718799,1788513306688,24.581251,7.4062505,-28.837502
105787547718799,1788513306698,24.937502,7.6875005,-28.968752
105787557718799,1788513306708,24.91875,7.6687503,-29.04375
105787567718799,1788513306718,24.91875,7.51875,-29.081251
105787577718799,1788513306728,24.937502,7.5937505,-28.9125
105787587718799,1788513306738,25.087502,7.3875003,-29.025002
105787597718799,1788513306748,24.956251,7.2937503,-28.837502
105787607718799,1788513306758,24.88125,7.2562504,-28.837502
105787617718799,1788513306768,24.581251,7.0687504,-28.800001
105787627718799,1788513306778,24.487501,7.05,-28.3875
105787637718799,1788513306788,24.393751,6.95625,-28.218752
105787647718799,1788513306798,24.525002,7.2375,-28.143751
105787657718799,1788513306808,24.73125,7.36875,-28.1625
105787667718799,1788513306818,24.675001,7.425,-28.143751
105787677718799,1788513306828,24.35625,7.36875,-28.031252
105787687718799,1788513306838,24.431252,7.4062505,-28.031252
105787697718799,1788513306848,24.431252,7.4625,-27.88125
105787707718799,1788513306858,24.31875,7.55625,-28.06875
105787717718799,1788513306868,24.393751,7.8187504,-28.087502
105787727718799,1788513306878,24.468752,7.7250004,-28.1625
105787737718799,1788513306888,24.431252,7.6687503,-27.993752
105787747718799,1788513306898,24.393751,7.7812505,-27.91875
105787757718799,1788513306908,24.675001,7.89375,-27.825
105787767718799,1788513306918,24.581251,7.70625,-27.956251
105787777718799,1788513306928,24.656252,7.7812505,-28.031252
105787787718799,1788513306938,24.675001,7.6687503,-27.91875
105787797718799,1788513306948,24.69375,7.425,-27.91875
105787807718799,1788513306958,24.50625,7.5375004,-27.993752
105787817718799,1788513306968,24.45,7.5750003,-28.35
105787827718799,1788513306978,24.45,7.4812503,-28.218752
105787837718799,1788513306988,24.337502,7.55625,-28.29375
105787847718799,1788513306998,24.525002,7.5937505,-28.1625
105787857718799,1788513307008,24.468752,7.36875,-28.275002
105787867718799,1788513307018,24.35625,7.55625,-28.368752
105787877718799,1788513307028,24.16875,7.5937505,-28.462502
105787887718799,1788513307038,24.375002,7.5000005,-28.35
105787897718799,1788513307048,24.45,7.4812503,-28.237501
105787907718799,1788513307058,24.431252,7.5000005,-28.29375
105787917718799,1788513307068,24.45,7.6687503,-28.462502
105787927718799,1788513307078,24.150002,7.7625003,-28.425001
105787937718799,1788513307088,24.225,8.231251,-28.237501
105787947718799,1788513307098,24.2625,8.08125,-28.368752
105787957718799,1788513307108,24.431252,8.19375,-28.312502
105787967718799,1788513307118,24.337502,8.2875,-28.25625
105787977718799,1788513307128,24.4125,8.175,-28.275002
105787987718799,1788513307138,24.525002,8.118751,-28.29375
105787997718799,1788513307148,24.562502,7.93125,-28.2
105788007718799,1788513307158,24.656252,7.89375,-28.29375
105788017718799,1788513307168,24.656252,7.4625,-28.181252
105788027718799,1788513307178,24.73125,7.2187505,-28.10625
105788037718799,1788513307188,24.6375,7.3125005,-28.237501
105788047718799,1788513307198,24.6375,7.1250005,-28.331251
105788057718799,1788513307208,24.525002,7.0312505,-28.218752
105788067718799,1788513307218,24.431252,7.2187505,-28.312502
105788077718799,1788513307228,24.487501,7.0875,-28.331251
105788087718799,1788513307238,24.956251,7.0125003,-28.1625
105788097718799,1788513307248,24.993752,7.0312505,-28.35
105788107718799,1788513307258,25.031252,7.1625004,-28.143751
105788117718799,1788513307268,25.125002,7.0875,-27.900002
105788127718799,1788513307278,25.29375,7.1625004,-27.825
105788137718799,1788513307288,25.331251,7.33125,-27.900002
105788147718799,1788513307298,25.2,7.1250005,-27.88125
105788157718799,1788513307308,25.275002,7.275,-27.91875
105788167718799,1788513307318,24.91875,7.4625,-28.125002
105788177718799,1788513307328,24.956251,7.55625,-28.06875
105788187718799,1788513307338,24.956251,7.36875,-28.1625
105788197718799,1788513307348,24.862501,7.18125,-28.29375
105788207718799,1788513307358,24.993752,7.275,-28.29375
105788217718799,1788513307368,25.181252,7.1250005,-28.312502
105788227718799,1788513307378,25.312502,7.33125,-28.1625
105788237718799,1788513307388,25.050001,7.425,-27.956251
105788247718799,1788513307398,25.06875,7.3125005,-27.825
105788257718799,1788513307408,24.88125,7.3125005,-27.73125
105788267718799,1788513307418,24.73125,7.5937505,-27.750002
105788277718799,1788513307428,24.73125,7.6875005,-27.656252
105788287718799,1788513307438,24.50625,7.5375004,-27.806252
105788297718799,1788513307448,24.581251,7.65,-27.825
105788307718799,1788513307458,24.468752,7.5000005,-28.031252
105788317718799,1788513307468,24.6,7.36875,-28.181252
105788327718799,1788513307478,24.525002,7.55625,-28.368752
105788337718799,1788513307488,24.806252,7.6125,-28.518751
105788347718799,1788513307498,24.900002,7.65,-28.725
105788357718799,1788513307508,25.050001,7.4625,-28.893751
105788367718799,1788513307518,25.087502,7.65,-28.66875
105788377718799,1788513307528,24.768751,7.8187504,-28.66875
105788387718799,1788513307538,24.768751,7.9125004,-28.706251
105788397718799,1788513307548,24.900002,7.6687503,-28.5375
105788407718799,1788513307558,24.937502,7.6125,-28.312502
105788417718799,1788513307568,24.69375,7.51875,-28.143751
105788427718799,1788513307578,24.73125,7.4812503,-27.956251
105788437718799,1788513307588,24.6375,7.65,-27.750002
105788447718799,1788513307598,24.675001,7.5375004,-28.050001
105788457718799,1788513307608,24.750002,7.6125,-28.181252
105788467718799,1788513307618,24.7875,7.3500004,-28.087502
105788477718799,1788513307628,24.54375,7.5937505,-28.35
105788487718799,1788513307638,24.525002,7.275,-28.3875
105788497718799,1788513307648,24.581251,7.2562504,-28.425001
105788507718799,1788513307658,24.581251,7.2937503,-28.425001
105788517718799,1788513307668,24.525002,7.2000003,-28.462502
105788527718799,1788513307678,24.393751,7.1625004,-28.29375
105788537718799,1788513307688,24.468752,7.05,-28.218752
105788547718799,1788513307698,24.468752,7.275,-28.181252
105788557718799,1788513307708,24.6,7.0687504,-28.10625
105788567718799,1788513307718,24.675001,7.14375,-27.900002
105788577718799,1788513307728,24.675001,7.33125,-27.675001
105788587718799,1788513307738,24.6,7.3125005,-27.73125
105788597718799,1788513307748,24.656252,7.4812503,-27.73125
105788607718799,1788513307758,24.6,7.4625,-27.900002
105788617718799,1788513307768,24.487501,7.3875003,-27.91875
105788627718799,1788513307778,24.618752,7.2187505,-28.031252
105788637718799,1788513307788,24.525002,7.4062505,-28.087502
105788647718799,1788513307798,24.281252,7.51875,-28.3875
105788657718799,1788513307808,24.187502,7.425,-28.85625
105788667718799,1788513307818,24.093752,7.33125,-28.9125
105788677718799,1788513307828,24.018751,7.2000003,-29.062502
105788687718799,1788513307838,24.056252,7.2937503,-28.875002
105788697718799,1788513307848,24.150002,7.0312505,-28.893751
105788707718799,1788513307858,24.31875,7.2562504,-28.9125
105788717718799,1788513307868,24.31875,7.1625004,-28.9125
105788727718799,1788513307878,24.581251,7.1625004,-29.081251
105788737718799,1788513307888,24.656252,7.14375,-28.968752
105788747718799,1788513307898,24.675001,7.0687504,-28.800001
105788757718799,1788513307908,24.618752,6.8437505,-28.706251
105788767718799,1788513307918,24.525002,6.9750004,-28.650002
105788777718799,1788513307928,24.50625,7.33125,-28.725
105788787718799,1788513307938,24.225,7.2187505,-28.781252
105788797718799,1788513307948,24.468752,7.2000003,-28.800001
105788807718799,1788513307958,24.393751,7.2000003,-28.63125
105788817718799,1788513307968,24.243752,7.2000003,-28.575
105788827718799,1788513307978,24.468752,7.33125,-28.687502
105788837718799,1788513307988,24.35625,7.6125,-28.837502
105788847718799,1788513307998,24.31875,7.3125005,-28.9125
105788857718799,1788513308008,24.281252,7.3125005,-28.5375
105788867718799,1788513308018,24.243752,7.3125005,-28.275002
105788877718799,1788513308028,24.13125,7.51875,-28.2
105788887718799,1788513308038,24.075,7.18125,-28.2
105788897718799,1788513308048,24.0,7.2375,-28.406252
105788907718799,1788513308058,23.85,7.275,-28.406252
105788917718799,1788513308068,24.13125,7.2187505,-28.35
105788927718799,1788513308078,24.16875,7.4437504,-28.406252
105788937718799,1788513308088,24.093752,7.36875,-28.66875
105788947718799,1788513308098,24.13125,7.425,-28.9125
105788957718799,1788513308108,24.13125,7.425,-28.9125
105788967718799,1788513308118,24.225,7.8562503,-29.00625
105788977718799,1788513308128,24.393751,7.93125,-28.800001
105788987718799,1788513308138,24.4125,7.8187504,-28.875002
105788997718799,1788513308148,24.35625,7.8750005,-28.781252
105789007718799,1788513308158,24.487501,7.6687503,-28.95
105789017718799,1788513308168,24.712502,7.5750003,-28.781252
105789027718799,1788513308178,24.712502,7.7250004,-28.725
105789037718799,1788513308188,24.468752,7.70625,-28.687502
105789047718799,1788513308198,24.187502,7.51875,-28.593752
105789057718799,1788513308208,24.187502,7.425,-28.556252
105789067718799,1788513308218,24.150002,7.4437504,-28.650002
105789077718799,1788513308228,23.962502,7.4812503,-28.893751
105789087718799,1788513308238,23.962502,7.5375004,-28.893751
105789097718799,1788513308248,23.8125,7.5000005,-29.268751
105789107718799,1788513308258,23.71875,7.3500004,-29.268751
105789117718799,1788513308268,23.85,7.275,-29.325
105789127718799,1788513308278,24.16875,7.3125005,-29.268751
105789137718799,1788513308288,24.225,7.5000005,-29.362501
105789147718799,1788513308298,24.225,7.5000005,-29.118752
105789157718799,1788513308308,24.50625,7.6125,-28.931252
105789167718799,1788513308318,24.50625,7.5937505,-28.743752
105789177718799,1788513308328,24.6,7.6312504,-28.275002
105789187718799,1788513308338,24.91875,7.425,-27.993752
105789197718799,1788513308348,24.993752,7.5000005,-27.937502
105789207718799,1788513308358,24.956251,7.4812503,-27.956251
105789217718799,1788513308368,24.91875,7.2187505,-27.825
105789227718799,1788513308378,24.91875,7.0875,-28.0125
105789237718799,1788513308388,24.975,6.8437505,-27.900002
105789247718799,1788513308398,25.087502,6.9750004,-27.975
105789257718799,1788513308408,25.087502,7.14375,-28.087502
105789267718799,1788513308418,24.675001,7.33125,-28.29375
105789277718799,1788513308428,24.768751,7.275,-28.331251
105789287718799,1788513308438,24.750002,7.2937503,-28.35
105789297718799,1788513308448,24.712502,7.4437504,-28.44375
105789307718799,1788513308458,24.50625,7.5000005,-28.331251
105789317718799,1788513308468,24.375002,7.5375004,-28.687502
105789327718799,1788513308478,24.2625,7.4625,-28.837502
105789337718799,1788513308488,24.093752,7.18125,-29.081251
105789347718799,1788513308498,24.206251,7.275,-29.081251
105789357718799,1788513308508,24.13125,7.18125,-29.04375
105789367718799,1788513308518,24.112501,7.1625004,-29.118752
105789377718799,1788513308528,24.243752,7.33125,-29.19375
105789387718799,1788513308538,24.31875,7.2375,-29.1
105789397718799,1788513308548,24.337502,7.18125,-29.04375
105789407718799,1788513308558,24.337502,7.18125,-29.04375
105789417718799,1788513308568,24.562502,7.2937503,-28.968752
105789427718799,1788513308578,24.6,7.0312505,-28.85625
105789437718799,1788513308588,24.4125,6.7500005,-28.66875
105789447718799,1788513308598,24.487501,6.7500005,-28.612501
105789457718799,1788513308608,24.487501,6.6562505,-28.368752
105789467718799,1788513308618,24.618752,6.8812504,-28.29375
105789477718799,1788513308628,24.6,7.3125005,-28.181252
105789487718799,1788513308638,24.73125,7.6125,-28.031252
105789497718799,1788513308648,24.750002,7.6312504,-27.956251
105789507718799,1788513308658,24.88125,7.8,-28.237501
105789517718799,1788513308668,25.1625,8.043751,-28.44375
105789527718799,1788513308678,25.06875,8.043751,-28.593752
105789537718799,1788513308688,25.06875,7.8750005,-28.81875
105789547718799,1788513308698,25.06875,7.93125,-28.968752
105789557718799,1788513308708,25.0125,7.6312504,-28.837502
105789567718799,1788513308718,24.956251,7.5000005,-28.837502
105789577718799,1788513308728,25.050001,7.5000005,-28.612501
105789587718799,1788513308738,25.06875,7.51875,-28.3875
105789597718799,1788513308748,25.06875,7.55625,-28.500002
105789607718799,1788513308758,24.91875,7.74375,-28.312502
105789617718799,1788513308768,24.675001,7.9500003,-28.275002
105789627718799,1788513308778,24.69375,7.6875005,-28.331251
105789637718799,1788513308788,24.88125,7.65,-28.331251
105789647718799,1788513308798,24.73125,7.55625,-28.1625
105789657718799,1788513308808,24.31875,7.7250004,-28.425001
105789667718799,1788513308818,24.31875,7.4812503,-28.556252
105789677718799,1788513308828,24.112501,7.2937503,-28.368752
105789687718799,1788513308838,24.150002,7.0312505,-28.368752
105789697718799,1788513308848,24.206251,7.0312505,-28.181252
105789707718799,1788513308858,24.393751,7.2187505,-28.29375
105789717718799,1788513308868,24.281252,7.3500004,-28.143751
105789727718799,1788513308878,24.243752,7.3500004,-28.331251
105789737718799,1788513308888,24.487501,7.275,-28.48125
105789747718799,1788513308898,24.468752,7.3500004,-28.181252
105789757718799,1788513308908,24.487501,7.5000005,-28.368752
105789767718799,1788513308918,24.581251,7.4437504,-28.5375
105789777718799,1788513308928,24.656252,7.33125,-28.687502
105789787718799,1788513308938,24.54375,7.3500004,-28.725
105789797718799,1788513308948,24.150002,7.3500004,-29.025002
105789807718799,1788513308958,24.187502,7.33125,-28.9125
105789817718799,1788513308968,24.093752,7.275,-28.63125
105789827718799,1788513308978,24.150002,7.3875003,-28.687502
105789837718799,1788513308988,24.31875,7.5000005,-28.612501
105789847718799,1788513308998,24.31875,7.7625003,-28.331251
105789857718799,1788513309008,24.581251,7.89375,-28.406252
105789867718799,1788513309018,24.712502,7.7625003,-28.312502
105789877718799,1788513309028,24.91875,7.3875003,-28.143751
105789887718799,1788513309038,24.975,7.3125005,-28.10625
105789897718799,1788513309048,24.806252,7.2000003,-28.050001
105789907718799,1788513309058,24.73125,7.275,-28.1625
105789917718799,1788513309068,24.843752,7.2937503,-28.087502
105789927718799,1788513309078,24.975,7.2562504,-28.368752
105789937718799,1788513309088,24.993752,7.14375,-28.2
105789947718799,1788513309098,24.7875,7.1625004,-28.218752
105789957718799,1788513309108,24.712502,7.6687503,-28.368752
105789967718799,1788513309118,24.6,7.6687503,-28.44375
105789977718799,1788513309128,24.562502,7.89375,-28.5375
105789987718799,1788513309138,24.45,8.00625,-28.518751
105789997718799,1788513309148,24.2625,7.89375,-28.612501
105790007718799,1788513309158,24.0,7.93125,-28.518751
105790017718799,1788513309168,23.7,7.89375,-28.5375
105790027718799,1788513309178,23.625,8.00625,-28.518751
105790037718799,1788513309188,24.018751,7.8187504,-28.425001
105790047718799,1788513309198,23.925001,7.8187504,-28.48125
105790057718799,1788513309208,24.150002,7.5937505,-28.425001
105790067718799,1788513309218,24.075,7.2375,-28.368752
105790077718799,1788513309228,23.831251,7.1062503,-28.368752
105790087718799,1788513309238,23.94375,6.95625,-28.06875
105790097718799,1788513309248,24.018751,7.1062503,-27.993752
105790107718799,1788513309258,24.093752,6.9187503,-27.993752
105790117718799,1788513309268,23.925001,6.9,-28.10625
105790127718799,1788513309278,23.868752,7.1062503,-28.031252
105790137718799,1788513309288,23.85,7.0125003,-28.312502
105790147718799,1788513309298,24.16875,7.1250005,-28.406252
105790157718799,1788513309308,24.54375,7.18125,-28.425001
105790167718799,1788513309318,24.6,7.1062503,-28.66875
105790177718799,1788513309328,24.562502,7.1062503,-28.7625
105790187718799,1788513309338,24.6375,7.4625,-28.63125
105790197718799,1788513309348,24.7875,7.4625,-28.575
105790207718799,1788513309358,24.975,7.2562504,-28.518751
105790217718799,1788513309368,24.975,7.36875,-28.3875
105790227718799,1788513309378,24.675001,7.6312504,-28.218752
105790237718799,1788513309388,24.45,7.7812505,-28.181252
105790247718799,1788513309398,24.431252,7.8,-28.218752
105790257718799,1788513309408,24.4125,7.4625,-28.10625
105790267718799,1788513309418,24.4125,7.2937503,-28.237501
105790277718799,1788513309428,24.45,7.2937503,-28.237501
105790287718799,1788513309438,24.431252,7.51875,-28.06875
105790297718799,1788513309448,24.487501,7.5375004,-27.993752
105790307718799,1788513309458,24.750002,7.36875,-28.218752
105790317718799,1788513309468,24.88125,7.4625,-28.218752
105790327718799,1788513309478,24.900002,7.6312504,-28.050001
105790337718799,1788513309488,25.06875,7.8375,-28.218752
105790347718799,1788513309498,24.975,7.93125,-28.25625
105790357718799,1788513309508,24.69375,7.7250004,-28.10625
105790367718799,1788513309518,24.91875,7.65,-28.518751
105790377718799,1788513309528,24.825,7.74375,-28.518751
105790387718799,1788513309538,24.468752,7.7625003,-28.406252
105790397718799,1788513309548,24.431252,7.7625003,-28.218752
105790407718799,1788513309558,24.393751,7.7625003,-28.218752
105790417718799,1788513309568,24.487501,7.7625003,-27.956251
105790427718799,1788513309578,24.50625,7.7250004,-27.7875
105790437718799,1788513309588,24.69375,7.8375,-27.91875
105790447718799,1788513309598,24.581251,7.9125004,-27.843752
105790457718799,1788513309608,24.54375,7.9875,-27.843752
105790467718799,1788513309618,24.6375,8.00625,-27.937502
105790477718799,1788513309628,24.656252,7.8375,-28.237501
105790487718799,1788513309638,24.431252,7.8187504,-28.35
105790497718799,1788513309648,24.075,7.6312504,-28.556252
105790507718799,1788513309658,23.8875,7.8,-28.687502
105790517718799,1788513309668,23.925001,7.9687505,-28.63125
105790527718799,1788513309678,23.94375,7.7625003,-28.612501
105790537718799,1788513309688,24.018751,7.6687503,-28.706251
105790547718799,1788513309698,24.225,7.6312504,-28.575
105790557718799,1788513309708,24.281252,7.6875005,-28.29375
105790567718799,1788513309718,24.525002,7.8,-28.25625
105790577718799,1788513309728,24.750002,7.7250004,-28.275002
105790587718799,1788513309738,24.956251,7.6687503,-28.237501
105790597718799,1788513309748,24.843752,7.425,-27.993752
105790607718799,1788513309758,24.843752,7.4625,-27.900002
105790617718799,1788513309768,25.10625,7.6312504,-27.91875
105790627718799,1788513309778,24.843752,7.6125,-27.91875
105790637718799,1788513309788,24.768751,7.5375004,-28.031252
105790647718799,1788513309798,24.675001,7.5375004,-28.031252
105790657718799,1788513309808,24.618752,7.6312504,-28.06875
105790667718799,1788513309818,24.487501,7.5375004,-28.06875
105790677718799,1788513309828,24.4125,7.65,-28.275002
105790687718799,1788513309838,24.243752,7.7625003,-28.29375
105790697718799,1788513309848,23.925001,7.4812503,-27.937502
105790707718799,1788513309858,24.093752,7.5375004,-28.06875
105790717718799,1788513309868,24.075,7.70625,-27.91875
105790727718799,1788513309878,24.150002,7.3500004,-27.937502
105790737718799,1788513309888,24.225,7.4812503,-27.73125
105790747718799,1788513309898,24.300001,7.275,-27.487501
105790757718799,1788513309908,24.4125,7.3125005,-27.562502
105790767718799,1788513309918,24.525002,7.2937503,-27.54375
105790777718799,1788513309928,24.562502,7.275,-27.900002
105790787718799,1788513309938,24.468752,7.275,-27.7875
105790797718799,1788513309948,24.225,7.0125003,-27.88125
105790807718799,1788513309958,24.13125,7.2187505,-27.862501
105790817718799,1788513309968,24.075,7.1250005,-27.956251
105790827718799,1788513309978,24.150002,7.18125,-28.031252
105790837718799,1788513309988,24.112501,7.14375,-27.956251
105790847718799,1788513309998,23.962502,6.95625,-27.900002
105790857718799,1788513310008,23.831251,7.18125,-27.768751
105790867718799,1788513310018,23.831251,6.8812504,-27.91875
105790877718799,1788513310028,24.018751,7.33125,-28.031252
105790887718799,1788513310038,24.112501,7.3875003,-28.1625
105790897718799,1788513310048,24.075,7.4437504,-28.331251
105790907718799,1788513310058,24.018751,7.6125,-28.462502
105790917718799,1788513310068,23.79375,7.65,-28.63125
105790927718799,1788513310078,23.8875,7.7250004,-28.800001
105790937718799,1788513310088,23.681252,7.3875003,-28.81875
105790947718799,1788513310098,23.775002,7.7812505,-28.725
105790957718799,1788513310108,23.60625,7.6687503,-28.875002
105790967718799,1788513310118,23.550001,7.6125,-28.743752
105790977718799,1788513310128,23.587502,7.6875005,-28.66875
105790987718799,1788513310138,23.5125,7.6125,-28.875002
105790997718799,1788513310148,23.56875,7.65,-28.931252
105791007718799,1788513310158,23.71875,7.74375,-28.95
105791017718799,1788513310168,24.0,8.00625,-28.9125
105791027718799,1788513310178,23.85,8.00625,-28.875002
105791037718799,1788513310188,23.8875,7.9875,-28.593752
105791047718799,1788513310198,23.8875,7.89375,-28.63125
105791057718799,1788513310208,23.90625,7.89375,-28.706251
105791067718799,1788513310218,23.868752,7.8562503,-28.63125
105791077718799,1788513310228,23.98125,7.8,-28.25625
105791087718799,1788513310238,23.75625,7.9687505,-28.087502
105791097718799,1788513310248,23.75625,7.9125004,-28.181252
105791107718799,1788513310258,23.831251,7.9687505,-28.143751
105791117718799,1788513310268,24.13125,7.7250004,-28.125002
105791127718799,1788513310278,24.225,7.9875,-28.1625
105791137718799,1788513310288,24.0,8.231251,-28.050001
105791147718799,1788513310298,24.16875,8.25,-28.031252
105791157718799,1788513310308,24.187502,8.2875,-28.29375
105791167718799,1788513310318,24.35625,8.025001,-28.237501
105791177718799,1788513310328,24.243752,8.00625,-28.1625
105791187718799,1788513310338,24.281252,8.043751,-28.2
105791197718799,1788513310348,24.225,8.08125,-28.143751
105791207718799,1788513310358,24.225,7.8187504,-28.031252
105791217718799,1788513310368,24.431252,7.5937505,-27.975
105791227718799,1788513310378,24.487501,7.6312504,-27.6375
105791237718799,1788513310388,24.375002,7.74375,-27.431252
105791247718799,1788513310398,24.243752,7.5937505,-27.431252
105791257718799,1788513310408,24.4125,7.6125,-27.45
105791267718799,1788513310418,24.50625,7.36875,-27.562502
105791277718799,1788513310428,24.337502,7.4437504,-27.88125
105791287718799,1788513310438,24.243752,7.7812505,-28.050001
105791297718799,1788513310448,24.16875,7.7625003,-28.218752
105791307718799,1788513310458,24.093752,7.7812505,-28.125002
105791317718799,1788513310468,24.0375,7.65,-28.312502
105791327718799,1788513310478,24.112501,7.7812505,-28.3875
105791337718799,1788513310488,24.300001,7.8375,-28.35
105791347718799,1788513310498,24.225,7.8750005,-28.1625
105791357718799,1788513310508,24.2625,8.043751,-28.143751
105791367718799,1788513310518,24.281252,8.00625,-28.06875
105791377718799,1788513310528,24.375002,7.9500003,-27.750002
105791387718799,1788513310538,24.187502,7.8375,-27.937502
105791397718799,1788513310548,24.4125,7.8,-27.88125
105791407718799,1788513310558,24.337502,7.9125004,-27.862501
105791417718799,1788513310568,24.13125,8.043751,-28.0125
105791427718799,1788513310578,24.206251,8.26875,-28.031252
105791437718799,1788513310588,24.13125,8.00625,-27.806252
105791447718799,1788513310598,24.093752,7.8187504,-27.675001
105791457718799,1788513310608,24.187502,7.9125004,-27.768751
105791467718799,1788513310618,24.2625,8.00625,-27.862501
105791477718799,1788513310628,24.093752,8.025001,-27.768751
105791487718799,1788513310638,24.206251,8.025001,-27.993752
105791497718799,1788513310648,24.0,7.89375,-27.73125
105791507718799,1788513310658,24.018751,7.7250004,-27.712502
105791517718799,1788513310668,23.98125,7.9875,-28.2
105791527718799,1788513310678,24.018751,8.231251,-28.25625
105791537718799,1788513310688,24.0375,8.175,-28.312502
105791547718799,1788513310698,23.925001,8.137501,-28.556252
105791557718799,1788513310708,24.0,8.175,-28.7625
105791567718799,1788513310718,23.925001,8.00625,-28.781252
105791577718799,1788513310728,24.112501,8.00625,-29.062502
105791587718799,1788513310738,24.13125,8.08125,-29.175001
105791597718799,1788513310748,24.337502,7.89375,-28.875002
105791607718799,1788513310758,24.150002,7.8,-29.1
105791617718799,1788513310768,23.90625,7.74375,-29.400002
105791627718799,1788513310778,23.8875,7.51875,-29.081251
105791637718799,1788513310788,23.925001,7.55625,-28.81875
105791647718799,1788513310798,24.056252,7.7625003,-28.518751
105791657718799,1788513310808,24.225,7.8375,-28.06875
105791667718799,1788513310818,24.093752,7.6875005,-27.91875
105791677718799,1788513310828,24.0,7.70625,-27.768751
105791687718799,1788513310838,24.31875,7.55625,-27.656252
105791697718799,1788513310848,24.300001,7.5937505,-27.54375
105791707718799,1788513310858,24.31875,7.7625003,-27.525002
105791717718799,1788513310868,24.300001,7.89375,-27.54375
105791727718799,1788513310878,24.31875,7.8750005,-27.862501
105791737718799,1788513310888,23.868752,7.55625,-28.10625
105791747718799,1788513310898,23.90625,7.6687503,-28.125002
105791757718799,1788513310908,23.8875,7.6312504,-28.181252
105791767718799,1788513310918,23.75625,7.6312504,-28.087502
105791777718799,1788513310928,23.737501,7.4812503,-28.143751
105791787718799,1788513310938,23.79375,7.6125,-28.237501
105791797718799,1788513310948,23.925001,7.6312504,-28.518751
105791807718799,1788513310958,23.962502,7.74375,-28.312502
105791817718799,1788513310968,24.16875,7.8562503,-28.5375
105791827718799,1788513310978,24.093752,7.8187504,-28.81875
105791837718799,1788513310988,24.13125,7.6312504,-28.85625
105791847718799,1788513310998,24.16875,7.93125,-28.743752
105791857718799,1788513311008,24.281252,8.2875,-28.35
105791867718799,1788513311018,24.243752,8.1,-28.29375
105791877718799,1788513311028,24.0,7.89375,-27.993752
105791887718799,1788513311038,23.75625,7.70625,-27.900002
105791897718799,1788513311048,23.8125,7.5937505,-27.7875
105791907718799,1788513311058,23.98125,7.6687503,-27.675001
105791917718799,1788513311068,23.8875,7.8375,-27.468752
105791927718799,1788513311078,23.60625,7.5937505,-27.50625
105791937718799,1788513311088,23.587502,7.4062505,-27.6
105791947718799,1788513311098,23.775002,7.3875003,-27.768751
105791957718799,1788513311108,23.75625,7.3125005,-27.88125
105791967718799,1788513311118,24.018751,7.5375004,-28.181252
105791977718799,1788513311128,23.8125,7.4812503,-28.10625
105791987718799,1788513311138,23.775002,7.425,-28.0125
105791997718799,1788513311148,23.831251,7.425,-28.06875
105792007718799,1788513311158,23.98125,7.4812503,-28.237501
105792017718799,1788513311168,24.112501,7.4062505,-28.25625
105792027718799,1788513311178,24.225,7.4625,-28.125002
105792037718799,1788513311188,24.35625,7.3875003,-28.275002
105792047718799,1788513311198,24.056252,7.2187505,-28.143751
105792057718799,1788513311208,24.225,7.3875003,-28.1625
105792067718799,1788513311218,24.243752,7.275,-28.087502
105792077718799,1788513311228,24.16875,7.33125,-28.06875
105792087718799,1788513311238,24.075,7.33125,-28.031252
105792097718799,1788513311248,23.98125,7.3875003,-28.312502
105792107718799,1788513311258,23.925001,7.425,-28.35
105792117718799,1788513311268,23.8125,7.5750003,-28.237501
105792127718799,1788513311278,24.018751,7.70625,-28.218752
105792137718799,1788513311288,24.093752,7.8187504,-28.143751
105792147718799,1788513311298,23.94375,7.8375,-28.181252
105792157718799,1788513311308,24.0375,7.8562503,-28.275002
105792167718799,1788513311318,24.300001,7.93125,-28.06875
105792177718799,1788513311328,24.243752,7.8562503,-27.825
105792187718799,1788513311338,24.31875,7.9687505,-27.806252
105792197718799,1788513311348,24.487501,7.9125004,-27.768751
105792207718799,1788513311358,24.431252,7.93125,-27.88125
105792217718799,1788513311368,24.431252,7.6125,-27.88125
105792227718799,1788513311378,24.393751,7.51875,-27.6
105792237718799,1788513311388,24.431252,7.425,-27.656252
105792247718799,1788513311398,24.6,7.3500004,-27.862501
105792257718799,1788513311408,24.54375,7.33125,-27.7875
105792267718799,1788513311418,24.375002,7.36875,-27.88125
105792277718799,1788513311428,24.300001,7.36875,-27.768751
105792287718799,1788513311438,24.337502,7.2000003,-27.525002
105792297718799,1788513311448,24.300001,7.4062505,-27.468752
105792307718799,1788513311458,24.337502,7.6875005,-27.88125
105792317718799,1788513311468,24.281252,7.8187504,-27.975
105792327718799,1788513311478,24.093752,7.6312504,-27.993752
105792337718799,1788513311488,24.13125,7.5750003,-27.993752
105792347718799,1788513311498,24.225,7.4812503,-27.675001
105792357718799,1788513311508,24.093752,7.5375004,-27.750002
105792367718799,1788513311518,24.075,7.5750003,-27.993752
105792377718799,1788513311528,23.94375,7.5750003,-28.0125
105792387718799,1788513311538,23.90625,7.5750003,-27.862501
105792397718799,1788513311548,24.150002,7.36875,-27.73125
105792407718799,1788513311558,24.243752,7.65,-27.69375
105792417718799,1788513311568,24.16875,7.8375,-27.825
105792427718799,1788513311578,23.98125,7.6687503,-28.087502
105792437718799,1788513311588,24.0,7.8750005,-28.35
105792447718799,1788513311598,23.925001,7.9125004,-28.218752
105792457718799,1788513311608,24.075,7.9875,-28.368752
105792467718799,1788513311618,24.150002,7.93125,-28.5375
105792477718799,1788513311628,24.0,8.00625,-28.575
105792487718799,1788513311638,23.925001,7.93125,-28.63125
105792497718799,1788513311648,24.0,7.8562503,-28.743752
105792507718799,1788513311658,24.075,8.0625,-28.95
105792517718799,1788513311668,24.243752,8.043751,-28.743752
105792527718799,1788513311678,24.281252,7.9875,-28.7625
105792537718799,1788513311688,24.393751,8.118751,-28.743752
105792547718799,1788513311698,24.375002,7.9125004,-28.331251
105792557718799,1788513311708,24.35625,8.08125,-28.3875
105792567718799,1788513311718,24.375002,7.9500003,-28.35
105792577718799,1788513311728,24.4125,8.08125,-28.10625
105792587718799,1788513311738,24.243752,8.00625,-27.843752
105792597718799,1788513311748,24.150002,7.8562503,-27.956251
105792607718799,1788513311758,24.075,7.8562503,-27.843752
105792617718799,1788513311768,24.018751,7.6687503,-27.750002
105792627718799,1788513311778,24.2625,7.74375,-27.825
105792637718799,1788513311788,24.056252,7.6312504,-27.956251
105792647718799,1788513311798,24.056252,7.6687503,-28.087502
105792657718799,1788513311808,24.16875,7.5375004,-28.35
105792667718799,1788513311818,24.675001,7.4812503,-28.44375
105792677718799,1788513311828,24.675001,7.3500004,-28.44375
105792687718799,1788513311838,24.900002,7.3125005,-28.66875
105792697718799,1788513311848,25.0125,7.2375,-28.95
105792707718799,1788513311858,24.993752,7.2187505,-29.156252
105792717718799,1788513311868,25.125002,6.99375,-29.062502
105792727718799,1788513311878,24.993752,6.9750004,-29.062502
105792737718799,1788513311888,24.900002,7.0312505,-28.9125
105792747718799,1788513311898,24.69375,7.2562504,-28.9125
105792757718799,1788513311908,24.806252,7.4625,-28.743752
105792767718799,1788513311918,24.6,7.3500004,-28.687502
105792777718799,1788513311928,24.187502,7.0875,-28.406252
105792787718799,1788513311938,23.98125,7.2187505,-28.406252
105792797718799,1788513311948,24.093752,7.5750003,-28.44375
105792807718799,1788513311958,24.225,7.5375004,-28.312502
105792817718799,1788513311968,24.225,7.4812503,-28.1625
105792827718799,1788513311978,24.2625,7.2375,-27.88125
105792837718799,1788513311988,24.150002,7.1625004,-27.675001
105792847718799,1788513311998,24.150002,7.3125005,-27.581251
105792857718799,1788513312008,24.45,7.5375004,-27.6375
105792867718799,1788513312018,24.206251,7.2937503,-27.6375
105792877718799,1788513312028,24.13125,7.05,-27.54375
105792887718799,1788513312038,24.112501,6.9750004,-27.468752
105792897718799,1788513312048,24.150002,7.14375,-27.581251
105792907718799,1788513312058,23.98125,7.2937503,-27.956251
105792917718799,1788513312068,23.868752,7.2562504,-28.143751
105792927718799,1788513312078,24.112501,7.3875003,-28.181252
105792937718799,1788513312088,23.8875,7.4625,-28.237501
105792947718799,1788513312098,24.075,7.74375,-28.181252
105792957718799,1788513312108,24.13125,7.9125004,-28.181252
105792967718799,1788513312118,24.0375,8.175,-28.331251
105792977718799,1788513312128,23.90625,8.00625,-28.2
105792987718799,1788513312138,23.925001,7.93125,-28.031252
105792997718799,1788513312148,24.0375,7.93125,-27.993752
105793007718799,1788513312158,23.681252,7.8562503,-28.06875
105793017718799,1788513312168,23.868752,7.9875,-28.1625
105793027718799,1788513312178,24.0,7.7250004,-28.1625
105793037718799,1788513312188,23.925001,7.7625003,-28.1625
105793047718799,1788513312198,23.925001,7.6875005,-28.181252
105793057718799,1788513312208,23.98125,7.5750003,-28.406252
105793067718799,1788513312218,24.018751,7.55625,-28.650002
105793077718799,1788513312228,24.243752,7.51875,-28.837502
105793087718799,1788513312238,24.300001,7.4625,-28.575
105793097718799,1788513312248,24.337502,7.14375,-28.48125
105793107718799,1788513312258,24.206251,7.4812503,-28.575
105793117718799,1788513312268,24.13125,7.2937503,-28.44375
105793127718799,1788513312278,24.0,7.3500004,-28.29375
105793137718799,1788513312288,23.94375,7.3500004,-28.2
105793147718799,1788513312298,23.737501,7.2375,-28.0125
105793157718799,1788513312308,23.456251,7.3125005,-27.900002
105793167718799,1788513312318,23.53125,7.2937503,-28.125002
105793177718799,1788513312328,23.456251,7.55625,-28.031252
105793187718799,1788513312338,23.587502,7.3875003,-28.031252
105793197718799,1788513312348,23.737501,7.5750003,-28.06875
105793207718799,1788513312358,23.643751,7.6125,-28.25625
105793217718799,1788513312368,23.456251,7.9125004,-28.2
105793227718799,1788513312378,23.775002,8.25,-28.143751
105793237718799,1788513312388,23.98125,8.418751,-28.218752
105793247718799,1788513312398,24.075,8.475,-28.050001
105793257718799,1788513312408,24.187502,8.418751,-28.10625
105793267718799,1788513312418,24.281252,8.2875,-28.0125
105793277718799,1788513312428,24.150002,8.19375,-28.237501
105793287718799,1788513312438,24.337502,8.0625,-28.10625
105793297718799,1788513312448,24.50625,7.9875,-28.10625
105793307718799,1788513312458,24.525002,7.8187504,-28.087502
105793317718799,1788513312468,24.487501,7.8,-27.73125
105793327718799,1788513312478,24.768751,7.7625003,-27.73125
105793337718799,1788513312488,24.618752,7.74375,-27.750002
105793347718799,1788513312498,24.300001,7.8375,-27.862501
105793357718799,1788513312508,24.487501,8.1,-27.900002
105793367718799,1788513312518,24.656252,8.137501,-28.0125
105793377718799,1788513312528,24.73125,7.9125004,-27.88125
105793387718799,1788513312538,24.712502,8.043751,-27.956251
105793397718799,1788513312548,24.525002,8.043751,-28.181252
105793407718799,1788513312558,24.075,8.1,-28.087502
105793417718799,1788513312568,24.206251,8.118751,-28.143751
105793427718799,1788513312578,24.300001,8.025001,-28.2
105793437718799,1788513312588,24.0375,7.5750003,-27.806252
105793447718799,1788513312598,23.8875,7.5750003,-27.900002
105793457718799,1788513312608,23.90625,7.7625003,-27.993752
105793467718799,1788513312618,23.643751,7.4812503,-27.900002
105793477718799,1788513312628,23.90625,7.33125,-28.10625
105793487718799,1788513312638,24.225,7.33125,-28.462502
105793497718799,1788513312648,24.0,7.1062503,-28.368752
105793507718799,1788513312658,24.056252,7.1062503,-28.462502
105793517718799,1788513312668,24.300001,7.1250005,-28.575
105793527718799,1788513312678,24.187502,7.05,-28.5375
105793537718799,1788513312688,24.13125,7.1250005,-28.518751
105793547718799,1788513312698,24.375002,7.1625004,-28.575
105793557718799,1788513312708,24.187502,7.1625004,-28.425001
105793567718799,1788513312718,23.8875,7.1250005,-28.44375
105793577718799,1788513312728,24.13125,7.1625004,-28.425001
105793587718799,1788513312738,24.093752,7.33125,-28.331251
105793597718799,1788513312748,24.0375,7.4812503,-28.575
105793607718799,1788513312758,24.13125,7.2562504,-28.237501
105793617718799,1788513312768,24.056252,7.2187505,-28.29375
105793627718799,1788513312778,23.98125,7.2375,-28.462502
105793637718799,1788513312788,23.98125,7.33125,-28.687502
105793647718799,1788513312798,24.075,7.18125,-28.556252
105793657718799,1788513312808,24.018751,7.14375,-28.556252
105793667718799,1788513312818,24.16875,7.2000003,-28.3875
105793677718799,1788513312828,24.187502,7.1625004,-28.368752
105793687718799,1788513312838,24.225,7.3500004,-28.237501
105793697718799,1788513312848,24.225,7.3500004,-28.29375
105793707718799,1788513312858,24.300001,7.3875003,-28.087502
105793717718799,1788513312868,24.4125,7.275,-27.956251
105793727718799,1788513312878,24.45,7.1625004,-27.937502
105793737718799,1788513312888,24.337502,7.275,-27.843752
105793747718799,1788513312898,24.150002,7.2187505,-27.806252
105793757718799,1788513312908,24.018751,7.1625004,-27.525002
105793767718799,1788513312918,24.0,7.2562504,-27.73125
105793777718799,1788513312928,23.831251,7.18125,-27.54375
105793787718799,1788513312938,23.94375,7.2000003,-27.54375
105793797718799,1788513312948,23.85,7.3875003,-27.393751
105793807718799,1788513312958,24.056252,7.9125004,-27.525002
105793817718799,1788513312968,24.16875,8.175,-27.54375
105793827718799,1788513312978,24.16875,8.175,-27.675001
105793837718799,1788513312988,24.13125,8.0625,-27.6
105793847718799,1788513312998,24.225,7.9687505,-27.562502
105793857718799,1788513313008,24.562502,8.00625,-27.88125
105793867718799,1788513313018,24.4125,7.9125004,-28.0125
105793877718799,1788513313028,24.206251,7.65,-28.218752
105793887718799,1788513313038,23.94375,7.3125005,-27.862501
105793897718799,1788513313048,23.775002,7.2000003,-27.88125
105793907718799,1788513313058,23.831251,7.2000003,-27.7875
105793917718799,1788513313068,24.13125,7.5375004,-28.125002
105793927718799,1788513313078,24.112501,7.51875,-28.29375
105793937718799,1788513313088,23.94375,7.5375004,-28.143751
105793947718799,1788513313098,24.075,7.65,-28.06875
105793957718799,1788513313108,24.2625,7.6875005,-27.937502
105793967718799,1788513313118,24.525002,7.74375,-28.35
105793977718799,1788513313128,24.54375,7.51875,-28.462502
105793987718799,1788513313138,24.525002,7.33125,-28.518751
105793997718799,1788513313148,24.54375,7.18125,-28.5375
105794007718799,1788513313158,24.562502,7.2000003,-28.462502
105794017718799,1788513313168,24.562502,7.2375,-28.368752
105794027718799,1788513313178,24.581251,7.18125,-28.312502
105794037718799,1788513313188,24.50625,7.2937503,-28.518751
105794047718799,1788513313198,24.16875,7.2562504,-28.425001
105794057718799,1788513313208,24.225,7.2562504,-28.331251
105794067718799,1788513313218,24.243752,7.5000005,-28.312502
105794077718799,1788513313228,24.075,7.4437504,-28.275002
105794087718799,1788513313238,23.962502,7.65,-28.25625
105794097718799,1788513313248,24.2625,7.5750003,-28.331251
105794107718799,1788513313258,24.075,7.4437504,-28.25625
105794117718799,1788513313268,24.31875,7.2937503,-27.937502
105794127718799,1788513313278,24.393751,7.18125,-27.843752
105794137718799,1788513313288,24.525002,7.18125,-27.843752
105794147718799,1788513313298,24.6,7.1625004,-27.937502
105794157718799,1788513313308,24.6,7.3500004,-27.88125
105794167718799,1788513313318,24.69375,7.1250005,-27.825
105794177718799,1788513313328,24.4125,7.1625004,-27.6375
105794187718799,1788513313338,24.4125,7.2000003,-27.768751
105794197718799,1788513313348,24.16875,7.2562504,-27.7875
105794207718799,1788513313358,24.431252,7.3875003,-27.768751
105794217718799,1788513313368,24.300001,7.51875,-27.956251
105794227718799,1788513313378,24.300001,7.36875,-27.956251
105794237718799,1788513313388,24.056252,7.3125005,-28.143751
105794247718799,1788513313398,23.98125,7.4625,-28.312502
105794257718799,1788513313408,24.13125,7.18125,-28.406252
105794267718799,1788513313418,23.98125,7.275,-28.237501
105794277718799,1788513313428,24.075,7.2187505,-28.368752
105794287718799,1788513313438,23.98125,7.275,-28.406252
105794297718799,1788513313448,24.16875,7.275,-27.900002
105794307718799,1788513313458,24.0,7.2937503,-27.88125
105794317718799,1788513313468,24.150002,7.0875,-27.768751
105794327718799,1788513313478,24.093752,6.8625,-27.768751
105794337718799,1788513313488,23.962502,7.1062503,-27.937502
105794347718799,1788513313498,24.112501,7.05,-28.237501
105794357718799,1788513313508,24.150002,7.1625004,-28.425001
105794367718799,1788513313518,24.075,7.0687504,-28.406252
105794377718799,1788513313528,23.90625,6.99375,-28.85625
105794387718799,1788513313538,23.90625,6.99375,-28.66875
105794397718799,1788513313548,23.831251,7.1250005,-28.48125
105794407718799,1788513313558,23.90625,7.3875003,-28.275002
105794417718799,1788513313568,24.093752,7.2937503,-28.275002
105794427718799,1788513313578,24.187502,7.425,-28.312502
105794437718799,1788513313588,24.018751,7.4062505,-28.10625
105794447718799,1788513313598,24.056252,7.5937505,-28.2
105794457718799,1788513313608,24.0,7.7812505,-28.1625
105794467718799,1788513313618,24.075,7.8375,-28.25625
105794477718799,1788513313628,24.225,7.93125,-28.25625
105794487718799,1788513313638,24.018751,7.8375,-28.125002
105794497718799,1788513313648,23.8125,8.043751,-28.1625
105794507718799,1788513313658,23.90625,8.00625,-28.125002
105794517718799,1788513313668,23.94375,7.9875,-28.10625
105794527718799,1788513313678,23.90625,7.93125,-28.143751
105794537718799,1788513313688,24.018751,7.65,-28.031252
105794547718799,1788513313698,24.13125,7.5750003,-28.143751
105794557718799,1788513313708,24.2625,7.4812503,-28.2
105794567718799,1788513313718,24.6,7.4062505,-28.44375
105794577718799,1788513313728,24.712502,7.33125,-28.406252
105794587718799,1788513313738,24.562502,7.425,-28.143751
105794597718799,1788513313748,24.6375,7.5375004,-28.218752
105794607718799,1788513313758,24.50625,7.5750003,-28.10625
105794617718799,1788513313768,24.35625,7.55625,-28.0125
105794627718799,1788513313778,24.487501,7.7625003,-27.956251
105794637718799,1788513313788,24.206251,7.8,-28.2
105794647718799,1788513313798,24.056252,7.93125,-28.06875
105794657718799,1788513313808,24.0,7.9125004,-28.050001
105794667718799,1788513313818,23.8875,7.8,-28.44375
105794677718799,1788513313828,24.018751,7.8187504,-28.462502
105794687718799,1788513313838,24.150002,7.7625003,-28.425001
105794697718799,1788513313848,24.225,7.9500003,-28.48125
105794707718799,1788513313858,24.075,7.9687505,-28.650002
105794717718799,1788513313868,24.337502,7.9125004,-28.368752
105794727718799,1788513313878,24.2625,7.8,-28.48125
105794737718799,1788513313888,24.206251,7.8562503,-28.48125
105794747718799,1788513313898,24.35625,7.8562503,-28.2
105794757718799,1788513313908,24.2625,7.8187504,-27.956251
105794767718799,1788513313918,24.075,7.7812505,-27.937502
105794777718799,1788513313928,23.98125,7.8562503,-27.975
105794787718799,1788513313938,24.0375,7.74375,-27.581251
105794797718799,1788513313948,23.737501,7.8562503,-27.69375
105794807718799,1788513313958,23.85,7.8750005,-27.487501
105794817718799,1788513313968,23.94375,7.8375,-27.35625
105794827718799,1788513313978,23.962502,7.9500003,-27.337502
105794837718799,1788513313988,23.8875,7.8187504,-27.45
105794847718799,1788513313998,23.925001,7.8562503,-27.581251
105794857718799,1788513314008,24.243752,7.89375,-27.656252
105794867718799,1788513314018,24.281252,7.65,-28.087502
105794877718799,1788513314028,24.45,7.5375004,-28.0125
105794887718799,1788513314038,24.675001,7.6687503,-28.125002
105794897718799,1788513314048,24.656252,7.55625,-28.331251
105794907718799,1788513314058,24.525002,7.2562504,-28.218752
105794917718799,1788513314068,24.6,7.2000003,-28.0125
105794927718799,1788513314078,24.768751,7.14375,-27.993752
105794937718799,1788513314088,24.50625,6.9750004,-27.806252
105794947718799,1788513314098,24.468752,7.3875003,-27.581251
105794957718799,1788513314108,24.393751,7.51875,-27.525002
105794967718799,1788513314118,24.0,7.5937505,-27.487501
105794977718799,1788513314128,23.8875,7.6875005,-27.187502
105794987718799,1788513314138,23.6625,7.93125,-27.337502
105794997718799,1788513314148,23.737501,7.89375,-27.73125
105795007718799,1788513314158,23.643751,7.9875,-27.581251
105795017718799,1788513314168,23.737501,7.89375,-27.6375
105795027718799,1788513314178,23.60625,7.70625,-27.675001
105795037718799,1788513314188,23.79375,7.6687503,-27.900002
105795047718799,1788513314198,23.737501,7.6875005,-28.050001
105795057718799,1788513314208,23.831251,7.4062505,-28.237501
105795067718799,1788513314218,24.16875,7.6125,-28.1625
105795077718799,1788513314228,24.075,7.6687503,-28.031252
105795087718799,1788513314238,24.206251,7.425,-28.10625
105795097718799,1788513314248,24.2625,7.4625,-28.312502
105795107718799,1788513314258,24.375002,7.4062505,-28.48125
105795117718799,1788513314268,24.300001,7.3875003,-28.500002
105795127718799,1788513314278,24.45,7.1250005,-28.44375
105795137718799,1788513314288,24.393751,7.3125005,-28.25625
105795147718799,1788513314298,24.281252,6.9750004,-28.29375
105795157718799,1788513314308,24.2625,6.95625,-28.218752
105795167718799,1788513314318,24.393751,7.05,-28.218752
105795177718799,1788513314328,24.487501,7.2375,-28.181252
105795187718799,1788513314338,24.337502,7.3500004,-28.2
105795197718799,1788513314348,24.337502,7.3875003,-28.087502
105795207718799,1788513314358,24.525002,7.4062505,-28.25625
105795217718799,1788513314368,24.487501,7.55625,-28.575
105795227718799,1788513314378,24.525002,7.5937505,-28.5375
105795237718799,1788513314388,24.581251,7.65,-28.706251
105795247718799,1788513314398,24.50625,7.70625,-28.781252
105795257718799,1788513314408,24.243752,7.7812505,-28.800001
105795267718799,1788513314418,24.206251,7.6687503,-28.612501
105795277718799,1788513314428,24.187502,7.5375004,-28.687502
105795287718799,1788513314438,24.0,7.51875,-28.25625
105795297718799,1788513314448,24.112501,7.425,-28.218752
105795307718799,1788513314458,24.0375,7.6312504,-28.368752
105795317718799,1788513314468,24.112501,7.7625003,-28.218752
105795327718799,1788513314478,23.98125,7.70625,-28.143751
105795337718799,1788513314488,24.243752,7.74375,-28.2
105795347718799,1788513314498,24.243752,7.55625,-28.3875
105795357718799,1788513314508,24.093752,7.65,-28.237501
105795367718799,1788513314518,24.112501,7.6875005,-28.462502
105795377718799,1788513314528,24.16875,7.74375,-28.29375
105795387718799,1788513314538,24.31875,7.74375,-28.06875
105795397718799,1788513314548,24.281252,7.5937505,-28.050001
105795407718799,1788513314558,24.093752,7.6875005,-28.050001
105795417718799,1788513314568,24.018751,7.6125,-28.10625
105795427718799,1788513314578,24.300001,7.9687505,-28.0125
105795437718799,1788513314588,24.50625,7.7250004,-27.937502
105795447718799,1788513314598,24.487501,7.55625,-27.956251
105795457718799,1788513314608,24.300001,7.5937505,-27.900002
105795467718799,1788513314618,24.243752,7.36875,-28.125002
105795477718799,1788513314628,24.0375,7.2375,-28.406252
105795487718799,1788513314638,24.150002,7.2187505,-28.29375
105795497718799,1788513314648,24.150002,7.0687504,-28.181252
105795507718799,1788513314658,24.112501,6.9187503,-28.29375
105795517718799,1788513314668,23.962502,7.1625004,-28.406252
105795527718799,1788513314678,24.056252,7.3875003,-28.7625
105795537718799,1788513314688,24.31875,7.1625004,-29.025002
105795547718799,1788513314698,24.35625,7.1625004,-29.00625
105795557718799,1788513314708,24.50625,7.3500004,-28.875002
105795567718799,1788513314718,24.562502,7.3875003,-28.875002
105795577718799,1788513314728,24.487501,7.2562504,-28.85625
105795587718799,1788513314738,24.4125,7.3875003,-28.63125
105795597718799,1788513314748,24.487501,7.2937503,-28.44375
105795607718799,1788513314758,24.281252,7.3500004,-28.06875
105795617718799,1788513314768,24.16875,7.425,-27.956251
105795627718799,1788513314778,23.962502,7.5000005,-27.956251
105795637718799,1788513314788,23.831251,7.7250004,-27.862501
105795647718799,1788513314798,23.925001,7.55625,-27.843752
105795657718799,1788513314808,23.737501,7.7812505,-27.862501
105795667718799,1788513314818,23.7,7.5937505,-27.825
105795677718799,1788513314828,23.7,7.6875005,-27.91875
105795687718799,1788513314838,23.90625,7.6875005,-27.91875
105795697718799,1788513314848,23.925001,7.8562503,-27.675001
105795707718799,1788513314858,24.056252,7.8187504,-27.6
105795717718799,1788513314868,24.206251,7.4437504,-27.656252
105795727718799,1788513314878,24.112501,7.4437504,-27.750002
105795737718799,1788513314888,24.187502,7.4625,-27.768751
105795747718799,1788513314898,24.206251,7.6687503,-27.975
105795757718799,1788513314908,24.2625,7.7625003,-28.087502
105795767718799,1788513314918,24.2625,7.36875,-28.218752
105795777718799,1788513314928,24.281252,7.2562504,-28.706251
105795787718799,1788513314938,24.300001,7.05,-28.931252
105795797718799,1788513314948,24.337502,7.1250005,-28.81875
105795807718799,1788513314958,24.31875,7.0687504,-28.706251
105795817718799,1788513314968,24.525002,6.9187503,-28.500002
105795827718799,1788513314978,24.525002,6.7875004,-28.44375
105795837718799,1788513314988,24.525002,6.7125,-28.462502
105795847718799,1788513314998,24.6,7.2375,-28.3875
105795857718799,1788513315008,24.562502,7.33125,-28.050001
105795867718799,1788513315018,24.656252,7.425,-27.712502
105795877718799,1788513315028,24.45,7.33125,-27.88125
105795887718799,1788513315038,24.6,7.51875,-27.806252
105795897718799,1788513315048,24.431252,7.4437504,-27.956251
105795907718799,1788513315058,24.45,7.5937505,-28.143751
105795917718799,1788513315068,24.393751,7.5937505,-28.050001
105795927718799,1788513315078,24.31875,7.2937503,-28.10625
105795937718799,1788513315088,24.393751,7.275,-28.29375
105795947718799,1788513315098,24.300001,7.5375004,-28.556252
105795957718799,1788513315108,24.50625,7.7250004,-28.331251
105795967718799,1788513315118,24.6,7.8187504,-28.556252
105795977718799,1788513315128,24.6375,8.043751,-28.63125
105795987718799,1788513315138,24.581251,7.9875,-28.518751
105795997718799,1788513315148,24.73125,7.9125004,-28.725
105796007718799,1788513315158,24.6375,7.8562503,-28.650002
105796017718799,1788513315168,24.525002,7.7812505,-28.3875
105796027718799,1788513315178,24.50625,7.51875,-28.312502
105796037718799,1788513315188,24.375002,7.3875003,-28.425001
105796047718799,1788513315198,24.075,7.2937503,-28.48125
105796057718799,1788513315208,24.206251,7.2375,-28.35
105796067718799,1788513315218,24.35625,7.2000003,-28.181252
105796077718799,1788513315228,24.112501,7.3875003,-28.125002
105796087718799,1788513315238,24.206251,7.51875,-28.087502
105796097718799,1788513315248,24.112501,7.55625,-28.425001
105796107718799,1788513315258,24.16875,7.6687503,-28.218752
105796117718799,1788513315268,24.206251,7.8375,-28.0125
105796127718799,1788513315278,24.13125,7.8187504,-27.843752
105796137718799,1788513315288,24.018751,7.8,-27.91875
105796147718799,1788513315298,24.0375,7.6125,-28.125002
105796157718799,1788513315308,24.375002,7.4437504,-28.143751
105796167718799,1788513315318,24.300001,7.3500004,-28.087502
105796177718799,1788513315328,24.375002,7.2375,-27.900002
105796187718799,1788513315338,24.300001,7.36875,-28.031252
105796197718799,1788513315348,24.487501,7.18125,-27.956251
105796207718799,1788513315358,24.525002,7.1250005,-28.1625
105796217718799,1788513315368,24.45,7.14375,-28.181252
105796227718799,1788513315378,24.35625,7.2375,-27.937502
105796237718799,1788513315388,24.281252,7.275,-27.7875
105796247718799,1788513315398,24.393751,7.1625004,-27.7875
105796257718799,1788513315408,24.31875,7.18125,-27.956251
105796267718799,1788513315418,24.281252,7.1625004,-27.7875
105796277718799,1788513315428,24.337502,7.3875003,-27.975
105796287718799,1788513315438,24.431252,7.4062505,-27.7875
105796297718799,1788513315448,24.468752,7.4062505,-27.6375
105796307718799,1788513315458,24.487501,7.6312504,-27.806252
105796317718799,1788513315468,24.150002,7.55625,-27.937502
105796327718799,1788513315478,24.0375,7.5750003,-28.06875
105796337718799,1788513315488,24.112501,7.7812505,-27.862501
105796347718799,1788513315498,24.243752,7.7250004,-27.956251
105796357718799,1788513315508,23.8875,7.8562503,-27.956251
105796367718799,1788513315518,23.925001,7.8375,-27.993752
105796377718799,1788513315528,23.85,7.8187504,-28.2
105796387718799,1788513315538,23.681252,7.5375004,-27.937502
105796397718799,1788513315548,23.94375,7.6875005,-27.750002
105796407718799,1788513315558,23.868752,7.8,-27.675001
105796417718799,1788513315568,23.925001,7.5937505,-27.750002
105796427718799,1788513315578,23.925001,7.5937505,-27.825
105796437718799,1788513315588,24.16875,7.425,-27.825
105796447718799,1788513315598,24.337502,7.2000003,-27.73125
105796457718799,1788513315608,24.50625,7.14375,-27.618752
105796467718799,1788513315618,24.675001,7.36875,-27.937502
105796477718799,1788513315628,24.431252,7.51875,-27.900002
105796487718799,1788513315638,24.487501,7.51875,-27.862501
105796497718799,1788513315648,24.712502,7.6125,-27.956251
105796507718799,1788513315658,24.675001,7.5750003,-28.10625
105796517718799,1788513315668,24.712502,7.6687503,-28.237501
105796527718799,1788513315678,24.750002,7.9500003,-28.275002
105796537718799,1788513315688,24.656252,7.9500003,-28.181252
105796547718799,1788513315698,24.4125,7.7812505,-28.125002
105796557718799,1788513315708,24.6375,7.4812503,-28.2
105796567718799,1788513315718,24.54375,7.4437504,-28.25625
105796577718799,1788513315728,24.375002,7.5000005,-27.975
105796587718799,1788513315738,24.225,7.5000005,-27.825
105796597718799,1788513315748,24.0375,7.3500004,-27.7875
105796607718799,1788513315758,23.8125,7.33125,-27.88125
105796617718799,1788513315768,23.868752,7.3500004,-27.993752
105796627718799,1788513315778,23.98125,7.5375004,-27.956251
105796637718799,1788513315788,23.868752,7.51875,-27.937502
105796647718799,1788513315798,23.775002,7.4625,-27.656252
105796657718799,1788513315808,23.625,7.33125,-27.618752
105796667718799,1788513315818,23.71875,7.2562504,-27.54375
105796677718799,1788513315828,23.7,7.36875,-27.431252
105796687718799,1788513315838,23.71875,7.2937503,-27.35625
105796697718799,1788513315848,23.681252,7.1250005,-27.35625
105796707718799,1788513315858,23.53125,6.7875004,-27.206251
105796717718799,1788513315868,23.643751,6.99375,-27.187502
105796727718799,1788513315878,23.681252,7.14375,-27.337502
105796737718799,1788513315888,23.90625,7.2000003,-27.6375
105796747718799,1788513315898,23.8875,7.4062505,-27.88125
105796757718799,1788513315908,23.8125,7.6125,-27.712502
105796767718799,1788513315918,23.925001,7.74375,-27.768751
105796777718799,1788513315928,23.775002,7.8,-27.712502
105796787718799,1788513315938,24.16875,8.137501,-27.843752
105796797718799,1788513315948,23.98125,7.9875,-27.862501
105796807718799,1788513315958,24.243752,8.08125,-28.125002
105796817718799,1788513315968,24.206251,8.043751,-28.06875
105796827718799,1788513315978,24.431252,7.9125004,-27.975
105796837718799,1788513315988,24.750002,7.6312504,-28.181252
105796847718799,1788513315998,24.675001,7.51875,-28.1625
105796857718799,1788513316008,24.91875,7.65,-28.29375
105796867718799,1788513316018,24.675001,7.4437504,-28.275002
105796877718799,1788513316028,24.843752,7.425,-28.5375
105796887718799,1788513316038,24.675001,7.2000003,-28.29375
105796897718799,1788513316048,24.45,7.14375,-28.368752
105796907718799,1788513316058,24.45,7.18125,-28.368752
105796917718799,1788513316068,24.31875,7.05,-28.331251
105796927718799,1788513316078,24.300001,7.1625004,-28.593752
105796937718799,1788513316088,24.206251,7.2375,-28.518751
105796947718799,1788513316098,24.300001,7.425,-28.66875
105796957718799,1788513316108,24.206251,7.36875,-28.331251
105796967718799,1788513316118,24.375002,7.4625,-28.500002
105796977718799,1788513316128,24.337502,7.2562504,-28.650002
105796987718799,1788513316138,24.16875,7.0875,-28.556252
105796997718799,1788513316148,23.98125,7.2937503,-28.575
105797007718799,1788513316158,23.98125,6.99375,-28.425001
105797017718799,1788513316168,23.8875,7.0312505,-28.368752
105797027718799,1788513316178,23.775002,7.0125003,-28.1625
105797037718799,1788513316188,23.868752,7.1062503,-28.2
105797047718799,1788513316198,23.737501,7.36875,-28.2
105797057718799,1788513316208,23.75625,7.70625,-28.06875
105797067718799,1788513316218,23.75625,7.7625003,-28.031252
105797077718799,1788513316228,23.98125,7.6687503,-28.087502
105797087718799,1788513316238,24.075,7.74375,-27.993752
105797097718799,1788513316248,24.281252,7.7250004,-28.143751
105797107718799,1788513316258,24.525002,7.7812505,-28.275002
105797117718799,1788513316268,24.431252,7.7812505,-28.237501
105797127718799,1788513316278,24.431252,7.65,-28.237501
105797137718799,1788513316288,24.618752,7.55625,-28.237501
105797147718799,1788513316298,24.88125,7.6125,-28.275002
105797157718799,1788513316308,24.862501,7.7250004,-28.29375
105797167718799,1788513316318,24.768751,7.6687503,-28.518751
105797177718799,1788513316328,24.712502,7.5375004,-28.612501
105797187718799,1788513316338,24.54375,7.3875003,-28.687502
105797197718799,1788513316348,24.6375,7.2375,-28.968752
105797207718799,1788513316358,24.656252,6.9187503,-28.987501
105797217718799,1788513316368,24.375002,7.05,-28.987501
105797227718799,1788513316378,24.093752,7.0312505,-29.081251
105797237718799,1788513316388,23.962502,6.8437505,-29.062502
105797247718799,1788513316398,23.962502,7.0312505,-28.968752
105797257718799,1788513316408,23.775002,7.05,-28.593752
105797267718799,1788513316418,23.8125,6.99375,-28.500002
105797277718799,1788513316428,23.85,7.0125003,-28.143751
105797287718799,1788513316438,23.94375,7.2937503,-28.10625
105797297718799,1788513316448,24.35625,7.0312505,-27.975
105797307718799,1788513316458,24.431252,7.0687504,-27.862501
105797317718799,1788513316468,24.6,7.14375,-27.88125
105797327718799,1788513316478,24.581251,7.4062505,-27.581251
105797337718799,1788513316488,24.7875,7.4812503,-27.975
105797347718799,1788513316498,24.675001,7.7625003,-28.275002
105797357718799,1788513316508,24.750002,7.8375,-28.35
105797367718799,1788513316518,24.525002,7.7250004,-28.425001
105797377718799,1788513316528,24.337502,7.8187504,-28.425001
105797387718799,1788513316538,24.45,7.8750005,-28.312502
105797397718799,1788513316548,24.50625,8.08125,-28.181252
105797407718799,1788513316558,24.431252,7.8562503,-28.368752
105797417718799,1788513316568,24.225,7.7812505,-28.125002
105797427718799,1788513316578,24.468752,7.7812505,-27.937502
105797437718799,1788513316588,24.45,7.6875005,-27.993752
105797447718799,1788513316598,24.69375,7.6875005,-27.750002
105797457718799,1788513316608,24.487501,7.7625003,-27.750002
105797467718799,1788513316618,24.4125,7.5375004,-28.0125
105797477718799,1788513316628,24.337502,7.4437504,-28.050001
105797487718799,1788513316638,24.562502,7.5375004,-28.050001
105797497718799,1788513316648,24.6375,7.55625,-27.993752
105797507718799,1788513316658,24.54375,7.2187505,-27.862501
105797517718799,1788513316668,24.825,7.275,-27.88125
105797527718799,1788513316678,24.6375,7.4062505,-28.031252
105797537718799,1788513316688,24.975,7.425,-27.975
105797547718799,1788513316698,24.993752,7.74375,-27.975
105797557718799,1788513316708,24.975,7.7250004,-28.10625
105797567718799,1788513316718,24.712502,7.8750005,-28.125002
105797577718799,1788513316728,24.956251,7.7625003,-28.25625
105797587718799,1788513316738,24.975,7.9125004,-28.218752
105797597718799,1788513316748,24.768751,8.025001,-28.1625
105797607718799,1788513316758,25.125002,7.8750005,-28.2
105797617718799,1788513316768,25.10625,7.9500003,-28.368752
105797627718799,1788513316778,24.975,7.8562503,-28.2
105797637718799,1788513316788,25.0125,7.6687503,-28.143751
105797647718799,1788513316798,25.368752,7.4812503,-28.331251
105797657718799,1788513316808,25.44375,7.65,-28.500002
105797667718799,1788513316818,25.425001,7.55625,-28.725
105797677718799,1788513316828,25.275002,7.4437504,-28.85625
105797687718799,1788513316838,25.25625,7.4625,-28.875002
105797697718799,1788513316848,25.143751,7.2562504,-28.800001
105797707718799,1788513316858,25.331251,7.425,-28.893751
105797717718799,1788513316868,25.087502,7.2187505,-29.081251
105797727718799,1788513316878,24.843752,7.1250005,-28.687502
105797737718799,1788513316888,24.712502,7.1250005,-28.556252
105797747718799,1788513316898,24.712502,7.0312505,-28.218752
105797757718799,1788513316908,24.862501,7.1625004,-28.181252
105797767718799,1788513316918,24.712502,7.1625004,-28.087502
105797777718799,1788513316928,24.675001,7.2562504,-27.937502
105797787718799,1788513316938,24.50625,6.99375,-27.675001
105797797718799,1788513316948,24.618752,7.2562504,-27.4125
105797807718799,1788513316958,24.6,7.0875,-27.525002
105797817718799,1788513316968,24.4125,7.0312505,-27.487501
105797827718799,1788513316978,24.300001,7.0875,-27.6
105797837718799,1788513316988,24.0,7.05,-27.6375
105797847718799,1788513316998,23.831251,7.1250005,-27.88125
105797857718799,1788513317008,23.925001,7.0875,-28.050001
105797867718799,1788513317018,23.925001,7.275,-28.218752
105797877718799,1788513317028,23.98125,7.3125005,-28.181252
105797887718799,1788513317038,23.8125,7.55625,-28.25625
105797897718799,1788513317048,23.7,7.5375004,-28.181252
105797907718799,1788513317058,23.8125,7.6312504,-28.368752
105797917718799,1788513317068,23.90625,7.6875005,-28.462502
105797927718799,1788513317078,23.85,7.4812503,-28.181252
105797937718799,1788513317088,23.737501,7.6312504,-28.143751
105797947718799,1788513317098,23.737501,7.6687503,-28.237501
105797957718799,1788513317108,23.90625,7.55625,-28.331251
105797967718799,1788513317118,24.187502,7.5000005,-28.3875
105797977718799,1788513317128,24.393751,7.5937505,-28.556252
105797987718799,1788513317138,24.4125,7.6687503,-28.44375
105797997718799,1788513317148,24.35625,7.6312504,-28.25625
105798007718799,1788513317158,24.50625,7.6312504,-28.44375
105798017718799,1788513317168,24.4125,7.5750003,-28.48125
105798027718799,1788513317178,24.150002,7.1062503,-28.425001
105798037718799,1788513317188,23.8875,7.0875,-28.29375
105798047718799,1788513317198,23.681252,7.14375,-28.275002
105798057718799,1788513317208,23.681252,7.275,-28.125002
105798067718799,1788513317218,23.56875,7.2000003,-28.050001
105798077718799,1788513317228,23.587502,7.0687504,-28.25625
105798087718799,1788513317238,23.775002,7.2562504,-28.10625
105798097718799,1788513317248,23.90625,7.3125005,-27.937502
105798107718799,1788513317258,24.31875,7.4062505,-27.862501
105798117718799,1788513317268,24.581251,7.6875005,-27.843752
105798127718799,1788513317278,24.618752,7.7250004,-27.843752
105798137718799,1788513317288,24.618752,7.5937505,-27.806252
105798147718799,1788513317298,24.618752,7.5375004,-27.900002
105798157718799,1788513317308,24.69375,7.70625,-27.656252
105798167718799,1788513317318,24.337502,7.7625003,-27.712502
105798177718799,1788513317328,24.431252,7.70625,-27.712502
105798187718799,1788513317338,24.225,8.00625,-27.73125
105798197718799,1788513317348,23.85,7.4812503,-27.900002
105798207718799,1788513317358,23.94375,7.4812503,-27.806252
105798217718799,1788513317368,23.94375,7.33125,-27.900002
105798227718799,1788513317378,24.0375,7.2562504,-27.806252
105798237718799,1788513317388,24.187502,7.14375,-27.862501
105798247718799,1788513317398,24.206251,6.9375005,-27.750002
105798257718799,1788513317408,24.056252,6.9750004,-27.806252
105798267718799,1788513317418,24.056252,6.9375005,-27.806252
105798277718799,1788513317428,24.337502,7.2187505,-27.750002
105798287718799,1788513317438,24.375002,7.0875,-27.956251
105798297718799,1788513317448,24.225,7.4812503,-27.7875
105798307718799,1788513317458,24.0,7.5937505,-27.825
105798317718799,1788513317468,24.093752,7.7250004,-27.7875
105798327718799,1788513317478,24.337502,7.6875005,-27.937502
105798337718799,1788513317488,24.431252,7.6125,-28.087502
105798347718799,1788513317498,24.35625,7.5937505,-28.25625
105798357718799,1788513317508,24.337502,7.5750003,-28.3875
105798367718799,1788513317518,24.281252,7.7812505,-28.25625
105798377718799,1788513317528,24.393751,7.51875,-28.44375
105798387718799,1788513317538,24.525002,7.5750003,-28.368752
105798397718799,1788513317548,24.4125,7.6125,-28.5375
105798407718799,1788513317558,24.50625,7.4812503,-28.5375
105798417718799,1788513317568,24.618752,7.5375004,-28.275002
105798427718799,1788513317578,24.825,7.7812505,-28.143751
105798437718799,1788513317588,24.73125,7.6687503,-27.862501
105798447718799,1788513317598,24.562502,7.5000005,-27.750002
105798457718799,1788513317608,24.562502,7.6875005,-27.656252
105798467718799,1788513317618,24.6375,7.5750003,-27.431252
105798477718799,1788513317628,24.468752,7.425,-27.16875
105798487718799,1788513317638,24.225,7.89375,-27.093752
105798497718799,1788513317648,23.98125,8.025001,-27.225
105798507718799,1788513317658,23.94375,7.7625003,-27.112501
105798517718799,1788513317668,23.8875,7.9500003,-27.206251
105798527718799,1788513317678,24.112501,8.1,-27.2625
105798537718799,1788513317688,24.243752,7.8562503,-27.16875
105798547718799,1788513317698,24.093752,7.7625003,-27.45
105798557718799,1788513317708,24.112501,7.6312504,-27.50625
105798567718799,1788513317718,24.2625,7.55625,-27.50625
105798577718799,1788513317728,24.393751,7.2937503,-27.581251
105798587718799,1788513317738,24.337502,7.2562504,-27.806252
105798597718799,1788513317748,24.487501,7.2375,-27.993752
105798607718799,1788513317758,24.54375,7.1625004,-28.031252
105798617718799,1788513317768,24.6,7.3500004,-28.312502
105798627718799,1788513317778,24.750002,7.4625,-28.218752
105798637718799,1788513317788,24.825,7.74375,-28.29375
105798647718799,1788513317798,24.581251,7.6312504,-28.25625
105798657718799,1788513317808,24.618752,7.6312504,-28.406252
105798667718799,1788513317818,24.69375,7.70625,-28.237501
105798677718799,1788513317828,24.69375,7.65,-27.825
105798687718799,1788513317838,24.750002,7.74375,-27.91875
105798697718799,1788513317848,24.712502,7.5750003,-27.712502
105798707718799,1788513317858,24.750002,7.5000005,-27.768751
105798717718799,1788513317868,24.7875,7.33125,-27.862501
105798727718799,1788513317878,24.88125,7.14375,-27.993752
105798737718799,1788513317888,24.993752,7.2187505,-27.73125
105798747718799,1788513317898,25.0125,7.2375,-27.900002
105798757718799,1788513317908,24.7875,7.4437504,-27.956251
105798767718799,1788513317918,24.431252,7.36875,-27.843752
105798777718799,1788513317928,24.300001,7.5375004,-27.88125
105798787718799,1788513317938,24.150002,7.6125,-27.768751
105798797718799,1788513317948,24.13125,7.5750003,-27.562502
105798807718799,1788513317958,24.16875,7.6687503,-27.54375
105798817718799,1788513317968,23.962502,7.6312504,-27.618752
105798827718799,1788513317978,23.737501,7.5375004,-27.337502
105798837718799,1788513317988,24.112501,7.2000003,-27.768751
105798847718799,1788513317998,24.4125,7.4625,-27.843752
105798857718799,1788513318008,24.581251,7.1062503,-28.0125
105798867718799,1788513318018,24.675001,7.1250005,-28.10625
105798877718799,1788513318028,24.562502,7.2187505,-28.312502
105798887718799,1788513318038,24.656252,7.3500004,-28.181252
105798897718799,1788513318048,24.750002,7.6125,-28.2
105798907718799,1788513318058,24.7875,7.5750003,-28.25625
105798917718799,1788513318068,24.6,7.9687505,-28.10625
105798927718799,1788513318078,24.487501,7.6687503,-28.181252
105798937718799,1788513318088,24.225,7.7812505,-27.900002
105798947718799,1788513318098,24.187502,7.70625,-27.91875
105798957718799,1788513318108,24.093752,7.6875005,-27.7875
105798967718799,1788513318118,24.093752,7.6687503,-27.91875
105798977718799,1788513318128,24.093752,7.4812503,-27.69375
105798987718799,1788513318138,24.206251,7.5000005,-27.712502
105798997718799,1788513318148,24.056252,7.3125005,-27.618752
105799007718799,1788513318158,23.98125,7.4625,-27.6
105799017718799,1788513318168,24.243752,7.5937505,-27.712502
105799027718799,1788513318178,24.16875,7.8562503,-27.768751
105799037718799,1788513318188,24.150002,7.6875005,-28.050001
105799047718799,1788513318198,24.187502,7.6312504,-27.956251
105799057718799,1788513318208,24.0375,7.5000005,-28.050001
105799067718799,1788513318218,24.112501,7.5750003,-27.975
105799077718799,1788513318228,24.468752,7.55625,-28.2
105799087718799,1788513318238,24.618752,7.33125,-28.218752
105799097718799,1788513318248,24.431252,7.33125,-28.031252
105799107718799,1788513318258,24.6,7.3125005,-28.031252
105799117718799,1788513318268,24.712502,7.5000005,-27.937502
105799127718799,1788513318278,24.69375,7.5000005,-28.181252
105799137718799,1788513318288,24.768751,7.4062505,-28.2
105799147718799,1788513318298,24.656252,7.51875,-28.29375
105799157718799,1788513318308,24.4125,7.55625,-28.125002
105799167718799,1788513318318,24.35625,7.36875,-28.218752
105799177718799,1788513318328,24.35625,7.4062505,-28.312502
105799187718799,1788513318338,24.2625,7.36875,-28.44375
105799197718799,1788513318348,24.35625,7.3125005,-28.218752
105799207718799,1788513318358,24.16875,7.4437504,-28.143751
105799217718799,1788513318368,23.962502,7.65,-28.3875
105799227718799,1788513318378,23.85,7.4625,-28.3875
105799237718799,1788513318388,23.8875,7.4625,-28.48125
105799247718799,1788513318398,23.831251,7.5750003,-28.312502
105799257718799,1788513318408,23.831251,7.4062505,-28.48125
105799267718799,1788513318418,23.94375,7.275,-28.275002
105799277718799,1788513318428,23.98125,7.55625,-28.275002
105799287718799,1788513318438,23.925001,7.4625,-28.237501
105799297718799,1788513318448,24.187502,7.5375004,-27.937502
105799307718799,1788513318458,24.31875,7.6125,-27.956251
105799317718799,1788513318468,24.31875,7.70625,-27.91875
105799327718799,1788513318478,24.35625,7.89375,-27.900002
105799337718799,1788513318488,24.4125,8.26875,-27.900002
105799347718799,1788513318498,24.4125,8.325001,-27.937502
105799357718799,1788513318508,24.225,8.00625,-28.0125
105799367718799,1788513318518,24.431252,8.00625,-27.862501
105799377718799,1788513318528,24.206251,7.8750005,-28.1625
105799387718799,1788513318538,24.281252,7.8187504,-28.218752
105799397718799,1788513318548,24.16875,7.8375,-28.10625
105799407718799,1788513318558,23.98125,7.93125,-27.88125
105799417718799,1788513318568,23.94375,7.6312504,-27.768751
105799427718799,1788513318578,23.775002,7.6312504,-28.050001
105799437718799,1788513318588,24.0,7.89375,-28.087502
105799447718799,1788513318598,23.90625,8.025001,-28.143751
105799457718799,1788513318608,23.98125,8.0625,-27.900002
105799467718799,1788513318618,23.962502,8.19375,-27.6375
105799477718799,1788513318628,23.868752,8.175,-27.6375
105799487718799,1788513318638,24.075,7.93125,-27.750002
105799497718799,1788513318648,24.13125,8.08125,-27.525002
105799507718799,1788513318658,24.468752,7.93125,-27.187502
105799517718799,1788513318668,24.056252,7.7250004,-27.093752
105799527718799,1788513318678,24.075,7.5937505,-26.94375
105799537718799,1788513318688,24.16875,7.8375,-26.868752
105799547718799,1788513318698,24.206251,7.8375,-27.018751
105799557718799,1788513318708,24.35625,7.7250004,-27.0375
105799567718799,1788513318718,24.375002,7.6687503,-27.093752
105799577718799,1788513318728,24.393751,7.5000005,-27.206251
105799587718799,1788513318738,24.187502,7.55625,-27.2625
105799597718799,1788513318748,24.375002,7.6125,-27.300001
105799607718799,1788513318758,24.35625,7.7250004,-27.281252
105799617718799,1788513318768,24.375002,7.51875,-27.45
105799627718799,1788513318778,24.45,7.3500004,-27.431252
105799637718799,1788513318788,24.562502,7.3125005,-27.618752
105799647718799,1788513318798,24.6375,7.3875003,-27.656252
105799657718799,1788513318808,24.54375,7.55625,-27.937502
105799667718799,1788513318818,24.525002,7.7250004,-27.825
105799677718799,1788513318828,24.806252,7.4812503,-27.937502
105799687718799,1788513318838,24.750002,7.425,-28.031252
105799697718799,1788513318848,24.937502,7.3875003,-28.06875
105799707718799,1788513318858,24.69375,7.4062505,-28.06875
105799717718799,1788513318868,24.675001,7.4812503,-28.087502
105799727718799,1788513318878,24.825,7.5000005,-28.125002
105799737718799,1788513318888,25.031252,7.36875,-28.181252
105799747718799,1788513318898,24.88125,7.275,-28.275002
105799757718799,1788513318908,24.750002,7.5750003,-28.031252
105799767718799,1788513318918,24.88125,7.36875,-28.1625
105799777718799,1788513318928,24.656252,7.2000003,-27.88125
105799787718799,1788513318938,24.69375,7.2937503,-28.031252
105799797718799,1788513318948,24.54375,7.3125005,-27.73125
105799807718799,1788513318958,24.206251,7.3125005,-27.581251
105799817718799,1788513318968,23.94375,7.14375,-27.4125
105799827718799,1788513318978,23.925001,7.1062503,-27.393751
105799837718799,1788513318988,23.962502,7.14375,-27.69375
105799847718799,1788513318998,23.79375,7.1625004,-27.562502
105799857718799,1788513319008,23.94375,7.51875,-27.88125
105799867718799,1788513319018,24.0375,7.3500004,-27.88125
105799877718799,1788513319028,24.31875,7.4437504,-28.06875
105799887718799,1788513319038,24.431252,7.5000005,-28.0125
105799897718799,1788513319048,24.581251,7.5937505,-28.0125
105799907718799,1788513319058,24.750002,7.7250004,-28.087502
105799917718799,1788513319068,24.750002,7.6875005,-27.937502
105799927718799,1788513319078,24.656252,7.7812505,-28.031252
105799937718799,1788513319088,24.712502,7.6312504,-27.937502
105799947718799,1788513319098,24.750002,7.8187504,-27.806252
105799957718799,1788513319108,24.54375,7.70625,-27.69375
105799967718799,1788513319118,24.45,7.6875005,-27.7875
105799977718799,1788513319128,24.393751,7.7812505,-27.7875
105799987718799,1788513319138,24.243752,7.6312504,-27.712502
105799997718799,1788513319148,24.150002,7.6312504,-27.806252
105800007718799,1788513319158,24.431252,7.7812505,-27.91875
105800017718799,1788513319168,24.150002,7.6875005,-27.956251
105800027718799,1788513319178,24.225,7.6125,-28.0125
105800037718799,1788513319188,24.243752,7.6312504,-28.06875
105800047718799,1788513319198,24.45,7.5750003,-28.2
105800057718799,1788513319208,24.337502,7.5000005,-28.312502
105800067718799,1788513319218,24.45,7.425,-28.425001
105800077718799,1788513319228,24.4125,7.2937503,-28.406252
105800087718799,1788513319238,24.300001,7.2937503,-28.25625
105800097718799,1788513319248,24.35625,7.0875,-28.050001
105800107718799,1788513319258,24.112501,7.0312505,-27.975
105800117718799,1788513319268,24.0,6.8250003,-28.050001
105800127718799,1788513319278,23.8875,6.7500005,-27.975
105800137718799,1788513319288,23.85,6.9187503,-27.900002
105800147718799,1788513319298,24.018751,7.0875,-27.88125
105800157718799,1788513319308,24.112501,7.4062505,-27.956251
105800167718799,1788513319318,24.206251,7.5937505,-28.050001
105800177718799,1788513319328,24.281252,7.9875,-28.218752
105800187718799,1788513319338,24.375002,8.212501,-28.29375
105800197718799,1788513319348,24.31875,8.26875,-28.3875
105800207718799,1788513319358,24.31875,8.137501,-28.3875
105800217718799,1788513319368,24.562502,8.025001,-28.368752
105800227718799,1788513319378,24.31875,7.9875,-28.25625
105800237718799,1788513319388,24.393751,7.8187504,-28.29375
105800247718799,1788513319398,24.0375,7.4812503,-28.10625
105800257718799,1788513319408,24.0,7.2937503,-28.29375
105800267718799,1788513319418,23.8125,7.1625004,-28.29375
105800277718799,1788513319428,23.94375,7.4625,-28.087502
105800287718799,1788513319438,23.925001,7.7250004,-28.181252
105800297718799,1788513319448,23.8125,7.89375,-28.25625
105800307718799,1788513319458,23.8875,7.9125004,-28.5375
105800317718799,1788513319468,23.8125,7.65,-28.275002
105800327718799,1788513319478,23.94375,7.70625,-28.48125
105800337718799,1788513319488,23.98125,7.8187504,-28.143751
105800347718799,1788513319498,24.150002,7.7812505,-28.06875
105800357718799,1788513319508,24.150002,7.7250004,-28.1625
105800367718799,1788513319518,24.2625,7.65,-28.10625
105800377718799,1788513319528,24.281252,7.6687503,-27.956251
105800387718799,1788513319538,24.281252,7.6312504,-27.768751
105800397718799,1788513319548,24.13125,7.74375,-27.675001
105800407718799,1788513319558,24.431252,7.70625,-27.45
105800417718799,1788513319568,24.487501,7.4437504,-27.73125
105800427718799,1788513319578,24.2625,7.425,-27.900002
105800437718799,1788513319588,24.150002,7.1062503,-27.843752
105800447718799,1788513319598,24.056252,7.1250005,-27.7875
105800457718799,1788513319608,23.98125,7.0687504,-28.0125
105800467718799,1788513319618,23.90625,6.9375005,-27.975
105800477718799,1788513319628,24.0,7.1062503,-28.031252
105800487718799,1788513319638,23.90625,7.1062503,-27.975
105800497718799,1788513319648,23.90625,7.1062503,-27.91875
105800507718799,1788513319658,24.093752,7.2562504,-27.7875
105800517718799,1788513319668,24.31875,7.5750003,-27.937502
105800527718799,1788513319678,24.2625,7.6312504,-28.06875
105800537718799,1788513319688,24.150002,7.6312504,-27.88125
105800547718799,1788513319698,24.187502,7.70625,-27.768751
105800557718799,1788513319708,24.112501,7.6312504,-27.975
105800567718799,1788513319718,24.243752,7.8187504,-28.143751
105800577718799,1788513319728,24.45,7.8750005,-28.031252
105800587718799,1788513319738,24.431252,7.70625,-28.0125
105800597718799,1788513319748,24.4125,7.55625,-27.69375
105800607718799,1788513319758,24.712502,7.6312504,-27.7875
105800617718799,1788513319768,24.900002,7.5000005,-27.825
105800627718799,1788513319778,25.0125,7.6687503,-27.900002
105800637718799,1788513319788,25.087502,7.70625,-27.937502
105800647718799,1788513319798,25.0125,7.5375004,-28.143751
105800657718799,1788513319808,24.656252,7.6125,-28.368752
105800667718799,1788513319818,24.843752,7.7812505,-28.462502
105800677718799,1788513319828,24.975,7.6875005,-28.575
105800687718799,1788513319838,24.862501,7.9875,-28.518751
105800697718799,1788513319848,24.768751,7.9875,-28.575
105800707718799,1788513319858,24.618752,7.8187504,-28.687502
105800717718799,1788513319868,24.675001,7.55625,-28.44375
105800727718799,1788513319878,24.6375,7.5375004,-28.25625
105800737718799,1788513319888,24.675001,7.5000005,-28.031252
105800747718799,1788513319898,24.431252,7.275,-28.06875
105800757718799,1788513319908,24.16875,7.3875003,-28.1625
105800767718799,1788513319918,24.093752,7.2187505,-28.0125
105800777718799,1788513319928,24.300001,7.33125,-27.750002
105800787718799,1788513319938,24.35625,7.33125,-27.525002
105800797718799,1788513319948,24.150002,7.6125,-27.581251
105800807718799,1788513319958,24.0,7.5000005,-27.581251
105800817718799,1788513319968,24.056252,7.7250004,-27.581251
105800827718799,1788513319978,24.243752,7.89375,-27.468752
105800837718799,1788513319988,24.281252,7.9500003,-27.50625
105800847718799,1788513319998,24.337502,7.89375,-27.525002
105800857718799,1788513320008,24.243752,7.9500003,-27.6
105800867718799,1788513320018,24.375002,8.0625,-27.843752
105800877718799,1788513320028,24.468752,7.9687505,-27.88125
105800887718799,1788513320038,24.50625,8.00625,-27.956251
105800897718799,1788513320048,24.54375,7.89375,-28.050001
105800907718799,1788513320058,24.6,7.89375,-27.825
105800917718799,1788513320068,24.712502,7.8562503,-27.843752
105800927718799,1788513320078,24.6,7.5937505,-27.91875
105800937718799,1788513320088,24.468752,7.4812503,-28.031252
105800947718799,1788513320098,24.375002,7.51875,-27.975
105800957718799,1788513320108,24.243752,7.6687503,-27.91875
105800967718799,1788513320118,24.13125,7.8562503,-27.750002
105800977718799,1788513320128,23.868752,7.8375,-27.675001
105800987718799,1788513320138,23.737501,7.7625003,-27.91875
105800997718799,1788513320148,23.643751,7.65,-27.825
105801007718799,1788513320158,23.56875,7.9500003,-27.7875
105801017718799,1788513320168,23.56875,7.8562503,-27.73125
105801027718799,1788513320178,23.34375,7.6687503,-27.656252
105801037718799,1788513320188,23.5125,7.3875003,-27.825
105801047718799,1788513320198,23.75625,7.3125005,-28.031252
105801057718799,1788513320208,24.018751,7.3500004,-28.10625
105801067718799,1788513320218,23.98125,7.4062505,-27.975
105801077718799,1788513320228,24.075,7.4625,-28.031252
105801087718799,1788513320238,24.16875,7.2375,-27.993752
105801097718799,1788513320248,24.31875,7.275,-28.031252
105801107718799,1788513320258,24.6375,7.36875,-28.050001
105801117718799,1788513320268,24.375002,7.5375004,-27.900002
105801127718799,1788513320278,24.50625,7.65,-27.91875
105801137718799,1788513320288,24.4125,7.6312504,-27.768751
105801147718799,1788513320298,24.35625,7.7250004,-27.768751
105801157718799,1788513320308,24.093752,7.55625,-27.750002
105801167718799,1788513320318,24.2625,7.3875003,-27.91875
105801177718799,1788513320328,24.056252,7.4062505,-27.937502
105801187718799,1788513320338,23.94375,7.3125005,-27.91875
105801197718799,1788513320348,24.093752,7.14375,-28.143751
105801207718799,1788513320358,23.8875,6.8625,-27.956251
105801217718799,1788513320368,24.018751,6.9750004,-28.06875
105801227718799,1788513320378,24.093752,6.80625,-28.050001
105801237718799,1788513320388,24.31875,6.9375005,-27.937502
105801247718799,1788513320398,24.093752,7.1625004,-27.69375
105801257718799,1788513320408,24.075,7.1250005,-27.69375
105801267718799,1788513320418,24.206251,7.33125,-27.900002
105801277718799,1788513320428,24.31875,7.4062505,-27.750002
105801287718799,1788513320438,24.375002,7.6312504,-27.843752
105801297718799,1788513320448,24.300001,7.65,-27.900002
105801307718799,1788513320458,24.187502,7.7625003,-28.218752
105801317718799,1788513320468,24.16875,7.74375,-28.275002
105801327718799,1788513320478,24.093752,7.6125,-28.29375
105801337718799,1788513320488,24.093752,7.70625,-28.406252
105801347718799,1788513320498,23.8125,7.55625,-28.1625
105801357718799,1788513320508,23.90625,7.55625,-28.06875
105801367718799,1788513320518,23.8125,7.4625,-28.0125
105801377718799,1788513320528,23.6625,7.275,-27.91875
105801387718799,1788513320538,23.79375,7.2375,-27.825
105801397718799,1788513320548,23.75625,7.1250005,-27.69375
105801407718799,1788513320558,23.625,7.2937503,-27.6375
105801417718799,1788513320568,23.71875,7.4062505,-27.487501
105801427718799,1788513320578,23.79375,7.3875003,-27.375002
105801437718799,1788513320588,23.775002,7.55625,-27.54375
105801447718799,1788513320598,23.6625,7.5750003,-27.50625
105801457718799,1788513320608,23.925001,7.5000005,-27.581251
105801467718799,1788513320618,24.0,7.2375,-27.468752
105801477718799,1788513320628,24.225,7.425,-27.675001
105801487718799,1788513320638,24.562502,7.33125,-27.562502
105801497718799,1788513320648,24.54375,7.2187505,-27.54375
105801507718799,1788513320658,24.562502,7.2375,-27.618752
105801517718799,1788513320668,24.487501,7.2187505,-27.468752
105801527718799,1788513320678,24.750002,7.05,-27.31875
105801537718799,1788513320688,24.618752,7.2000003,-27.187502
105801547718799,1788513320698,24.54375,7.51875,-27.225
105801557718799,1788513320708,24.281252,7.6687503,-27.243752
105801567718799,1788513320718,24.0375,7.8187504,-27.4125
105801577718799,1788513320728,24.150002,7.8750005,-27.431252
105801587718799,1788513320738,24.31875,7.9125004,-27.54375
105801597718799,1788513320748,24.225,7.8562503,-27.675001
105801607718799,1788513320758,24.112501,7.9500003,-27.825
105801617718799,1788513320768,24.112501,7.8562503,-27.862501
105801627718799,1788513320778,23.925001,7.8,-28.0125
105801637718799,1788513320788,23.90625,7.8375,-27.900002
105801647718799,1788513320798,23.925001,7.55625,-27.806252
105801657718799,1788513320808,23.90625,7.3125005,-27.937502
105801667718799,1788513320818,23.8125,7.2187505,-27.750002
105801677718799,1788513320828,23.962502,7.275,-27.618752
105801687718799,1788513320838,23.868752,7.14375,-27.712502
105801697718799,1788513320848,23.737501,7.3125005,-27.6375
105801707718799,1788513320858,24.0,7.2375,-27.562502
105801717718799,1788513320868,24.018751,7.0687504,-27.525002
105801727718799,1788513320878,24.187502,7.2000003,-27.618752
105801737718799,1788513320888,24.056252,7.425,-27.4125
105801747718799,1788513320898,24.35625,7.55625,-27.431252
105801757718799,1788513320908,24.225,7.51875,-27.4125
105801767718799,1788513320918,24.243752,7.8,-27.337502
105801777718799,1788513320928,24.393751,7.9125004,-27.337502
105801787718799,1788513320938,24.4125,7.89375,-27.225
105801797718799,1788513320948,24.300001,7.7625003,-27.375002
105801807718799,1788513320958,24.300001,8.00625,-27.300001
105801817718799,1788513320968,24.431252,7.89375,-27.206251
105801827718799,1788513320978,24.112501,7.7625003,-27.4125
105801837718799,1788513320988,24.13125,7.65,-27.562502
105801847718799,1788513320998,24.187502,7.70625,-27.562502
105801857718799,1788513321008,24.0375,7.3500004,-27.656252
105801867718799,1788513321018,23.962502,7.6125,-27.806252
105801877718799,1788513321028,23.925001,7.89375,-27.712502
105801887718799,1788513321038,23.94375,7.6687503,-27.843752
105801897718799,1788513321048,23.75625,7.51875,-28.1625
105801907718799,1788513321058,23.775002,7.70625,-28.312502
105801917718799,1788513321068,23.60625,7.7250004,-28.425001
105801927718799,1788513321078,23.7,7.51875,-28.556252
105801937718799,1788513321088,23.868752,7.8,-28.575
105801947718799,1788513321098,23.56875,7.4625,-28.3875
105801957718799,1788513321108,23.71875,7.51875,-28.1625
105801967718799,1788513321118,23.587502,7.65,-28.44375
105801977718799,1788513321128,23.493752,7.8750005,-28.48125
105801987718799,1788513321138,23.643751,7.7250004,-28.031252
105801997718799,1788513321148,23.85,7.8562503,-27.7875
105802007718799,1788513321158,23.90625,8.1,-27.6
105802017718799,1788513321168,23.8125,8.043751,-27.562502
105802027718799,1788513321178,24.0375,8.137501,-27.525002
105802037718799,1788513321188,24.0375,7.89375,-27.843752
105802047718799,1788513321198,24.0,7.5937505,-27.50625
105802057718799,1788513321208,24.056252,7.5750003,-27.206251
105802067718799,1788513321218,24.0,7.65,-27.4125
105802077718799,1788513321228,23.90625,7.65,-27.6
105802087718799,1788513321238,23.75625,7.55625,-27.7875
105802097718799,1788513321248,23.85,7.36875,-27.73125
105802107718799,1788513321258,24.075,7.3500004,-27.88125
105802117718799,1788513321268,24.300001,7.3500004,-27.88125
105802127718799,1788513321278,24.525002,7.5750003,-28.143751
105802137718799,1788513321288,24.675001,7.70625,-28.29375
105802147718799,1788513321298,24.6,7.6875005,-28.275002
105802157718799,1788513321308,24.54375,7.5375004,-28.181252
105802167718799,1788513321318,24.487501,7.2562504,-28.031252
105802177718799,1788513321328,24.487501,7.4625,-28.2
105802187718799,1788513321338,24.4125,7.4812503,-28.087502
105802197718799,1788513321348,24.13125,7.36875,-27.937502
105802207718799,1788513321358,24.075,7.36875,-27.750002
105802217718799,1788513321368,24.225,7.275,-27.7875
105802227718799,1788513321378,24.337502,7.1250005,-27.468752
105802237718799,1788513321388,24.468752,7.2937503,-27.393751
105802247718799,1788513321398,24.618752,7.275,-27.6
105802257718799,1788513321408,24.712502,7.1250005,-27.6
105802267718799,1788513321418,24.750002,7.05,-27.562502
105802277718799,1788513321428,24.7875,7.3125005,-27.656252
105802287718799,1788513321438,24.806252,7.1625004,-27.862501
105802297718799,1788513321448,24.45,7.1625004,-27.862501
105802307718799,1788513321458,24.31875,7.3875003,-28.312502
105802317718799,1788513321468,24.337502,7.2375,-28.312502
105802327718799,1788513321478,24.206251,7.4437504,-28.181252
105802337718799,1788513321488,24.225,7.4812503,-28.1625
105802347718799,1788513321498,24.056252,7.6875005,-28.143751
105802357718799,1788513321508,24.075,7.3875003,-28.2
105802367718799,1788513321518,23.8875,7.36875,-28.06875
105802377718799,1788513321528,24.056252,7.4625,-27.91875
105802387718799,1788513321538,24.112501,7.33125,-28.181252
105802397718799,1788513321548,24.243752,7.4625,-28.2
105802407718799,1788513321558,24.243752,7.3125005,-28.0125
105802417718799,1788513321568,24.225,7.33125,-28.218752
105802427718799,1788513321578,24.225,7.3125005,-28.35
105802437718799,1788513321588,24.431252,7.3500004,-28.368752
105802447718799,1788513321598,24.337502,7.2562504,-28.275002
105802457718799,1788513321608,24.2625,6.99375,-28.312502
105802467718799,1788513321618,24.243752,6.8812504,-28.10625
105802477718799,1788513321628,24.206251,6.80625,-28.368752
105802487718799,1788513321638,24.16875,7.0687504,-28.25625
105802497718799,1788513321648,24.056252,7.1250005,-27.956251
105802507718799,1788513321658,24.0,7.0687504,-27.956251
105802517718799,1788513321668,23.625,7.18125,-28.087502
105802527718799,1788513321678,23.8875,7.3125005,-28.06875
105802537718799,1788513321688,23.98125,7.33125,-28.1625
105802547718799,1788513321698,23.94375,7.2937503,-27.975
105802557718799,1788513321708,23.737501,7.2000003,-27.900002
105802567718799,1788513321718,23.71875,7.2187505,-28.2
105802577718799,1788513321728,23.71875,7.0875,-28.518751
105802587718799,1788513321738,23.60625,7.14375,-28.593752
105802597718799,1788513321748,23.643751,7.18125,-28.35
105802607718799,1788513321758,23.60625,7.36875,-28.48125
105802617718799,1788513321768,23.56875,7.55625,-28.35
105802627718799,1788513321778,23.60625,7.65,-28.29375
105802637718799,1788513321788,23.681252,7.5750003,-28.181252
105802647718799,1788513321798,23.6625,7.3500004,-28.143751
105802657718799,1788513321808,23.8125,7.18125,-27.843752
105802667718799,1788513321818,23.962502,7.1062503,-27.712502
105802677718799,1788513321828,24.056252,7.0125003,-27.675001
105802687718799,1788513321838,24.187502,7.0125003,-27.487501
105802697718799,1788513321848,24.337502,7.0687504,-27.618752
105802707718799,1788513321858,24.2625,7.1250005,-27.50625
105802717718799,1788513321868,24.35625,7.18125,-27.6375
105802727718799,1788513321878,24.50625,7.33125,-27.675001
105802737718799,1788513321888,24.300001,7.4625,-27.806252
105802747718799,1788513321898,24.337502,7.425,-27.900002
105802757718799,1788513321908,24.4125,7.3125005,-28.031252
105802767718799,1788513321918,24.337502,7.4062505,-28.29375
105802777718799,1788513321928,24.187502,7.2375,-28.10625
105802787718799,1788513321938,24.243752,7.4062505,-28.44375
105802797718799,1788513321948,24.281252,7.5000005,-28.35
105802807718799,1788513321958,24.393751,7.4812503,-28.237501
105802817718799,1788513321968,24.2625,7.4812503,-28.1625
105802827718799,1788513321978,24.281252,7.6312504,-28.10625
105802837718799,1788513321988,24.2625,7.93125,-28.031252
105802847718799,1788513321998,24.45,8.025001,-28.031252
105802857718799,1788513322008,24.487501,7.9500003,-28.2
105802867718799,1788513322018,24.50625,7.74375,-28.143751
105802877718799,1788513322028,24.562502,7.74375,-28.050001
105802887718799,1788513322038,24.50625,7.55625,-28.087502
105802897718799,1788513322048,24.900002,7.5000005,-28.2
105802907718799,1788513322058,24.993752,7.4062505,-28.1625
105802917718799,1788513322068,24.862501,7.2187505,-28.218752
105802927718799,1788513322078,24.562502,6.9750004,-28.143751
105802937718799,1788513322088,24.581251,7.14375,-28.125002
105802947718799,1788513322098,24.656252,7.2187505,-28.237501
105802957718799,1788513322108,24.487501,7.275,-28.218752
105802967718799,1788513322118,24.2625,7.1250005,-28.125002
105802977718799,1788513322128,24.112501,7.18125,-28.050001
105802987718799,1788513322138,24.056252,7.1625004,-28.425001
105802997718799,1788513322148,24.112501,7.14375,-28.312502
105803007718799,1788513322158,24.112501,7.05,-28.35
105803017718799,1788513322168,24.13125,6.9750004,-28.10625
105803027718799,1788513322178,24.112501,7.0125003,-27.937502
105803037718799,1788513322188,24.112501,6.95625,-27.843752
105803047718799,1788513322198,24.393751,7.2562504,-27.843752
105803057718799,1788513322208,24.6,7.4437504,-27.91875
105803067718799,1788513322218,24.468752,7.6312504,-27.656252
105803077718799,1788513322228,24.50625,7.7250004,-27.6
105803087718799,1788513322238,24.525002,7.9875,-27.35625
105803097718799,1788513322248,24.31875,7.9875,-27.581251
105803107718799,1788513322258,24.018751,8.0625,-27.487501
105803117718799,1788513322268,24.0375,7.9500003,-27.69375
105803127718799,1788513322278,23.925001,7.9875,-27.712502
105803137718799,1788513322288,23.90625,7.8750005,-27.6375
105803147718799,1788513322298,23.868752,7.5375004,-27.525002
105803157718799,1788513322308,23.85,7.55625,-27.6375
105803167718799,1788513322318,23.737501,7.2937503,-27.937502
105803177718799,1788513322328,24.018751,7.4062505,-27.843752
105803187718799,1788513322338,24.16875,7.18125,-27.7875
105803197718799,1788513322348,24.35625,7.2937503,-27.54375
105803207718799,1788513322358,24.4125,7.3500004,-27.525002
105803217718799,1788513322368,24.300001,7.33125,-27.31875
105803227718799,1788513322378,24.487501,7.51875,-27.45
105803237718799,1788513322388,24.562502,7.3500004,-27.6
105803247718799,1788513322398,24.50625,7.2187505,-27.375002
105803257718799,1788513322408,24.431252,7.1062503,-27.581251
105803267718799,1788513322418,24.468752,7.18125,-27.91875
105803277718799,1788513322428,24.187502,7.0875,-28.143751
105803287718799,1788513322438,23.98125,7.0125003,-28.10625
105803297718799,1788513322448,23.8875,6.9187503,-28.3875
105803307718799,1788513322458,23.8125,6.9750004,-28.312502
105803317718799,1788513322468,23.587502,7.14375,-28.1625
105803327718799,1788513322478,23.85,7.18125,-28.181252
105803337718799,1788513322488,23.775002,7.14375,-28.1625
105803347718799,1788513322498,23.8875,7.1625004,-27.956251
105803357718799,1788513322508,23.962502,7.2562504,-27.975
105803367718799,1788513322518,24.018751,7.3875003,-28.06875
105803377718799,1788513322528,24.0375,7.5937505,-27.937502
105803387718799,1788513322538,23.925001,7.4625,-28.0125
105803397718799,1788513322548,24.281252,7.55625,-28.087502
105803407718799,1788513322558,24.393751,7.8187504,-28.1625
105803417718799,1788513322568,24.468752,7.7625003,-28.087502
105803427718799,1788513322578,24.13125,7.65,-28.1625
105803437718799,1788513322588,24.31875,7.33125,-28.06875
105803447718799,1788513322598,24.45,7.2187505,-27.825
105803457718799,1788513322608,24.487501,7.2562504,-27.7875
105803467718799,1788513322618,24.656252,7.33125,-27.581251
105803477718799,1788513322628,24.487501,7.2937503,-27.50625
105803487718799,1788513322638,24.468752,7.2187505,-27.45
105803497718799,1788513322648,24.618752,7.3125005,-27.35625
105803507718799,1788513322658,24.91875,7.65,-27.4125
105803517718799,1788513322668,24.50625,8.0625,-27.31875
105803527718799,1788513322678,24.13125,8.137501,-27.50625
105803537718799,1788513322688,24.093752,8.137501,-27.375002
105803547718799,1788513322698,24.13125,7.9500003,-27.468752
105803557718799,1788513322708,24.075,8.025001,-27.31875
105803567718799,1788513322718,23.94375,7.93125,-27.4125
105803577718799,1788513322728,23.775002,7.8375,-27.675001
105803587718799,1788513322738,23.75625,7.5937505,-27.656252
105803597718799,1788513322748,23.925001,7.70625,-27.581251
105803607718799,1788513322758,24.31875,7.6125,-27.73125
105803617718799,1788513322768,24.187502,7.36875,-27.7875
105803627718799,1788513322778,24.0,7.5000005,-27.975
105803637718799,1788513322788,23.962502,7.33125,-28.181252
105803647718799,1788513322798,24.093752,7.2937503,-28.275002
105803657718799,1788513322808,24.225,7.5750003,-28.237501
105803667718799,1788513322818,24.281252,7.6687503,-28.050001
105803677718799,1788513322828,24.525002,7.33125,-28.125002
105803687718799,1788513322838,24.393751,7.2937503,-28.143751
105803697718799,1788513322848,24.581251,7.5375004,-28.500002
105803707718799,1788513322858,24.750002,7.5937505,-28.518751
105803717718799,1788513322868,24.88125,7.6687503,-28.5375
105803727718799,1788513322878,24.7875,7.7625003,-28.3875
105803737718799,1788513322888,24.69375,7.55625,-28.29375
105803747718799,1788513322898,24.45,7.4625,-28.48125
105803757718799,1788513322908,24.2625,7.65,-28.650002
105803767718799,1788513322918,24.35625,7.70625,-28.612501
105803777718799,1788513322928,24.393751,7.6875005,-28.312502
105803787718799,1788513322938,24.375002,7.55625,-28.237501
105803797718799,1788513322948,24.393751,7.4437504,-28.312502
105803807718799,1788513322958,24.50625,7.4062505,-28.331251
105803817718799,1788513322968,24.431252,7.2937503,-28.368752
105803827718799,1788513322978,24.88125,7.2937503,-28.3875
105803837718799,1788513322988,24.975,7.2000003,-28.29375
105803847718799,1788513322998,24.956251,7.18125,-28.181252
105803857718799,1788513323008,24.900002,6.9375005,-28.331251
105803867718799,1788513323018,24.750002,7.0875,-28.275002
105803877718799,1788513323028,24.7875,7.0312505,-28.125002
105803887718799,1788513323038,24.7875,6.9375005,-28.125002
105803897718799,1788513323048,24.806252,7.2375,-27.993752
105803907718799,1788513323058,24.431252,7.0687504,-27.937502
105803917718799,1788513323068,24.50625,7.0125003,-27.91875
105803927718799,1788513323078,24.206251,7.05,-28.031252
105803937718799,1788513323088,24.300001,7.1250005,-27.993752
105803947718799,1788513323098,24.281252,7.1062503,-28.0125
105803957718799,1788513323108,24.075,7.1250005,-28.237501
105803967718799,1788513323118,24.16875,7.2562504,-28.125002
105803977718799,1788513323128,24.225,7.2000003,-28.10625
105803987718799,1788513323138,24.337502,7.2937503,-27.900002
105803997718799,1788513323148,23.868752,7.3875003,-28.050001
105804007718799,1788513323158,24.0375,7.3875003,-28.031252
105804017718799,1788513323168,23.98125,7.4062505,-28.10625
105804027718799,1788513323178,23.90625,7.4625,-28.087502
105804037718799,1788513323188,24.0,7.65,-27.900002
105804047718799,1788513323198,24.187502,7.6687503,-28.143751
105804057718799,1788513323208,24.243752,7.5000005,-28.275002
105804067718799,1788513323218,24.243752,7.70625,-28.650002
105804077718799,1788513323228,24.675001,7.5375004,-28.687502
105804087718799,1788513323238,24.806252,7.36875,-28.612501
105804097718799,1788513323248,24.73125,7.70625,-28.462502
105804107718799,1788513323258,24.88125,7.5375004,-28.612501
105804117718799,1788513323268,24.88125,7.3875003,-28.743752
105804127718799,1788513323278,24.562502,7.3875003,-28.593752
105804137718799,1788513323288,24.31875,7.4812503,-28.575
105804147718799,1788513323298,24.487501,7.3875003,-28.3875
105804157718799,1788513323308,24.50625,7.5750003,-28.1625
105804167718799,1788513323318,24.393751,7.7812505,-28.181252
105804177718799,1788513323328,24.393751,7.70625,-28.331251
105804187718799,1788513323338,24.6,7.8750005,-28.125002
105804197718799,1788513323348,24.675001,7.89375,-28.0125
105804207718799,1788513323358,24.806252,7.93125,-27.975
105804217718799,1788513323368,24.768751,7.93125,-27.88125
105804227718799,1788513323378,24.50625,7.89375,-27.937502
105804237718799,1788513323388,24.393751,8.175,-27.7875
105804247718799,1788513323398,24.393751,8.118751,-27.843752
105804257718799,1788513323408,24.243752,7.70625,-27.562502
105804267718799,1788513323418,23.98125,7.7250004,-27.712502
105804277718799,1788513323428,23.90625,7.7625003,-27.69375
105804287718799,1788513323438,23.60625,7.5937505,-28.031252
105804297718799,1788513323448,23.643751,7.5937505,-28.087502
105804307718799,1788513323458,23.7,7.6875005,-27.91875
105804317718799,1788513323468,23.775002,7.36875,-28.35
105804327718799,1788513323478,23.8875,7.36875,-28.687502
105804337718799,1788513323488,24.018751,7.7250004,-28.875002
105804347718799,1788513323498,24.018751,7.5375004,-28.81875
105804357718799,1788513323508,24.093752,7.5937505,-28.743752
105804367718799,1788513323518,24.2625,7.6875005,-28.687502
105804377718799,1788513323528,24.468752,7.5937505,-28.875002
105804387718799,1788513323538,24.468752,7.7812505,-29.04375
105804397718799,1788513323548,24.4125,7.7812505,-28.85625
105804407718799,1788513323558,24.35625,7.51875,-28.425001
105804417718799,1788513323568,24.375002,7.4062505,-28.312502
105804427718799,1788513323578,24.45,7.4812503,-28.237501
105804437718799,1788513323588,24.281252,7.55625,-28.35
105804447718799,1788513323598,24.150002,7.6125,-27.975
105804457718799,1788513323608,24.018751,7.3875003,-27.750002
105804467718799,1788513323618,23.94375,7.275,-27.69375
105804477718799,1788513323628,24.018751,7.4812503,-27.806252
105804487718799,1788513323638,23.962502,7.6687503,-27.843752
105804497718799,1788513323648,24.075,7.7625003,-27.91875
105804507718799,1788513323658,24.075,7.8,-27.750002
105804517718799,1788513323668,24.150002,7.70625,-27.562502
105804527718799,1788513323678,24.056252,7.65,-27.618752
105804537718799,1788513323688,24.2625,8.025001,-27.487501
105804547718799,1788513323698,24.187502,7.9875,-27.54375
105804557718799,1788513323708,24.093752,7.93125,-27.54375
105804567718799,1788513323718,24.112501,7.9500003,-27.487501
105804577718799,1788513323728,23.925001,7.7625003,-27.45
105804587718799,1788513323738,24.0,7.74375,-27.69375
105804597718799,1788513323748,23.962502,7.8375,-27.937502
105804607718799,1788513323758,24.187502,7.7250004,-28.0125
105804617718799,1788513323768,24.0375,7.51875,-28.181252
105804627718799,1788513323778,24.206251,7.55625,-28.1625
105804637718799,1788513323788,24.337502,7.3500004,-28.10625
105804647718799,1788513323798,24.300001,7.2375,-28.25625
105804657718799,1788513323808,24.431252,7.0875,-28.275002
105804667718799,1788513323818,24.2625,7.1625004,-28.181252
105804677718799,1788513323828,24.393751,7.0687504,-28.087502
105804687718799,1788513323838,24.243752,7.1625004,-28.331251
105804697718799,1788513323848,24.16875,7.2187505,-28.3875
105804707718799,1788513323858,24.2625,7.1250005,-28.2
105804717718799,1788513323868,24.056252,7.0312505,-28.237501
105804727718799,1788513323878,24.093752,7.3875003,-28.1625
105804737718799,1788513323888,24.075,7.4625,-28.331251
105804747718799,1788513323898,24.093752,7.2937503,-28.218752
105804757718799,1788513323908,23.85,7.1062503,-28.35
105804767718799,1788513323918,23.85,7.14375,-28.25625
105804777718799,1788513323928,23.90625,6.9375005,-28.237501
105804787718799,1788513323938,23.737501,6.95625,-28.44375
105804797718799,1788513323948,23.925001,7.0687504,-28.462502
105804807718799,1788513323958,23.775002,6.7312503,-28.518751
105804817718799,1788513323968,23.737501,6.6937504,-28.650002
105804827718799,1788513323978,23.831251,6.7875004,-28.650002
105804837718799,1788513323988,23.98125,6.9750004,-28.462502
105804847718799,1788513323998,24.018751,7.0125003,-28.3875
105804857718799,1788513324008,23.98125,7.3875003,-28.35
105804867718799,1788513324018,23.8875,7.51875,-28.35
105804877718799,1788513324028,23.6625,7.5375004,-28.143751
105804887718799,1788513324038,23.831251,7.4812503,-28.1625
105804897718799,1788513324048,24.018751,7.70625,-27.88125
105804907718799,1788513324058,24.0,7.55625,-28.087502
105804917718799,1788513324068,24.056252,7.36875,-28.050001
105804927718799,1788513324078,24.075,7.4812503,-27.843752
105804937718799,1788513324088,23.962502,7.3875003,-27.806252
105804947718799,1788513324098,24.13125,7.2000003,-27.656252
105804957718799,1788513324108,24.206251,7.2562504,-27.806252
105804967718799,1788513324118,24.150002,7.5375004,-27.862501
105804977718799,1788513324128,23.98125,7.5375004,-27.806252
105804987718799,1788513324138,24.112501,7.8562503,-27.6
105804997718799,1788513324148,24.075,8.15625,-27.712502
105805007718799,1788513324158,24.0,7.9875,-27.7875
105805017718799,1788513324168,24.2625,7.9500003,-27.975
105805027718799,1788513324178,24.31875,8.19375,-27.88125
105805037718799,1788513324188,24.393751,8.08125,-27.73125
105805047718799,1788513324198,24.54375,7.74375,-27.843752
105805057718799,1788513324208,24.562502,7.6312504,-27.900002
105805067718799,1788513324218,24.525002,7.5750003,-28.275002
105805077718799,1788513324228,24.581251,7.36875,-28.29375
105805087718799,1788513324238,24.656252,7.4062505,-28.406252
105805097718799,1788513324248,24.337502,7.3875003,-28.406252
105805107718799,1788513324258,24.50625,7.0687504,-28.725
105805117718799,1788513324268,24.618752,7.18125,-28.837502
105805127718799,1788513324278,24.337502,7.2000003,-28.556252
105805137718799,1788513324288,24.2625,7.4437504,-28.650002
105805147718799,1788513324298,24.2625,7.0875,-28.237501
105805157718799,1788513324308,24.31875,7.14375,-28.2
105805167718799,1788513324318,24.13125,6.99375,-28.2
105805177718799,1788513324328,24.750002,6.9750004,-28.031252
105805187718799,1788513324338,24.431252,7.1625004,-27.768751
105805197718799,1788513324348,24.487501,7.0312505,-27.675001
105805207718799,1788513324358,24.69375,7.0687504,-27.69375
105805217718799,1788513324368,24.825,6.7500005,-27.843752
105805227718799,1788513324378,24.7875,6.99375,-27.862501
105805237718799,1788513324388,24.656252,6.99375,-27.675001
105805247718799,1788513324398,24.88125,7.14375,-27.88125
105805257718799,1788513324408,24.50625,7.36875,-27.768751
105805267718799,1788513324418,24.54375,7.1250005,-27.7875
105805277718799,1788513324428,24.468752,7.2937503,-27.806252
105805287718799,1788513324438,24.2625,7.2375,-27.91875
105805297718799,1788513324448,24.187502,7.425,-27.91875
105805307718799,1788513324458,24.31875,7.4062505,-28.031252
105805317718799,1788513324468,24.35625,7.2375,-28.331251
105805327718799,1788513324478,24.300001,7.275,-28.0125
105805337718799,1788513324488,24.31875,7.1062503,-28.125002
105805347718799,1788513324498,24.337502,7.33125,-27.975
105805357718799,1788513324508,24.093752,7.1625004,-27.843752
105805367718799,1788513324518,24.16875,7.2937503,-28.0125
105805377718799,1788513324528,24.056252,7.1062503,-27.6375
105805387718799,1788513324538,23.775002,6.8250003,-27.69375
105805397718799,1788513324548,23.71875,6.8250003,-27.50625
105805407718799,1788513324558,23.8125,6.675,-27.6
105805417718799,1788513324568,23.7,6.9375005,-27.768751
105805427718799,1788513324578,23.456251,6.99375,-28.0125
105805437718799,1788513324588,23.71875,7.0312505,-28.368752
105805447718799,1788513324598,23.6625,7.14375,-28.143751
105805457718799,1788513324608,23.71875,7.1625004,-28.556252
105805467718799,1788513324618,23.71875,7.275,-28.368752
105805477718799,1788513324628,23.868752,7.3875003,-28.368752
105805487718799,1788513324638,23.925001,7.55625,-28.48125
105805497718799,1788513324648,24.0,7.2000003,-28.368752
105805507718799,1788513324658,24.112501,7.0687504,-28.462502
105805517718799,1788513324668,24.075,7.14375,-28.275002
105805527718799,1788513324678,23.868752,7.0312505,-28.29375
105805537718799,1788513324688,24.075,7.275,-27.88125
105805547718799,1788513324698,24.2625,7.275,-28.10625
105805557718799,1788513324708,24.0,7.3500004,-28.125002
105805567718799,1788513324718,24.056252,7.3500004,-27.843752
105805577718799,1788513324728,24.187502,7.33125,-27.825
105805587718799,1788513324738,24.4125,7.3125005,-27.69375
105805597718799,1788513324748,24.337502,7.3500004,-27.73125
105805607718799,1788513324758,24.468752,7.3500004,-27.54375
105805617718799,1788513324768,24.35625,7.1250005,-27.675001
105805627718799,1788513324778,24.075,7.1062503,-27.6375
105805637718799,1788513324788,24.093752,7.2000003,-27.50625
105805647718799,1788513324798,23.925001,7.1062503,-27.675001
105805657718799,1788513324808,23.925001,7.2000003,-27.768751
105805667718799,1788513324818,23.962502,7.3875003,-27.73125
105805677718799,1788513324828,23.94375,7.4062505,-27.656252
105805687718799,1788513324838,24.187502,7.65,-27.843752
105805697718799,1788513324848,24.150002,7.8,-27.750002
105805707718799,1788513324858,24.375002,7.8562503,-27.806252
105805717718799,1788513324868,24.487501,7.55625,-27.88125
105805727718799,1788513324878,24.468752,7.65,-27.806252
105805737718799,1788513324888,24.243752,7.6687503,-27.656252
105805747718799,1788513324898,24.056252,7.33125,-27.69375
105805757718799,1788513324908,24.13125,7.0875,-27.69375
105805767718799,1788513324918,24.13125,6.95625,-27.6375
105805777718799,1788513324928,24.093752,6.9187503,-27.712502
105805787718799,1788513324938,24.0,6.9187503,-27.712502
105805797718799,1788513324948,23.925001,7.1625004,-27.843752
105805807718799,1788513324958,24.0375,6.9750004,-27.88125
105805817718799,1788513324968,24.112501,7.14375,-28.0125
105805827718799,1788513324978,24.243752,7.2187505,-27.900002
105805837718799,1788513324988,24.243752,7.2562504,-27.825
105805847718799,1788513324998,24.093752,7.2562504,-27.88125
105805857718799,1788513325008,24.35625,7.2375,-27.843752
105805867718799,1788513325018,24.206251,7.33125,-27.73125
105805877718799,1788513325028,24.187502,7.2562504,-27.712502
105805887718799,1788513325038,24.0375,7.425,-27.7875
105805897718799,1788513325048,24.13125,7.2375,-27.69375
105805907718799,1788513325058,24.150002,7.4062505,-27.862501
105805917718799,1788513325068,24.243752,7.4062505,-27.862501
105805927718799,1788513325078,24.225,7.1625004,-27.581251
105805937718799,1788513325088,24.13125,7.2375,-27.88125
105805947718799,1788513325098,24.35625,7.2187505,-28.031252
105805957718799,1788513325108,24.656252,7.33125,-27.937502
105805967718799,1788513325118,24.581251,7.2187505,-27.806252
105805977718799,1788513325128,24.581251,7.2187505,-27.656252
105805987718799,1788513325138,24.525002,7.0687504,-27.6
105805997718799,1788513325148,24.4125,7.5375004,-27.862501
105806007718799,1788513325158,24.375002,7.9125004,-28.06875
105806017718799,1788513325168,24.225,7.8750005,-27.825
105806027718799,1788513325178,24.13125,7.9500003,-27.768751
105806037718799,1788513325188,23.90625,8.00625,-27.806252
105806047718799,1788513325198,24.112501,8.025001,-27.975
105806057718799,1788513325208,24.018751,7.9687505,-28.237501
105806067718799,1788513325218,23.79375,8.025001,-28.275002
105806077718799,1788513325228,23.56875,7.55625,-28.181252
105806087718799,1788513325238,23.587502,7.5375004,-28.25625
105806097718799,1788513325248,23.775002,7.6875005,-28.125002
105806107718799,1788513325258,23.90625,7.4437504,-28.087502
105806117718799,1788513325268,24.018751,7.4437504,-28.25625
105806127718799,1788513325278,23.85,7.4062505,-28.181252
105806137718799,1788513325288,23.962502,7.5375004,-28.10625
105806147718799,1788513325298,24.16875,7.51875,-27.806252
105806157718799,1788513325308,24.281252,7.6312504,-27.7875
105806167718799,1788513325318,24.431252,7.425,-27.88125
105806177718799,1788513325328,24.225,7.1625004,-28.06875
105806187718799,1788513325338,24.0375,7.3125005,-27.88125
105806197718799,1788513325348,24.112501,7.36875,-27.806252
105806207718799,1788513325358,24.16875,7.55625,-27.806252
105806217718799,1788513325368,24.300001,7.4062505,-27.88125
105806227718799,1788513325378,24.31875,7.3875003,-28.087502
105806237718799,1788513325388,24.375002,7.275,-28.218752
105806247718799,1788513325398,24.337502,7.3875003,-28.0125
105806257718799,1788513325408,24.393751,7.5375004,-27.91875
105806267718799,1788513325418,24.7875,7.5937505,-28.031252
105806277718799,1788513325428,24.6,7.5937505,-27.900002
105806287718799,1788513325438,24.712502,7.5000005,-27.843752
105806297718799,1788513325448,24.50625,7.6312504,-27.712502
105806307718799,1788513325458,24.618752,8.0625,-27.487501
105806317718799,1788513325468,24.45,8.212501,-27.16875
105806327718799,1788513325478,24.54375,8.137501,-27.4125
105806337718799,1788513325488,24.54375,8.137501,-27.54375
105806347718799,1788513325498,24.187502,7.9125004,-27.73125
105806357718799,1788513325508,24.093752,7.6687503,-27.69375
105806367718799,1788513325518,23.962502,7.7812505,-27.862501
105806377718799,1788513325528,24.0,7.6875005,-27.69375
105806387718799,1788513325538,23.737501,7.4812503,-27.712502
105806397718799,1788513325548,23.85,7.3500004,-27.956251
105806407718799,1788513325558,23.94375,7.4062505,-27.825
105806417718799,1788513325568,23.962502,7.2937503,-27.768751
105806427718799,1788513325578,24.093752,7.3875003,-27.45
105806437718799,1788513325588,24.243752,7.5000005,-27.45
105806447718799,1788513325598,24.300001,7.2937503,-27.468752
105806457718799,1788513325608,24.206251,7.2000003,-27.562502
105806467718799,1788513325618,24.31875,7.2375,-27.900002
105806477718799,1788513325628,24.2625,7.4812503,-27.88125
105806487718799,1788513325638,23.962502,7.3875003,-27.843752
105806497718799,1788513325648,24.018751,7.5937505,-28.06875
105806507718799,1788513325658,23.85,7.6687503,-28.1625
105806517718799,1788513325668,23.85,7.6125,-28.556252
105806527718799,1788513325678,23.8125,7.8562503,-28.35
105806537718799,1788513325688,23.94375,7.9500003,-28.406252
105806547718799,1788513325698,23.925001,7.8750005,-28.331251
105806557718799,1788513325708,24.2625,7.6875005,-28.275002
105806567718799,1788513325718,24.300001,7.8187504,-28.275002
105806577718799,1788513325728,24.2625,7.8750005,-28.2
105806587718799,1788513325738,24.6,7.89375,-28.462502
105806597718799,1788513325748,24.6375,7.89375,-27.956251
105806607718799,1788513325758,24.562502,7.6687503,-28.031252
105806617718799,1788513325768,24.45,7.70625,-28.0125
105806627718799,1788513325778,24.468752,7.6875005,-28.031252
105806637718799,1788513325788,24.337502,7.6125,-28.031252
105806647718799,1788513325798,24.206251,7.5750003,-27.88125
105806657718799,1788513325808,24.45,7.3875003,-27.618752
105806667718799,1788513325818,24.35625,7.33125,-27.431252
105806677718799,1788513325828,24.243752,7.3125005,-27.73125
105806687718799,1788513325838,24.31875,7.2187505,-27.6375
105806697718799,1788513325848,24.375002,7.275,-27.993752
105806707718799,1788513325858,24.4125,7.0875,-28.087502
105806717718799,1788513325868,24.4125,6.95625,-28.143751
105806727718799,1788513325878,24.750002,6.8625,-28.237501
105806737718799,1788513325888,24.69375,6.99375,-28.35
105806747718799,1788513325898,24.581251,6.9375005,-28.575
105806757718799,1788513325908,24.281252,7.1250005,-28.462502
105806767718799,1788513325918,24.393751,7.1625004,-28.575
105806777718799,1788513325928,24.31875,7.0875,-28.425001
105806787718799,1788513325938,24.300001,7.36875,-28.462502
105806797718799,1788513325948,24.225,7.3875003,-28.575
105806807718799,1788513325958,24.093752,7.3875003,-28.687502
105806817718799,1788513325968,23.868752,7.3875003,-28.575
105806827718799,1788513325978,23.7,7.4812503,-28.593752
105806837718799,1788513325988,24.112501,7.4437504,-28.650002
105806847718799,1788513325998,24.018751,7.4812503,-28.743752
105806857718799,1788513326008,23.98125,7.65,-28.425001
105806867718799,1788513326018,24.0,7.6312504,-28.368752
105806877718799,1788513326028,24.13125,8.08125,-28.312502
105806887718799,1788513326038,23.962502,8.08125,-28.125002
105806897718799,1788513326048,23.962502,8.118751,-28.368752
105806907718799,1788513326058,23.98125,8.2875,-28.2
105806917718799,1788513326068,23.79375,8.15625,-28.10625
105806927718799,1788513326078,23.7,8.212501,-27.900002
105806937718799,1788513326088,23.71875,8.1,-28.0125
105806947718799,1788513326098,23.7,8.025001,-27.975
105806957718799,1788513326108,23.493752,7.6312504,-27.825
105806967718799,1788513326118,23.456251,7.8187504,-27.7875
105806977718799,1788513326128,23.56875,7.74375,-27.862501
105806987718799,1788513326138,23.8125,7.5375004,-27.750002
105806997718799,1788513326148,23.94375,7.65,-27.900002
105807007718799,1788513326158,23.94375,7.2937503,-27.993752
105807017718799,1788513326168,23.90625,7.3125005,-28.06875
105807027718799,1788513326178,23.98125,7.33125,-28.050001
105807037718799,1788513326188,24.0375,7.4625,-28.143751
105807047718799,1788513326198,24.31875,7.1250005,-28.25625
105807057718799,1788513326208,24.075,6.8812504,-27.88125
105807067718799,1788513326218,23.98125,6.8437505,-27.91875
105807077718799,1788513326228,23.94375,6.7312503,-27.806252
105807087718799,1788513326238,24.056252,7.0312505,-27.69375
105807097718799,1788513326248,24.35625,7.14375,-27.73125
105807107718799,1788513326258,24.225,6.95625,-27.487501
105807117718799,1788513326268,24.31875,6.8625,-27.337502
105807127718799,1788513326278,24.206251,6.9,-27.4125
105807137718799,1788513326288,24.13125,7.2187505,-27.54375
105807147718799,1788513326298,24.337502,7.3875003,-27.675001
105807157718799,1788513326308,24.31875,7.36875,-27.562502
105807167718799,1788513326318,24.16875,7.2375,-27.562502
105807177718799,1788513326328,24.112501,7.2000003,-27.7875
105807187718799,1788513326338,24.16875,7.2937503,-27.88125
105807197718799,1788513326348,24.018751,7.3500004,-28.06875
105807207718799,1788513326358,24.018751,7.5375004,-28.0125
105807217718799,1788513326368,24.112501,7.3125005,-28.1625
105807227718799,1788513326378,23.831251,7.2000003,-27.975
105807237718799,1788513326388,23.8125,7.4062505,-28.050001
105807247718799,1788513326398,24.075,7.7250004,-28.10625
105807257718799,1788513326408,23.831251,7.36875,-27.843752
105807267718799,1788513326418,23.868752,7.2375,-27.88125
105807277718799,1788513326428,23.8125,7.18125,-27.656252
105807287718799,1788513326438,23.643751,7.05,-27.656252
105807297718799,1788513326448,23.71875,6.9,-27.431252
105807307718799,1788513326458,23.75625,6.95625,-27.6375
105807317718799,1788513326468,23.962502,6.5437503,-27.91875
105807327718799,1788513326478,23.831251,6.24375,-27.843752
105807337718799,1788513326488,23.831251,6.5062504,-27.806252
105807347718799,1788513326498,23.925001,6.7312503,-28.050001
105807357718799,1788513326508,24.0,6.8437505,-28.1625
105807367718799,1788513326518,24.13125,6.9375005,-28.3875
105807377718799,1788513326528,24.31875,7.1250005,-28.5375
105807387718799,1788513326538,24.243752,7.1625004,-28.518751
105807397718799,1788513326548,24.056252,7.55625,-28.500002
105807407718799,1788513326558,24.075,7.8375,-28.63125
105807417718799,1788513326568,24.300001,7.7625003,-28.725
105807427718799,1788513326578,24.187502,7.5937505,-28.518751
105807437718799,1788513326588,24.281252,7.4812503,-28.706251
105807447718799,1788513326598,24.300001,7.5000005,-28.48125
105807457718799,1788513326608,24.243752,7.70625,-28.500002
105807467718799,1788513326618,24.468752,7.74375,-28.331251
105807477718799,1788513326628,24.525002,7.6875005,-28.2
105807487718799,1788513326638,24.50625,7.51875,-28.125002
105807497718799,1788513326648,24.487501,7.5000005,-28.2
105807507718799,1788513326658,24.4125,7.65,-28.181252
105807517718799,1788513326668,24.375002,7.7625003,-27.993752
105807527718799,1788513326678,24.150002,7.8,-27.862501
105807537718799,1788513326688,24.187502,7.55625,-27.73125
105807547718799,1788513326698,24.112501,7.3500004,-27.937502
105807557718799,1788513326708,24.056252,7.2562504,-27.937502
105807567718799,1788513326718,24.075,7.18125,-28.0125
105807577718799,1788513326728,23.831251,7.1625004,-27.825
105807587718799,1788513326738,23.98125,7.0687504,-27.843752
105807597718799,1788513326748,23.85,6.8250003,-27.956251
105807607718799,1788513326758,24.018751,6.9375005,-27.937502
105807617718799,1788513326768,23.94375,7.18125,-27.843752
105807627718799,1788513326778,23.94375,7.3500004,-27.806252
105807637718799,1788513326788,23.962502,7.36875,-27.69375
105807647718799,1788513326798,23.94375,7.4812503,-27.581251
105807657718799,1788513326808,24.112501,7.4437504,-27.525002
105807667718799,1788513326818,24.093752,7.65,-27.54375
105807677718799,1788513326828,24.393751,7.8,-27.45
105807687718799,1788513326838,24.375002,7.7250004,-27.468752
105807697718799,1788513326848,24.375002,7.5375004,-27.50625
105807707718799,1788513326858,24.525002,7.2375,-27.300001
105807717718799,1788513326868,24.656252,7.3125005,-27.225
105807727718799,1788513326878,24.69375,7.18125,-27.0375
105807737718799,1788513326888,24.675001,7.3125005,-27.093752
105807747718799,1788513326898,24.581251,7.18125,-27.150002
105807757718799,1788513326908,24.487501,7.2562504,-26.962502
105807767718799,1788513326918,24.6,7.18125,-26.94375
105807777718799,1788513326928,24.562502,7.18125,-27.093752
105807787718799,1788513326938,24.375002,7.4062505,-27.206251
105807797718799,1788513326948,24.2625,7.2187505,-27.487501
105807807718799,1788513326958,24.056252,7.3125005,-27.581251
105807817718799,1788513326968,23.831251,7.4062505,-27.6
105807827718799,1788513326978,23.85,7.425,-27.712502
105807837718799,1788513326988,23.775002,7.3125005,-28.10625
105807847718799,1788513326998,23.868752,7.425,-28.425001
105807857718799,1788513327008,24.056252,7.51875,-28.63125
105807867718799,1788513327018,24.056252,7.4625,-28.518751
105807877718799,1788513327028,24.150002,7.55625,-28.48125
105807887718799,1788513327038,24.431252,7.51875,-28.706251
105807897718799,1788513327048,24.525002,7.425,-28.837502
105807907718799,1788513327058,24.35625,7.4062505,-28.556252
105807917718799,1788513327068,24.300001,7.4437504,-28.556252
105807927718799,1788513327078,24.093752,7.4625,-28.3875
105807937718799,1788513327088,23.925001,7.2937503,-28.1625
105807947718799,1788513327098,23.962502,7.3875003,-28.25625
105807957718799,1788513327108,23.71875,7.36875,-28.312502
105807967718799,1788513327118,23.71875,7.33125,-28.462502
105807977718799,1788513327128,23.868752,7.5375004,-28.556252
105807987718799,1788513327138,23.8125,7.5375004,-28.800001
105807997718799,1788513327148,24.056252,7.4437504,-28.556252
105808007718799,1788513327158,24.112501,7.3875003,-28.556252
105808017718799,1788513327168,23.98125,7.4062505,-28.425001
105808027718799,1788513327178,24.0375,7.4625,-28.462502
105808037718799,1788513327188,24.187502,7.51875,-28.425001
105808047718799,1788513327198,24.0375,7.6125,-28.35
105808057718799,1788513327208,23.925001,7.3875003,-28.275002
105808067718799,1788513327218,24.16875,7.2937503,-28.44375
105808077718799,1788513327228,23.90625,7.425,-28.687502
105808087718799,1788513327238,23.868752,7.3500004,-28.612501
105808097718799,1788513327248,24.13125,7.4812503,-28.931252
105808107718799,1788513327258,24.337502,7.2937503,-28.987501
105808117718799,1788513327268,24.2625,7.33125,-28.95
105808127718799,1788513327278,24.2625,7.275,-28.687502
105808137718799,1788513327288,24.375002,7.33125,-28.462502
105808147718799,1788513327298,24.337502,7.1062503,-28.312502
105808157718799,1788513327308,24.4125,7.2187505,-28.10625
105808167718799,1788513327318,24.6375,7.275,-28.237501
105808177718799,1788513327328,24.31875,7.2562504,-27.956251
105808187718799,1788513327338,24.13125,7.2000003,-27.88125
105808197718799,1788513327348,24.300001,7.1062503,-27.73125
105808207718799,1788513327358,24.281252,7.3500004,-27.862501
105808217718799,1788513327368,24.075,7.33125,-28.0125
105808227718799,1788513327378,24.018751,7.74375,-27.900002
105808237718799,1788513327388,24.13125,7.6125,-28.031252
105808247718799,1788513327398,23.94375,7.4625,-28.087502
105808257718799,1788513327408,23.962502,7.4437504,-28.0125
105808267718799,1788513327418,23.868752,7.51875,-27.91875
105808277718799,1788513327428,23.71875,7.6875005,-27.993752
105808287718799,1788513327438,23.8875,7.6687503,-27.88125
105808297718799,1788513327448,24.13125,7.7250004,-27.6375
105808307718799,1788513327458,24.2625,7.55625,-27.54375
105808317718799,1788513327468,24.16875,7.425,-27.375002
105808327718799,1788513327478,24.187502,7.5750003,-27.206251
105808337718799,1788513327488,24.375002,7.5937505,-27.393751
105808347718799,1788513327498,24.206251,7.4437504,-27.656252
105808357718799,1788513327508,24.187502,7.275,-27.862501
105808367718799,1788513327518,23.962502,7.2375,-28.0125
105808377718799,1788513327528,24.0375,7.1250005,-28.1625
105808387718799,1788513327538,24.093752,7.1062503,-28.275002
105808397718799,1788513327548,23.831251,7.2937503,-28.35
105808407718799,1788513327558,23.681252,7.1250005,-28.48125
105808417718799,1788513327568,23.7,7.2000003,-28.368752
105808427718799,1788513327578,23.681252,7.5375004,-28.48125
105808437718799,1788513327588,23.737501,7.6875005,-28.29375
105808447718799,1788513327598,23.8875,7.6687503,-28.237501
105808457718799,1788513327608,23.8125,7.6312504,-28.29375
105808467718799,1788513327618,23.737501,7.8,-28.218752
105808477718799,1788513327628,23.962502,7.7812505,-28.25625
105808487718799,1788513327638,23.94375,7.7250004,-28.143751
105808497718799,1788513327648,24.093752,7.4812503,-28.29375
105808507718799,1788513327658,24.206251,7.4625,-27.675001
105808517718799,1788513327668,24.16875,7.275,-27.6375
105808527718799,1788513327678,24.206251,7.0875,-27.768751
105808537718799,1788513327688,24.16875,7.05,-27.7875
105808547718799,1788513327698,24.206251,6.8437505,-27.825
105808557718799,1788513327708,24.0,7.0687504,-27.825
105808567718799,1788513327718,24.16875,7.1250005,-27.768751
105808577718799,1788513327728,23.962502,7.18125,-27.825
105808587718799,1788513327738,24.0,7.05,-28.087502
105808597718799,1788513327748,23.90625,7.14375,-28.125002
105808607718799,1788513327758,23.831251,7.2375,-28.10625
105808617718799,1788513327768,23.79375,7.33125,-28.10625
105808627718799,1788513327778,23.56875,7.3500004,-28.031252
105808637718799,1788513327788,23.6625,7.2187505,-27.937502
105808647718799,1788513327798,23.53125,7.425,-27.956251
105808657718799,1788513327808,23.56875,7.4625,-27.862501
105808667718799,1788513327818,23.75625,7.425,-27.862501
105808677718799,1788513327828,24.16875,7.4062505,-27.843752
105808687718799,1788513327838,24.075,7.36875,-27.69375
105808697718799,1788513327848,24.16875,7.33125,-27.562502
105808707718799,1788513327858,24.150002,7.2187505,-27.393751
105808717718799,1788513327868,24.093752,7.0312505,-27.618752
105808727718799,1788513327878,24.16875,6.80625,-27.768751
105808737718799,1788513327888,24.35625,6.8812504,-28.087502
105808747718799,1788513327898,24.31875,6.9,-28.1625
105808757718799,1788513327908,24.112501,7.0312505,-28.425001
105808767718799,1788513327918,24.187502,7.05,-28.500002
105808777718799,1788513327928,24.16875,7.1625004,-28.556252
105808787718799,1788513327938,24.375002,7.275,-28.743752
105808797718799,1788513327948,24.806252,7.2000003,-28.800001
105808807718799,1788513327958,24.862501,7.36875,-28.9125
105808817718799,1788513327968,24.768751,7.2937503,-28.706251
105808827718799,1788513327978,24.91875,7.275,-28.800001
105808837718799,1788513327988,24.7875,7.0312505,-28.66875
105808847718799,1788513327998,24.88125,7.1062503,-28.66875
105808857718799,1788513328008,24.712502,7.0687504,-28.781252
105808867718799,1788513328018,24.768751,7.3500004,-28.781252
105808877718799,1788513328028,24.675001,7.3875003,-28.44375
105808887718799,1788513328038,24.7875,7.36875,-28.3875
105808897718799,1788513328048,24.806252,7.3875003,-28.275002
105808907718799,1788513328058,24.675001,7.5000005,-28.125002
105808917718799,1788513328068,24.768751,7.5937505,-28.087502
105808927718799,1788513328078,24.69375,7.51875,-28.2
105808937718799,1788513328088,24.6,7.4437504,-28.143751
105808947718799,1788513328098,24.431252,7.275,-28.218752
105808957718799,1788513328108,24.31875,7.4437504,-28.3875
105808967718799,1788513328118,24.393751,7.4062505,-28.0125
105808977718799,1788513328128,24.13125,7.425,-27.993752
105808987718799,1788513328138,23.925001,7.2937503,-27.937502
105808997718799,1788513328148,23.98125,7.275,-27.937502
105809007718799,1788513328158,24.093752,7.2937503,-27.825
105809017718799,1788513328168,24.393751,7.36875,-27.656252
105809027718799,1788513328178,24.45,7.3500004,-27.7875
105809037718799,1788513328188,24.487501,7.51875,-27.768751
105809047718799,1788513328198,24.281252,7.4812503,-28.125002
105809057718799,1788513328208,24.337502,7.425,-27.975
105809067718799,1788513328218,24.243752,7.3875003,-27.975
105809077718799,1788513328228,24.225,7.3125005,-28.087502
105809087718799,1788513328238,24.150002,7.425,-28.2
105809097718799,1788513328248,24.225,7.4062505,-28.331251
105809107718799,1788513328258,24.056252,7.36875,-28.331251
105809117718799,1788513328268,24.150002,7.18125,-28.368752
105809127718799,1788513328278,24.35625,7.2562504,-28.29375
105809137718799,1788513328288,24.525002,7.1625004,-28.687502
105809147718799,1788513328298,24.6375,7.4625,-28.931252
105809157718799,1788513328308,24.50625,7.5000005,-28.706251
105809167718799,1788513328318,24.281252,7.36875,-28.29375
105809177718799,1788513328328,24.075,7.4062505,-28.25625
105809187718799,1788513328338,24.16875,7.36875,-28.031252
105809197718799,1788513328348,24.018751,7.4625,-28.087502
105809207718799,1788513328358,23.79375,7.4437504,-27.993752
105809217718799,1788513328368,23.7,7.6875005,-27.69375
105809227718799,1788513328378,23.587502,7.4062505,-27.581251
105809237718799,1788513328388,23.7,7.6312504,-27.6
105809247718799,1788513328398,24.056252,7.70625,-27.975
105809257718799,1788513328408,24.056252,7.6125,-27.937502
105809267718799,1788513328418,24.056252,7.55625,-27.900002
105809277718799,1788513328428,24.393751,7.36875,-27.562502
105809287718799,1788513328438,24.337502,7.4625,-27.750002
105809297718799,1788513328448,24.468752,7.425,-27.750002
105809307718799,1788513328458,24.6375,7.5937505,-27.712502
105809317718799,1788513328468,24.525002,7.18125,-27.91875
105809327718799,1788513328478,24.375002,7.2937503,-27.806252
105809337718799,1788513328488,24.337502,7.1625004,-27.862501
105809347718799,1788513328498,24.562502,7.3500004,-27.768751
105809357718799,1788513328508,24.300001,7.65,-28.125002
105809367718799,1788513328518,24.112501,7.4062505,-28.10625
105809377718799,1788513328528,23.98125,7.3125005,-28.2
105809387718799,1788513328538,23.94375,7.2187505,-28.143751
105809397718799,1788513328548,24.0,7.5375004,-28.237501
105809407718799,1788513328558,23.831251,7.3875003,-28.25625
105809417718799,1788513328568,23.775002,7.7250004,-28.368752
105809427718799,1788513328578,23.643751,7.5375004,-28.462502
105809437718799,1788513328588,23.456251,7.275,-28.2
105809447718799,1788513328598,23.79375,7.36875,-28.368752
105809457718799,1788513328608,23.8125,7.4812503,-28.3875
105809467718799,1788513328618,23.94375,7.4437504,-28.3875
105809477718799,1788513328628,24.187502,7.36875,-28.125002
105809487718799,1788513328638,24.2625,7.3125005,-28.050001
105809497718799,1788513328648,24.2625,7.0875,-27.937502
105809507718799,1788513328658,24.375002,7.0687504,-27.900002
105809517718799,1788513328668,24.393751,7.1062503,-27.91875
105809527718799,1788513328678,24.4125,7.1250005,-27.618752
105809537718799,1788513328688,24.431252,7.0687504,-27.468752
105809547718799,1788513328698,24.300001,7.2375,-27.468752
105809557718799,1788513328708,23.925001,7.4812503,-27.45
105809567718799,1788513328718,23.98125,7.6687503,-27.35625
105809577718799,1788513328728,24.075,7.70625,-27.4125
105809587718799,1788513328738,24.13125,7.7625003,-27.50625
105809597718799,1788513328748,24.0,8.08125,-27.843752
105809607718799,1788513328758,23.925001,8.212501,-27.7875
105809617718799,1788513328768,23.925001,8.0625,-27.91875
105809627718799,1788513328778,23.962502,7.8750005,-28.0125
105809637718799,1788513328788,24.225,7.5750003,-28.06875
105809647718799,1788513328798,24.187502,7.6312504,-28.10625
105809657718799,1788513328808,24.206251,7.65,-28.143751
105809667718799,1788513328818,23.8875,7.5937505,-27.975
105809677718799,1788513328828,23.962502,7.4812503,-27.750002
105809687718799,1788513328838,24.16875,7.425,-27.806252
105809697718799,1788513328848,24.056252,7.4062505,-27.69375
105809707718799,1788513328858,24.075,7.14375,-27.712502
105809717718799,1788513328868,23.98125,7.3500004,-27.618752
105809727718799,1788513328878,24.0375,7.0687504,-27.581251
105809737718799,1788513328888,24.225,7.1250005,-27.581251
105809747718799,1788513328898,24.375002,7.2000003,-27.843752
105809757718799,1788513328908,24.50625,7.0312505,-27.88125
105809767718799,1788513328918,24.0375,7.05,-27.88125
105809777718799,1788513328928,23.962502,7.2187505,-27.7875
105809787718799,1788513328938,24.018751,7.7250004,-27.91875
105809797718799,1788513328948,23.90625,7.8375,-27.843752
105809807718799,1788513328958,23.90625,7.93125,-27.993752
105809817718799,1788513328968,23.681252,7.7812505,-28.312502
105809827718799,1788513328978,23.71875,7.8187504,-28.087502
105809837718799,1788513328988,23.85,7.8187504,-28.031252
105809847718799,1788513328998,24.243752,7.6875005,-27.88125
105809857718799,1788513329008,24.4125,7.8,-28.10625
105809867718799,1788513329018,24.281252,7.7250004,-28.06875
105809877718799,1788513329028,24.243752,7.3875003,-28.25625
105809887718799,1788513329038,24.35625,7.3875003,-28.331251
105809897718799,1788513329048,24.35625,7.425,-27.768751
105809907718799,1788513329058,24.35625,7.3125005,-27.993752
105809917718799,1788513329068,24.2625,7.05,-28.0125
105809927718799,1788513329078,24.13125,7.0875,-28.218752
105809937718799,1788513329088,24.150002,7.18125,-28.087502
105809947718799,1788513329098,24.45,7.1250005,-27.88125
105809957718799,1788513329108,24.618752,7.2375,-27.88125
105809967718799,1788513329118,24.4125,7.2562504,-27.806252
105809977718799,1788513329128,24.50625,7.51875,-28.06875
105809987718799,1788513329138,24.656252,7.6125,-27.900002
105809997718799,1788513329148,24.525002,7.89375,-28.143751
105810007718799,1788513329158,24.6,7.8375,-27.937502
105810017718799,1788513329168,24.69375,7.4437504,-28.050001
105810027718799,1788513329178,24.393751,7.6312504,-28.06875
105810037718799,1788513329188,24.2625,7.6687503,-27.825
105810047718799,1788513329198,24.431252,7.65,-27.956251
105810057718799,1788513329208,24.375002,7.65,-27.956251
105810067718799,1788513329218,24.206251,7.6312504,-28.087502
105810077718799,1788513329228,24.281252,7.7625003,-28.031252
105810087718799,1788513329238,24.093752,7.70625,-28.143751
105810097718799,1788513329248,23.8875,7.9875,-28.1625
105810107718799,1788513329258,23.85,7.70625,-28.1625
105810117718799,1788513329268,24.056252,7.5000005,-28.29375
105810127718799,1788513329278,23.90625,7.51875,-28.06875
105810137718799,1788513329288,23.925001,7.275,-27.956251
105810147718799,1788513329298,24.0375,7.4812503,-27.975
105810157718799,1788513329308,24.0375,7.2375,-27.7875
105810167718799,1788513329318,24.0375,7.425,-28.031252
105810177718799,1788513329328,24.300001,7.3500004,-27.956251
105810187718799,1788513329338,24.375002,7.425,-27.900002
105810197718799,1788513329348,24.281252,7.51875,-27.900002
105810207718799,1788513329358,24.431252,7.6875005,-28.050001
105810217718799,1788513329368,24.431252,7.7812505,-28.237501
105810227718799,1788513329378,24.281252,7.55625,-28.312502
105810237718799,1788513329388,24.375002,7.6312504,-28.462502
105810247718799,1788513329398,24.618752,7.6312504,-28.275002
105810257718799,1788513329408,24.4125,7.5750003,-28.1625
105810267718799,1788513329418,24.375002,7.5937505,-28.275002
105810277718799,1788513329428,24.35625,7.6125,-28.29375
105810287718799,1788513329438,24.375002,7.5000005,-28.218752
105810297718799,1788513329448,24.35625,7.36875,-27.806252
105810307718799,1788513329458,24.468752,7.6125,-27.6
105810317718799,1788513329468,24.2625,7.55625,-27.54375
105810327718799,1788513329478,24.018751,7.4437504,-27.45
105810337718799,1788513329488,24.16875,7.55625,-27.6
105810347718799,1788513329498,24.4125,7.55625,-27.54375
105810357718799,1788513329508,24.581251,7.6875005,-27.581251
105810367718799,1788513329518,24.656252,7.70625,-27.35625
105810377718799,1788513329528,24.6375,7.8187504,-27.618752
105810387718799,1788513329538,24.712502,7.5750003,-27.69375
105810397718799,1788513329548,24.843752,7.65,-27.675001
105810407718799,1788513329558,24.825,7.8187504,-27.73125
105810417718799,1788513329568,24.618752,7.7250004,-27.825
105810427718799,1788513329578,24.54375,7.5750003,-27.900002
105810437718799,1788513329588,24.300001,7.55625,-27.975
105810447718799,1788513329598,24.112501,7.4062505,-28.031252
105810457718799,1788513329608,24.13125,7.33125,-28.0125
105810467718799,1788513329618,23.98125,7.33125,-28.050001
105810477718799,1788513329628,24.093752,7.4437504,-28.1625
105810487718799,1788513329638,24.206251,7.1062503,-27.937502
105810497718799,1788513329648,24.431252,7.5000005,-27.88125
105810507718799,1788513329658,24.31875,7.7812505,-27.73125
105810517718799,1788513329668,24.468752,7.6875005,-27.562502
105810527718799,1788513329678,24.50625,7.7812505,-27.750002
105810537718799,1788513329688,24.50625,7.8750005,-27.843752
105810547718799,1788513329698,24.50625,8.025001,-27.862501
105810557718799,1788513329708,24.243752,7.8562503,-27.6
105810567718799,1788513329718,23.98125,7.7812505,-27.900002
105810577718799,1788513329728,24.093752,7.55625,-27.862501
105810587718799,1788513329738,24.093752,7.36875,-27.993752
105810597718799,1788513329748,23.925001,7.6125,-28.237501
105810607718799,1788513329758,24.056252,7.7625003,-28.125002
105810617718799,1788513329768,24.112501,7.6312504,-28.087502
105810627718799,1788513329778,24.056252,7.6875005,-28.237501
105810637718799,1788513329788,24.281252,7.6687503,-28.368752
105810647718799,1788513329798,24.487501,8.00625,-28.181252
105810657718799,1788513329808,24.50625,7.93125,-28.2
105810667718799,1788513329818,24.300001,7.9875,-28.125002
105810677718799,1788513329828,24.300001,7.6875005,-27.937502
105810687718799,1788513329838,24.150002,7.5937505,-27.993752
105810697718799,1788513329848,24.018751,7.51875,-28.0125
105810707718799,1788513329858,24.018751,7.36875,-27.768751
105810717718799,1788513329868,23.8875,7.425,-27.73125
105810727718799,1788513329878,23.831251,7.33125,-27.88125
105810737718799,1788513329888,23.475,7.3875003,-27.750002
105810747718799,1788513329898,23.60625,7.33125,-27.768751
105810757718799,1788513329908,23.587502,7.425,-27.768751
105810767718799,1788513329918,23.60625,7.275,-27.73125
105810777718799,1788513329928,23.60625,7.4437504,-27.7875
105810787718799,1788513329938,23.550001,7.51875,-27.618752
105810797718799,1788513329948,23.53125,7.425,-27.487501
105810807718799,1788513329958,23.53125,7.4437504,-27.375002
105810817718799,1788513329968,23.550001,7.275,-27.393751
105810827718799,1788513329978,23.75625,7.1250005,-27.187502
105810837718799,1788513329988,23.8125,7.2187505,-27.093752
105810847718799,1788513329998,23.775002,7.4812503,-27.16875
105810857718799,1788513330008,23.775002,7.425,-27.075
105810867718799,1788513330018,23.625,7.3125005,-26.962502
105810877718799,1788513330028,23.71875,7.51875,-27.2625
105810887718799,1788513330038,23.775002,7.55625,-27.281252
105810897718799,1788513330048,24.0375,7.6125,-27.31875
105810907718799,1788513330058,23.8875,7.8187504,-27.712502
105810917718799,1788513330068,23.8875,7.7250004,-27.900002
105810927718799,1788513330078,23.962502,7.8375,-27.88125
105810937718799,1788513330088,23.8875,7.8750005,-28.0125
105810947718799,1788513330098,24.0375,8.043751,-28.237501
105810957718799,1788513330108,24.056252,7.8750005,-28.0125
105810967718799,1788513330118,24.16875,7.8375,-28.06875
105810977718799,1788513330128,24.13125,7.8750005,-28.125002
105810987718799,1788513330138,24.375002,7.9125004,-28.0125
105810997718799,1788513330148,24.2625,7.8187504,-28.0125
105811007718799,1788513330158,23.962502,7.4812503,-27.993752
105811017718799,1788513330168,24.225,7.51875,-27.91875
105811027718799,1788513330178,24.393751,7.36875,-27.975
105811037718799,1788513330188,24.300001,7.4062505,-28.10625
105811047718799,1788513330198,24.225,7.4812503,-28.087502
105811057718799,1788513330208,24.206251,7.65,-28.218752
105811067718799,1788513330218,24.0375,7.51875,-28.125002
105811077718799,1788513330228,24.093752,7.4812503,-28.181252
105811087718799,1788513330238,24.243752,7.3875003,-28.29375
105811097718799,1788513330248,24.112501,7.2000003,-28.218752
105811107718799,1788513330258,24.16875,7.0875,-28.2
105811117718799,1788513330268,24.300001,7.2187505,-27.993752
105811127718799,1788513330278,24.281252,7.2375,-28.06875
105811137718799,1788513330288,24.112501,6.9187503,-27.768751
105811147718799,1788513330298,24.093752,6.7125,-27.656252
105811157718799,1788513330308,24.187502,6.80625,-27.4125
105811167718799,1788513330318,24.206251,6.95625,-27.337502
105811177718799,1788513330328,24.4125,7.36875,-27.337502
105811187718799,1788513330338,24.225,7.7625003,-27.393751
105811197718799,1788513330348,24.093752,7.8562503,-27.54375
105811207718799,1788513330358,24.018751,7.74375,-27.562502
105811217718799,1788513330368,24.187502,7.89375,-27.487501
105811227718799,1788513330378,24.075,8.1,-27.656252
105811237718799,1788513330388,24.093752,8.118751,-27.91875
105811247718799,1788513330398,24.35625,8.025001,-27.825
105811257718799,1788513330408,24.2625,7.8187504,-27.7875
105811267718799,1788513330418,24.206251,7.5937505,-27.6
105811277718799,1788513330428,24.281252,7.425,-27.656252
105811287718799,1788513330438,24.075,7.2187505,-27.581251
105811297718799,1788513330448,24.0,7.3875003,-27.975
105811307718799,1788513330458,24.075,7.425,-28.087502
105811317718799,1788513330468,23.8875,7.4437504,-27.937502
105811327718799,1788513330478,23.643751,7.65,-28.0125
105811337718799,1788513330488,23.56875,7.55625,-28.087502
105811347718799,1788513330498,23.868752,7.5937505,-28.3875
105811357718799,1788513330508,23.90625,7.5937505,-28.25625
105811367718799,1788513330518,24.112501,7.93125,-28.518751
105811377718799,1788513330528,23.962502,7.74375,-28.368752
105811387718799,1788513330538,23.925001,7.8375,-28.1625
105811397718799,1788513330548,24.075,7.9125004,-28.181252
105811407718799,1788513330558,24.150002,7.89375,-28.2
105811417718799,1788513330568,24.31875,7.89375,-28.237501
105811427718799,1788513330578,24.225,7.8750005,-28.06875
105811437718799,1788513330588,24.112501,8.043751,-28.143751
105811447718799,1788513330598,24.16875,7.93125,-27.843752
105811457718799,1788513330608,24.487501,7.8562503,-27.862501
105811467718799,1788513330618,24.487501,7.7250004,-27.900002
105811477718799,1788513330628,24.768751,7.51875,-27.937502
105811487718799,1788513330638,24.750002,7.36875,-27.956251
105811497718799,1788513330648,24.618752,7.3500004,-27.675001
105811507718799,1788513330658,24.581251,7.3125005,-27.656252
105811517718799,1788513330668,24.69375,7.1062503,-27.675001
105811527718799,1788513330678,24.618752,7.0312505,-27.825
105811537718799,1788513330688,24.50625,7.05,-27.712502
105811547718799,1788513330698,24.562502,6.9187503,-27.487501
105811557718799,1788513330708,24.281252,6.99375,-27.431252
105811567718799,1788513330718,24.31875,7.14375,-27.525002
105811577718799,1788513330728,24.35625,7.1250005,-27.750002
105811587718799,1788513330738,24.16875,7.0125003,-27.712502
105811597718799,1788513330748,24.2625,7.05,-27.843752
105811607718799,1788513330758,24.393751,7.0687504,-27.712502
105811617718799,1788513330768,24.16875,7.0875,-28.087502
105811627718799,1788513330778,23.90625,7.275,-28.406252
105811637718799,1788513330788,23.962502,7.36875,-28.368752
105811647718799,1788513330798,23.831251,7.3875003,-28.275002
105811657718799,1788513330808,23.7,7.2375,-28.406252
105811667718799,1788513330818,23.831251,7.3875003,-28.518751
105811677718799,1788513330828,23.56875,7.2562504,-28.406252
105811687718799,1788513330838,23.643751,7.3875003,-28.612501
105811697718799,1788513330848,23.8875,7.1625004,-28.29375
105811707718799,1788513330858,24.13125,7.0875,-28.181252
105811717718799,1788513330868,24.150002,7.275,-28.087502
105811727718799,1788513330878,24.16875,7.0875,-27.956251
105811737718799,1788513330888,24.150002,7.1250005,-27.618752
105811747718799,1788513330898,24.281252,7.275,-27.675001
105811757718799,1788513330908,24.431252,7.275,-27.69375
105811767718775,1788513330918,24.337502,7.2562504,-27.562502
105811777718775,1788513330928,24.31875,7.5000005,-27.562502
105811787718775,1788513330938,24.375002,7.51875,-27.6375
105811797718775,1788513330948,24.281252,7.2375,-27.73125
105811807718775,1788513330958,24.393751,7.2937503,-27.900002
105811817718775,1788513330968,24.431252,7.4437504,-28.125002
105811827718775,1788513330978,24.300001,7.14375,-27.900002
105811837718775,1788513330988,24.2625,7.2375,-27.6
105811847718775,1788513330998,24.225,7.0125003,-27.806252
105811857718775,1788513331008,24.2625,7.14375,-27.956251
105811867718775,1788513331018,24.075,7.1062503,-27.993752
105811877718775,1788513331028,24.0375,7.2375,-28.087502
105811887718775,1788513331038,24.075,7.2375,-28.087502
105811897718775,1788513331048,24.075,7.2000003,-27.993752
105811907718775,1788513331058,24.0375,7.4062505,-28.25625
105811917718775,1788513331068,24.150002,7.3875003,-28.48125
105811927718775,1788513331078,24.0,7.74375,-28.2
105811937718775,1788513331088,23.8125,7.6875005,-28.2
105811947718775,1788513331098,24.056252,7.89375,-28.218752
105811957718775,1788513331108,24.075,7.7812505,-28.125002
105811967718775,1788513331118,23.90625,7.7812505,-28.143751
105811977718775,1788513331128,23.737501,7.9500003,-28.44375
105811987718775,1788513331138,23.79375,7.6687503,-28.48125
105811997718775,1788513331148,23.775002,7.65,-28.275002
105812007718775,1788513331158,23.925001,7.5000005,-28.48125
105812017718775,1788513331168,24.187502,7.51875,-28.425001
105812027718775,1788513331178,23.868752,7.2562504,-28.3875
105812037718775,1788513331188,24.16875,7.1625004,-28.312502
105812047718775,1788513331198,24.487501,7.14375,-28.1625
105812057718775,1788513331208,24.862501,7.1062503,-27.750002
105812067718775,1788513331218,24.993752,7.3875003,-27.562502
105812077718775,1788513331228,25.0125,7.2187505,-27.69375
105812087718775,1788513331238,24.88125,7.1625004,-27.487501
105812097718775,1788513331248,24.712502,7.0312505,-27.2625
105812107718775,1788513331258,24.975,7.2187505,-27.150002
105812117718775,1788513331268,24.656252,7.2562504,-27.4125
105812127718775,1788513331278,24.4125,7.4812503,-27.525002
105812137718775,1788513331288,24.206251,7.5000005,-27.73125
105812147718775,1788513331298,24.056252,7.4812503,-27.768751
105812157718775,1788513331308,23.831251,7.6875005,-27.843752
105812167718775,1788513331318,24.056252,7.8375,-27.825
105812177718775,1788513331328,24.206251,7.8187504,-27.993752
105812187718775,1788513331338,24.187502,7.9125004,-27.937502
105812197718775,1788513331348,24.206251,7.7625003,-27.675001
105812207718775,1788513331358,24.206251,7.6687503,-27.6375
105812217718775,1788513331368,24.187502,7.6125,-27.525002
105812227718775,1788513331378,24.187502,7.6125,-27.618752
105812237718775,1788513331388,24.281252,7.425,-27.581251
105812247718775,1788513331398,24.225,7.2937503,-27.54375
105812257718775,1788513331408,24.112501,7.3500004,-27.431252
105812267718775,1788513331418,24.187502,7.1250005,-27.431252
105812277718775,1788513331428,24.300001,7.2375,-27.54375
105812287718775,1788513331438,24.093752,7.18125,-27.618752
105812297718775,1788513331448,24.13125,7.2187505,-27.750002
105812307718775,1788513331458,24.2625,7.275,-27.6
105812317718775,1788513331468,24.4125,7.36875,-27.6375
105812327718775,1788513331478,24.50625,7.5750003,-27.7875
105812337718775,1788513331488,24.431252,7.5000005,-27.993752
105812347718775,1788513331498,24.337502,7.4437504,-28.0125
105812357718775,1788513331508,24.2625,7.36875,-28.143751
105812367718775,1788513331518,24.468752,7.3500004,-28.181252
105812377718775,1788513331528,24.562502,7.3125005,-28.087502
105812387718775,1788513331538,24.35625,7.2375,-27.91875
105812397718775,1788513331548,24.281252,6.99375,-28.087502
105812407718775,1788513331558,24.056252,6.8812504,-28.181252
105812417718775,1788513331568,24.0375,7.05,-28.125002
105812427718775,1788513331578,24.243752,7.275,-28.125002
105812437718775,1788513331588,24.2625,7.4812503,-27.862501
105812447718775,1788513331598,24.431252,7.51875,-27.7875
105812457718775,1788513331608,24.337502,7.51875,-27.7875
105812467718775,1788513331618,24.243752,7.36875,-28.050001
105812477718775,1788513331628,24.206251,7.6875005,-27.91875
105812487718775,1788513331638,24.337502,7.6875005,-27.768751
105812497718775,1788513331648,24.45,7.33125,-27.806252
105812507718775,1788513331658,24.300001,7.0875,-27.768751
105812517718775,1788513331668,24.16875,6.99375,-27.993752
105812527718775,1788513331678,24.018751,6.8437505,-28.143751
105812537718775,1788513331688,24.16875,6.95625,-28.29375
105812547718775,1788513331698,24.337502,6.99375,-27.91875
105812557718775,1788513331708,24.393751,6.9750004,-28.031252
105812567718775,1788513331718,24.562502,6.9,-27.975
105812577718775,1788513331728,24.525002,7.18125,-28.143751
105812587718775,1788513331738,24.618752,7.275,-28.143751
105812597718775,1788513331748,24.6375,6.99375,-28.181252
105812607718775,1788513331758,24.618752,7.2375,-27.91875
105812617718775,1788513331768,24.750002,7.2562504,-27.862501
105812627718775,1788513331778,24.862501,7.3125005,-28.237501
105812637718775,1788513331788,24.993752,7.1062503,-28.1625
105812647718775,1788513331798,25.06875,7.1062503,-27.993752
105812657718775,1788513331808,24.712502,7.1062503,-27.862501
105812667718775,1788513331818,24.7875,7.275,-27.825
105812677718775,1788513331828,24.862501,7.6312504,-27.73125
105812687718775,1788513331838,24.88125,7.3125005,-27.862501
105812697718775,1788513331848,24.618752,7.1250005,-27.825
105812707718775,1788513331858,24.468752,7.36875,-27.993752
105812717718775,1788513331868,24.337502,7.6312504,-27.956251
105812727718775,1788513331878,24.093752,7.7250004,-28.275002
105812737718775,1788513331888,24.562502,7.55625,-28.10625
105812747718775,1788513331898,24.337502,7.3125005,-28.181252
105812757718775,1788513331908,24.375002,7.2375,-28.25625
105812767718775,1788513331918,24.187502,7.3875003,-28.087502
105812777718775,1788513331928,24.225,7.4625,-28.275002
105812787718775,1788513331938,24.112501,7.2937503,-28.087502
105812797718775,1788513331948,24.187502,7.2187505,-28.143751
105812807718775,1788513331958,24.31875,7.18125,-28.050001
105812817718775,1788513331968,24.075,7.3875003,-28.25625
105812827718775,1788513331978,24.13125,7.36875,-28.2
105812837718775,1788513331988,24.018751,7.5000005,-28.050001
105812847718775,1788513331998,23.94375,7.33125,-28.1625
105812857718775,1788513332008,24.056252,7.2562504,-27.937502
105812867718775,1788513332018,24.075,7.0687504,-27.843752
105812877718775,1788513332028,23.962502,6.95625,-27.69375
105812887718775,1788513332038,23.75625,6.8812504,-27.618752
105812897718775,1788513332048,23.94375,6.7500005,-27.375002
105812907718775,1788513332058,24.075,6.675,-27.431252
105812917718775,1788513332068,24.2625,6.6375003,-27.54375
105812927718775,1788513332078,24.73125,6.9187503,-27.581251
105812937718775,1788513332088,24.468752,7.0312505,-27.712502
105812947718775,1788513332098,24.50625,7.05,-27.975
105812957718775,1788513332108,24.50625,7.0875,-28.218752
105812967718775,1788513332118,24.6,7.1062503,-28.25625
105812977718775,1788513332128,24.337502,7.1625004,-28.462502
105812987718775,1788513332138,24.075,7.1250005,-28.3875
105812997718775,1788513332148,23.90625,6.9187503,-28.500002
105813007718775,1788513332158,23.550001,6.8625,-28.593752
105813017718775,1788513332168,23.5125,6.6000004,-28.518751
105813027718775,1788513332178,23.831251,6.8625,-28.368752
105813037718775,1788513332188,23.79375,6.8812504,-28.35
105813047718775,1788513332198,23.831251,7.0312505,-28.425001
105813057718775,1788513332208,23.8875,7.0125003,-28.406252
105813067718775,1788513332218,24.13125,7.3125005,-28.593752
105813077718775,1788513332228,24.35625,7.5750003,-28.237501
105813087718775,1788513332238,24.675001,7.65,-28.312502
105813097718775,1788513332248,24.937502,7.70625,-28.2
105813107718775,1788513332258,24.73125,7.5750003,-28.087502
105813117718775,1788513332268,24.956251,7.7250004,-28.0125
105813127718775,1788513332278,25.050001,7.6125,-27.937502
105813137718775,1788513332288,25.2,7.70625,-27.937502
105813147718775,1788513332298,25.0125,7.7250004,-27.88125
105813157718775,1788513332308,24.993752,7.3875003,-28.218752
105813167718775,1788513332318,24.768751,7.0687504,-28.050001
105813177718775,1788513332328,24.618752,7.18125,-27.993752
105813187718775,1788513332338,24.50625,7.2000003,-28.3875
105813197718775,1788513332348,24.35625,7.2937503,-28.3875
105813207718775,1788513332358,24.16875,7.2562504,-28.25625
105813217718775,1788513332368,24.187502,7.2187505,-28.312502
105813227718775,1788513332378,24.2625,7.2375,-28.3875
105813237718775,1788513332388,24.112501,7.425,-28.3875
105813247718775,1788513332398,24.281252,7.4812503,-28.5375
105813257718775,1788513332408,24.375002,7.4812503,-28.687502
105813267718775,1788513332418,24.54375,7.3875003,-28.275002
105813277718775,1788513332428,24.525002,7.1250005,-28.29375
105813287718775,1788513332438,24.525002,7.1250005,-28.25625
105813297718775,1788513332448,24.4125,7.05,-28.25625
105813307718775,1788513332458,24.4125,6.9187503,-28.25625
105813317718775,1788513332468,24.6375,6.9,-28.125002
105813327718775,1788513332478,24.54375,6.9187503,-28.050001
105813337718775,1788513332488,24.525002,6.7500005,-28.087502
105813347718775,1788513332498,24.525002,6.8625,-28.1625
105813357718775,1788513332508,24.54375,6.95625,-28.10625
105813367718775,1788513332518,24.712502,7.0875,-28.425001
105813377718775,1788513332528,24.712502,6.9,-28.237501
105813387718775,1788513332538,24.73125,7.1062503,-28.181252
105813397718775,1788513332548,24.487501,7.0687504,-28.218752
105813407718775,1788513332558,24.50625,7.14375,-27.900002
105813417718775,1788513332568,24.431252,7.425,-27.900002
105813427718775,1788513332578,24.2625,7.2937503,-28.10625
105813437718775,1788513332588,24.243752,7.36875,-28.125002
105813447718775,1788513332598,23.98125,7.3875003,-28.087502
105813457718775,1788513332608,24.056252,7.70625,-28.1625
105813467718775,1788513332618,24.075,7.7812505,-28.237501
105813477718775,1788513332628,24.206251,7.93125,-28.29375
105813487718775,1788513332638,24.075,7.93125,-28.612501
105813497718775,1788513332648,24.093752,7.9125004,-28.687502
105813507718775,1788513332658,24.31875,8.137501,-28.406252
105813517718775,1788513332668,24.243752,8.025001,-28.331251
105813527718775,1788513332678,24.243752,7.93125,-28.237501
105813537718775,1788513332688,24.093752,7.70625,-28.143751
105813547718775,1788513332698,24.075,7.5000005,-28.275002
105813557718775,1788513332708,23.925001,7.4062505,-28.275002
105813567718775,1788513332718,23.925001,7.5000005,-28.143751
105813577718775,1788513332728,23.925001,7.425,-27.956251
105813587718775,1788513332738,23.737501,7.14375,-27.956251
105813597718775,1788513332748,23.56875,7.2000003,-27.88125
105813607718775,1788513332758,23.6625,7.2000003,-27.825
105813617718775,1788513332768,23.643751,7.4062505,-27.6375
105813627718775,1788513332778,23.5125,7.4437504,-27.54375
105813637718775,1788513332788,23.8125,7.5375004,-27.50625
105813647718775,1788513332798,23.925001,7.6125,-27.581251
105813657718775,1788513332808,23.962502,7.5937505,-27.750002
105813667718775,1788513332818,23.8875,7.8750005,-27.843752
105813677718775,1788513332828,24.243752,7.93125,-27.975
105813687718775,1788513332838,24.337502,7.93125,-27.975
105813697718775,1788513332848,24.468752,7.70625,-28.35
105813707718775,1788513332858,24.618752,7.70625,-28.35
105813717718775,1788513332868,24.281252,7.5937505,-28.29375
105813727718775,1788513332878,24.281252,7.5937505,-28.143751
105813737718775,1788513332888,24.225,7.74375,-27.88125
105813747718775,1788513332898,24.487501,7.425,-27.862501
105813757718775,1788513332908,24.4125,7.4437504,-27.91875
105813767718775,1788513332918,24.487501,7.3875003,-27.993752
105813777718775,1788513332928,24.337502,7.6125,-27.7875
105813787718775,1788513332938,24.243752,7.4812503,-27.6
105813797718775,1788513332948,24.225,7.55625,-27.675001
105813807718775,1788513332958,24.075,7.2187505,-27.73125
105813817718775,1788513332968,24.13125,7.0875,-27.806252
105813827718775,1788513332978,23.90625,7.1625004,-27.843752
105813837718775,1788513332988,23.587502,7.0125003,-27.69375
105813847718775,1788513332998,23.643751,7.0687504,-27.975
105813857718775,1788513333008,23.56875,6.9375005,-27.900002
105813867718775,1788513333018,23.625,7.0687504,-27.937502
105813877718775,1788513333028,23.681252,6.8625,-27.825
105813887718775,1788513333038,23.94375,7.2187505,-28.031252
105813897718775,1788513333048,23.8875,7.2562504,-28.031252
105813907718775,1788513333058,24.0375,7.55625,-27.993752
105813917718775,1788513333068,24.54375,7.6312504,-28.143751
105813927718775,1788513333078,24.112501,7.8562503,-27.675001
105813937718775,1788513333088,24.375002,8.00625,-27.937502
105813947718775,1788513333098,24.45,7.9687505,-27.843752
105813957718775,1788513333108,24.562502,8.19375,-27.975
105813967718775,1788513333118,24.562502,8.137501,-27.825
105813977718775,1788513333128,24.6,7.9687505,-27.7875
105813987718775,1788513333138,24.487501,7.6312504,-27.750002
105813997718775,1788513333148,24.35625,7.4812503,-27.50625
105814007718775,1788513333158,24.6,7.2000003,-27.675001
105814017718775,1788513333168,24.393751,7.14375,-27.468752
105814027718775,1788513333178,24.2625,7.1625004,-27.581251
105814037718775,1788513333188,24.206251,6.9750004,-27.45
105814047718775,1788513333198,23.94375,6.95625,-27.562502
105814057718775,1788513333208,23.962502,7.0875,-27.69375
105814067718775,1788513333218,24.056252,7.36875,-27.69375
105814077718775,1788513333228,24.243752,7.36875,-27.7875
105814087718775,1788513333238,24.243752,7.55625,-27.88125
105814097718775,1788513333248,24.35625,7.2562504,-28.0125
105814107718775,1788513333258,24.431252,7.3500004,-28.0125
105814117718775,1788513333268,24.6,7.65,-28.143751
105814127718775,1788513333278,24.562502,7.5937505,-27.91875
105814137718775,1788513333288,24.4125,7.6312504,-28.0125
105814147718775,1788513333298,24.487501,7.4062505,-28.143751
105814157718775,1788513333308,24.13125,7.6125,-28.237501
105814167718775,1788513333318,24.093752,7.33125,-28.181252
105814177718775,1788513333328,23.98125,7.5937505,-28.06875
105814187718775,1788513333338,24.056252,7.51875,-28.10625
105814197718775,1788513333348,23.8125,7.1250005,-28.050001
105814207718775,1788513333358,23.98125,7.275,-27.975
105814217718775,1788513333368,24.150002,7.3500004,-27.618752
105814227718775,1788513333378,24.112501,7.4625,-27.6375
105814237718775,1788513333388,24.206251,7.2187505,-27.45
105814247718775,1788513333398,24.300001,7.6312504,-27.4125
105814257718775,1788513333408,24.187502,7.65,-27.525002
105814267718775,1788513333418,24.018751,7.55625,-27.45
105814277718775,1788513333428,24.112501,7.8187504,-27.431252
105814287718775,1788513333438,24.112501,7.55625,-27.562502
105814297718775,1788513333448,24.225,7.5937505,-27.73125
105814307718775,1788513333458,24.393751,7.51875,-27.468752
105814317718775,1788513333468,24.54375,7.7625003,-27.375002
105814327718775,1788513333478,24.675001,7.5750003,-27.150002
105814337718775,1788513333488,24.937502,7.5375004,-27.018751
105814347718775,1788513333498,24.937502,7.5375004,-26.831251
105814357718775,1788513333508,24.768751,7.4625,-26.94375
105814367718775,1788513333518,24.975,7.65,-27.000002
105814377718775,1788513333528,24.712502,7.2562504,-27.243752
105814387718775,1788513333538,24.54375,7.33125,-27.50625
105814397718775,1788513333548,24.4125,7.2000003,-27.768751
105814407718775,1788513333558,24.281252,7.1625004,-28.031252
105814417718775,1788513333568,24.281252,7.275,-28.050001
105814427718775,1788513333578,24.393751,7.51875,-28.425001
105814437718775,1788513333588,24.618752,7.3875003,-28.2
105814447718775,1788513333598,24.525002,7.33125,-28.237501
105814457718775,1788513333608,24.656252,7.4812503,-27.975
105814467718775,1788513333618,24.54375,7.5937505,-27.993752
105814477718775,1788513333628,24.618752,7.6312504,-28.0125
105814487718775,1788513333638,24.35625,7.5375004,-28.050001
105814497718775,1788513333648,24.31875,7.36875,-27.975
105814507718775,1788513333658,24.4125,7.0687504,-28.087502
105814517718775,1788513333668,24.393751,7.18125,-28.218752
105814527718775,1788513333678,24.300001,7.0875,-28.2
105814537718775,1788513333688,24.206251,7.18125,-28.29375
105814547718775,1788513333698,24.468752,7.0125003,-27.993752
105814557718775,1788513333708,24.393751,6.8812504,-27.91875
105814567718775,1788513333718,24.4125,6.95625,-27.843752
105814577718775,1788513333728,24.225,7.0312505,-27.88125
105814587718775,1788513333738,23.94375,7.14375,-27.675001
105814597718775,1788513333748,23.962502,7.1625004,-27.562502
105814607718775,1788513333758,24.0,7.2187505,-27.562502
105814617718775,1788513333768,24.0,7.36875,-27.50625
105814627718775,1788513333778,23.643751,7.2937503,-27.4125
105814637718775,1788513333788,23.643751,7.3875003,-27.4125
105814647718775,1788513333798,23.868752,7.33125,-27.4125
105814657718775,1788513333808,24.056252,7.36875,-27.45
105814667718775,1788513333818,24.150002,7.4062505,-27.35625
105814677718775,1788513333828,24.093752,7.3875003,-27.675001
105814687718775,1788513333838,24.0375,7.5375004,-27.656252
105814697718775,1788513333848,24.13125,7.275,-27.525002
105814707718775,1788513333858,24.31875,7.36875,-27.862501
105814717718775,1788513333868,24.206251,7.5000005,-27.712502
105814727718775,1788513333878,24.225,7.425,-27.91875
105814737718775,1788513333888,24.0375,7.3875003,-27.88125
105814747718775,1788513333898,24.093752,7.3500004,-27.91875
105814757718775,1788513333908,23.925001,7.3500004,-27.618752
105814767718775,1788513333918,23.8125,7.1062503,-27.862501
105814777718775,1788513333928,23.71875,7.2000003,-27.656252
105814787718775,1788513333938,23.53125,6.9375005,-27.6
105814797718775,1788513333948,23.681252,6.8812504,-27.675001
105814807718775,1788513333958,23.681252,7.05,-27.4125
105814817718775,1788513333968,23.75625,7.1250005,-27.487501
105814827718775,1788513333978,23.8125,7.14375,-27.468752
105814837718775,1788513333988,23.90625,7.0125003,-27.675001
105814847718775,1788513333998,24.0375,7.1062503,-27.6375
105814857718775,1788513334008,23.868752,7.2000003,-28.050001
105814867718775,1788513334018,24.112501,7.5375004,-28.143751
105814877718775,1788513334028,23.962502,7.5375004,-28.275002
105814887718775,1788513334038,24.112501,7.6125,-28.593752
105814897718775,1788513334048,24.16875,7.65,-28.63125
105814907718775,1788513334058,24.13125,7.65,-28.66875
105814917718775,1788513334068,24.187502,7.93125,-28.5375
105814927718775,1788513334078,24.13125,7.9687505,-28.406252
105814937718775,1788513334088,24.525002,8.08125,-28.10625
105814947718775,1788513334098,24.35625,7.8,-28.06875
105814957718775,1788513334108,24.281252,7.6312504,-28.275002
105814967718775,1788513334118,23.962502,7.51875,-28.031252
105814977718775,1788513334128,23.98125,7.0875,-28.050001
105814987718775,1788513334138,24.075,7.1062503,-28.218752
105814997718775,1788513334148,24.056252,6.8437505,-28.275002
105815007718775,1788513334158,24.187502,6.80625,-28.35
105815017718775,1788513334168,24.018751,6.6000004,-28.612501
105815027718775,1788513334178,24.13125,6.80625,-28.44375
105815037718775,1788513334188,24.112501,6.8812504,-28.275002
105815047718775,1788513334198,24.337502,6.8250003,-28.406252
105815057718775,1788513334208,24.337502,7.1625004,-28.143751
105815067718775,1788513334218,24.300001,7.2187505,-28.2
105815077718775,1788513334228,24.31875,7.2375,-28.44375
105815087718775,1788513334238,24.35625,7.275,-28.5375
105815097718775,1788513334248,24.243752,7.36875,-28.44375
105815107718775,1788513334258,24.281252,7.4437504,-28.462502
105815117718775,1788513334268,24.4125,7.425,-28.44375
105815127718775,1788513334278,24.093752,7.4062505,-28.500002
105815137718775,1788513334288,24.112501,7.3875003,-28.706251
105815147718775,1788513334298,24.018751,7.3875003,-28.35
105815157718775,1788513334308,23.868752,7.55625,-28.2
105815167718775,1788513334318,23.7,7.55625,-28.10625
105815177718775,1788513334328,23.681252,7.5000005,-28.2
105815187718775,1788513334338,23.643751,7.36875,-28.143751
105815197718775,1788513334348,23.85,7.425,-28.218752
105815207718775,1788513334358,24.018751,7.51875,-28.2
105815217718775,1788513334368,23.94375,7.3500004,-28.087502
105815227718775,1788513334378,24.0375,7.3500004,-28.181252
105815237718775,1788513334388,24.112501,7.33125,-28.10625
105815247718775,1788513334398,24.13125,7.4062505,-27.900002
105815257718775,1788513334408,24.075,7.275,-27.806252
105815267718775,1788513334418,24.056252,7.4437504,-27.956251
105815277718775,1788513334428,23.85,7.36875,-27.7875
105815287718775,1788513334438,23.868752,7.2937503,-27.656252
105815297718775,1788513334448,23.94375,7.4625,-27.806252
105815307718775,1788513334458,23.962502,7.4812503,-27.88125
105815317718775,1788513334468,24.018751,7.3875003,-27.750002
105815327718775,1788513334478,24.2625,7.4437504,-28.06875
105815337718775,1788513334488,24.45,7.5000005,-28.218752
105815347718775,1788513334498,24.4125,7.2937503,-28.237501
105815357718775,1788513334508,24.300001,7.51875,-28.218752
105815367718775,1788513334518,24.243752,7.6687503,-28.218752
105815377718775,1788513334528,24.35625,7.5937505,-28.06875
105815387718775,1788513334538,24.2625,7.2562504,-28.050001
105815397718775,1788513334548,24.337502,7.18125,-28.181252
105815407718775,1788513334558,24.35625,7.0687504,-27.88125
105815417718775,1788513334568,24.525002,7.14375,-27.73125
105815427718775,1788513334578,24.6,7.0687504,-27.618752
105815437718775,1788513334588,24.431252,6.8625,-27.6375
105815447718775,1788513334598,24.468752,6.9375005,-27.581251
105815457718775,1788513334608,24.281252,6.9750004,-27.806252
105815467718775,1788513334618,24.206251,6.9,-27.7875
105815477718775,1788513334628,24.13125,7.2187505,-27.750002
105815487718775,1788513334638,24.093752,7.36875,-27.69375
105815497718775,1788513334648,24.0,7.36875,-27.88125
105815507718775,1788513334658,24.018751,7.4437504,-27.862501
105815517718775,1788513334668,24.2625,7.5375004,-27.862501
105815527718775,1788513334678,24.225,7.36875,-27.91875
105815537718775,1788513334688,24.54375,7.51875,-27.768751
105815547718775,1788513334698,24.6,7.8375,-27.806252
105815557718775,1788513334708,24.69375,7.6125,-27.843752
105815567718775,1788513334718,24.45,7.425,-27.993752
105815577718775,1788513334728,24.4125,7.425,-27.88125
105815587718775,1788513334738,24.4125,7.3125005,-27.900002
105815597718775,1788513334748,24.581251,7.3875003,-27.937502
105815607718775,1788513334758,24.562502,7.4812503,-27.862501
105815617718775,1788513334768,24.337502,7.4812503,-27.825
105815627718775,1788513334778,24.431252,7.5375004,-27.825
105815637718775,1788513334788,24.35625,7.55625,-27.712502
105815647718775,1788513334798,24.50625,7.6875005,-27.6375
105815657718775,1788513334808,24.431252,7.6687503,-27.7875
105815667718775,1788513334818,24.206251,7.9500003,-27.937502
105815677718775,1788513334828,24.075,7.74375,-27.900002
105815687718775,1788513334838,24.0,7.7625003,-28.1625
105815697718775,1788513334848,23.962502,7.55625,-28.087502
105815707718775,1788513334858,23.75625,7.55625,-28.087502
105815717718775,1788513334868,23.868752,7.93125,-28.181252
105815727718775,1788513334878,23.831251,8.00625,-28.237501
105815737718775,1788513334888,23.8125,8.212501,-28.031252
105815747718775,1788513334898,24.075,8.08125,-28.06875
105815757718775,1788513334908,24.206251,8.325001,-28.25625
105815767718775,1788513334918,24.525002,8.118751,-28.312502
105815777718775,1788513334928,24.675001,8.25,-28.406252
105815787718775,1788513334938,24.825,8.34375,-28.48125
105815797718775,1788513334948,24.618752,8.0625,-28.556252
105815807718775,1788513334958,24.675001,7.8750005,-28.3875
105815817718775,1788513334968,24.468752,7.5937505,-28.35
105815827718775,1788513334978,24.431252,7.5937505,-28.29375
105815837718775,1788513334988,24.525002,7.5000005,-28.29375
105815847718775,1788513334998,24.31875,7.6875005,-28.181252
105815857718775,1788513335008,24.093752,7.51875,-28.181252
105815867718775,1788513335018,24.300001,7.275,-28.050001
105815877718775,1788513335028,24.4125,7.3500004,-27.937502
105815887718775,1788513335038,24.281252,7.275,-28.143751
105815897718775,1788513335048,24.6,7.51875,-28.1625
105815907718775,1788513335058,24.50625,7.5750003,-28.06875
105815917718775,1788513335068,24.31875,7.36875,-27.862501
105815927718775,1788513335078,24.6375,7.2937503,-27.618752
105815937718775,1788513335088,24.6,7.1625004,-27.712502
105815947718775,1788513335098,24.31875,7.2562504,-27.656252
105815957718775,1788513335108,24.112501,7.275,-27.675001
105815967718775,1788513335118,24.075,7.51875,-27.69375
105815977718775,1788513335128,24.018751,7.51875,-27.88125
105815987718775,1788513335138,24.093752,7.65,-28.0125
105815997718775,1788513335148,24.16875,7.8375,-28.181252
105816007718775,1788513335158,23.94375,7.74375,-28.275002
105816017718775,1788513335168,24.018751,8.1,-28.181252
105816027718775,1788513335178,24.2625,7.9875,-28.275002
105816037718775,1788513335188,24.618752,7.7250004,-28.425001
105816047718775,1788513335198,24.525002,7.6687503,-28.612501
105816057718775,1788513335208,24.618752,7.6687503,-28.612501
105816067718775,1788513335218,24.54375,7.5937505,-28.48125
105816077718775,1788513335228,24.337502,7.65,-28.425001
105816087718775,1788513335238,24.243752,7.8187504,-28.575
105816097718775,1788513335248,24.16875,7.65,-28.743752
105816107718775,1788513335258,24.13125,7.8,-28.893751
105816117718775,1788513335268,24.150002,8.08125,-28.800001
105816127718775,1788513335278,24.337502,8.08125,-28.612501
105816137718775,1788513335288,24.093752,7.89375,-28.425001
105816147718775,1788513335298,24.187502,7.8375,-28.500002
105816157718775,1788513335308,24.337502,7.7812505,-28.368752
105816167718775,1788513335318,24.4125,7.65,-28.25625
105816177718775,1788513335328,24.69375,7.5937505,-28.2
105816187718775,1788513335338,24.468752,7.6875005,-28.10625
105816197718775,1788513335348,24.2625,7.5937505,-28.125002
105816207718775,1788513335358,24.0375,7.5000005,-28.0125
105816217718775,1788513335368,24.093752,7.6312504,-28.0125
105816227718775,1788513335378,24.187502,7.4437504,-27.825
105816237718775,1788513335388,23.98125,7.4437504,-27.843752
105816247718775,1788513335398,24.056252,7.425,-27.768751
105816257718775,1788513335408,23.962502,7.5000005,-27.6375
105816267718775,1788513335418,24.31875,7.36875,-27.581251
105816277718775,1788513335428,24.50625,7.36875,-27.487501
105816287718775,1788513335438,24.54375,7.36875,-27.562502
105816297718775,1788513335448,24.618752,7.2937503,-27.7875
105816307718775,1788513335458,24.243752,7.4812503,-27.88125
105816317718775,1788513335468,24.468752,7.65,-28.087502
105816327718775,1788513335478,24.35625,7.6312504,-28.29375
105816337718775,1788513335488,24.018751,7.7812505,-28.25625
105816347718775,1788513335498,23.60625,7.7250004,-28.218752
105816357718775,1788513335508,23.53125,7.4437504,-28.406252
105816367718775,1788513335518,23.60625,7.425,-28.143751
105816377718775,1788513335528,23.775002,7.5000005,-28.06875
105816387718775,1788513335538,24.056252,7.51875,-28.25625
105816397718775,1788513335548,23.94375,7.3500004,-28.181252
105816407718775,1788513335558,24.13125,7.3500004,-28.143751
105816417718775,1788513335568,24.300001,7.18125,-28.237501
105816427718775,1788513335578,24.35625,7.275,-28.35
105816437718775,1788513335588,24.375002,7.4625,-28.1625
105816447718775,1788513335598,24.468752,7.5000005,-28.44375
105816457718775,1788513335608,24.281252,7.5000005,-28.406252
105816467718775,1788513335618,24.300001,7.5937505,-28.29375
105816477718775,1788513335628,24.35625,7.5750003,-28.29375
105816487718775,1788513335638,24.056252,7.425,-28.125002
105816497718775,1788513335648,24.112501,7.425,-28.25625
105816507718775,1788513335658,24.075,7.3125005,-28.462502
105816517718775,1788513335668,24.018751,7.3875003,-28.575
105816527718775,1788513335678,23.925001,7.4812503,-28.575
105816537718775,1788513335688,23.925001,7.2937503,-28.575
105816547718775,1788513335698,23.8125,7.18125,-28.593752
105816557718775,1788513335708,23.550001,7.275,-28.44375
105816567718775,1788513335718,23.60625,7.51875,-28.556252
105816577718775,1788513335728,23.60625,7.5750003,-28.556252
105816587718775,1788513335738,23.75625,7.55625,-28.218752
105816597718775,1788513335748,23.8125,7.6125,-27.900002
105816607718775,1788513335758,23.8875,7.33125,-27.675001
105816617718775,1788513335768,23.8125,7.5000005,-27.6375
105816627718775,1788513335778,23.831251,7.5750003,-27.431252
105816637718775,1788513335788,24.281252,7.33125,-27.806252
105816647718775,1788513335798,24.281252,7.1250005,-27.7875
105816657718775,1788513335808,24.206251,7.0875,-27.581251
105816667718775,1788513335818,24.16875,7.1250005,-27.675001
105816677718775,1788513335828,24.075,6.9375005,-27.956251
105816687718775,1788513335838,24.0375,7.2562504,-28.10625
105816697718775,1788513335848,24.150002,7.1062503,-28.25625
105816707718775,1788513335858,24.13125,6.95625,-28.425001
105816717718775,1788513335868,23.94375,7.0312505,-28.0125
105816727718775,1788513335878,24.187502,7.0875,-27.975
105816737718775,1788513335888,24.281252,7.1062503,-28.0125
105816747718775,1788513335898,24.393751,7.275,-28.143751
105816757718775,1788513335908,24.13125,7.2937503,-27.88125
105816767718775,1788513335918,24.0375,6.9750004,-27.993752
105816777718775,1788513335928,23.85,7.18125,-27.91875
105816787718775,1788513335938,23.94375,7.2375,-28.143751
105816797718775,1788513335948,23.90625,7.3500004,-28.25625
105816807718775,1788513335958,23.831251,7.2562504,-28.218752
105816817718775,1788513335968,23.775002,7.1625004,-28.181252
105816827718775,1788513335978,23.60625,6.9,-27.91875
105816837718775,1788513335988,23.71875,6.8812504,-28.181252
105816847718775,1788513335998,23.775002,7.0312505,-28.368752
105816857718775,1788513336008,24.0,6.9750004,-28.518751
105816867718775,1788513336018,24.0375,6.9375005,-28.237501
105816877718775,1788513336028,24.112501,6.9375005,-28.368752
105816887718775,1788513336038,23.98125,7.33125,-28.368752
105816897718775,1788513336048,24.075,7.6687503,-28.425001
105816907718775,1788513336058,24.300001,7.89375,-28.48125
105816917718775,1788513336068,24.375002,7.8375,-28.44375
105816927718775,1788513336078,24.4125,7.89375,-27.91875
105816937718775,1788513336088,24.4125,7.8,-27.618752
105816947718775,1788513336098,24.393751,7.9875,-27.69375
105816957718775,1788513336108,24.393751,7.8750005,-27.4125
105816967718775,1788513336118,24.375002,7.6687503,-27.35625
105816977718775,1788513336128,24.562502,7.4812503,-27.4125
105816987718775,1788513336138,24.487501,7.3500004,-27.487501
105816997718775,1788513336148,24.675001,7.5000005,-27.6
105817007718775,1788513336158,24.54375,7.3500004,-27.88125
105817017718775,1788513336168,24.562502,7.5000005,-28.0125
105817027718775,1788513336178,24.656252,7.3875003,-28.087502
105817037718775,1788513336188,24.7875,7.4812503,-28.25625
105817047718775,1788513336198,24.956251,7.5000005,-28.368752
105817057718775,1788513336208,24.73125,7.5375004,-28.406252
105817067718775,1788513336218,24.862501,7.7625003,-28.48125
105817077718775,1788513336228,24.806252,7.8,-28.518751
105817087718775,1788513336238,25.06875,7.8187504,-28.593752
105817097718775,1788513336248,25.10625,7.6125,-28.612501
105817107718775,1788513336258,25.031252,7.7250004,-28.63125
105817117718775,1788513336268,24.956251,7.8,-28.7625
105817127718775,1788513336278,24.88125,7.6875005,-28.48125
105817137718775,1788513336288,24.937502,7.6312504,-28.425001
105817147718775,1788513336298,24.825,7.5000005,-28.35
105817157718775,1788513336308,24.73125,7.5000005,-28.25625
105817167718775,1788513336318,24.73125,7.65,-28.237501
105817177718775,1788513336328,24.6375,8.025001,-28.06875
105817187718775,1788513336338,24.431252,7.6125,-27.69375
105817197718775,1788513336348,24.6,7.3875003,-27.31875
105817207718775,1788513336358,24.337502,7.2562504,-27.300001
105817217718775,1788513336368,24.243752,6.9187503,-27.206251
105817227718775,1788513336378,24.093752,6.9187503,-27.056252
105817237718775,1788513336388,24.31875,7.1062503,-27.206251
105817247718775,1788513336398,24.13125,7.0687504,-27.093752
105817257718775,1788513336408,24.093752,6.8437505,-27.000002
105817267718775,1788513336418,24.056252,7.1062503,-27.300001
105817277718775,1788513336428,23.925001,7.275,-27.562502
105817287718775,1788513336438,24.150002,7.4625,-27.825
105817297718775,1788513336448,24.375002,7.8,-27.88125
105817307718775,1788513336458,24.6375,7.7625003,-27.900002
105817317718775,1788513336468,24.50625,7.8750005,-27.618752
105817327718775,1788513336478,24.525002,7.8,-27.73125
105817337718775,1788513336488,24.562502,7.8562503,-27.956251
105817347718775,1788513336498,24.73125,7.7812505,-28.031252
105817357718775,1788513336508,24.525002,7.70625,-27.91875
105817367718775,1788513336518,24.525002,7.55625,-27.768751
105817377718775,1788513336528,24.150002,7.4437504,-27.750002
105817387718775,1788513336538,24.075,7.18125,-27.768751
105817397718775,1788513336548,24.112501,7.0125003,-28.06875
105817407718775,1788513336558,24.187502,7.0875,-28.10625
105817417718775,1788513336568,24.281252,6.9750004,-28.0125
105817427718775,1788513336578,24.31875,7.2562504,-27.900002
105817437718775,1788513336588,24.525002,7.1625004,-28.031252
105817447718775,1788513336598,24.54375,7.36875,-28.237501
105817457718775,1788513336608,24.54375,7.275,-28.331251
105817467718775,1788513336618,24.525002,7.4625,-28.29375
105817477718775,1788513336628,24.300001,7.33125,-28.087502
105817487718775,1788513336638,24.187502,7.425,-27.91875
105817497718775,1788513336648,23.98125,7.5750003,-27.843752
105817507718775,1788513336658,23.775002,7.4437504,-27.750002
105817517718775,1788513336668,23.6625,7.51875,-27.750002
105817527718775,1788513336678,23.7,7.6125,-27.656252
105817537718775,1788513336688,23.962502,7.7812505,-27.768751
105817547718775,1788513336698,23.94375,7.7625003,-27.825
105817557718775,1788513336708,23.98125,7.70625,-27.88125
105817567718775,1788513336718,23.962502,7.6125,-28.06875
105817577718775,1788513336728,24.018751,7.4437504,-28.031252
105817587718775,1788513336738,24.056252,7.36875,-28.181252
105817597718775,1788513336748,24.0,7.18125,-28.087502
105817607718775,1788513336758,23.94375,7.05,-27.956251
105817617718775,1788513336768,23.962502,6.99375,-27.843752
105817627718775,1788513336778,23.925001,7.1250005,-27.993752
105817637718775,1788513336788,23.962502,7.2562504,-28.2
105817647718775,1788513336798,24.187502,7.2562504,-28.143751
105817657718775,1788513336808,24.225,7.3500004,-28.181252
105817667718775,1788513336818,24.393751,7.18125,-28.087502
105817677718775,1788513336828,24.393751,7.4437504,-28.125002
105817687718775,1788513336838,24.562502,7.3500004,-28.25625
105817697718775,1788513336848,24.45,7.4812503,-28.44375
105817707718775,1788513336858,24.562502,7.4625,-28.237501
105817717718775,1788513336868,24.618752,7.51875,-27.975
105817727718775,1788513336878,24.393751,7.5937505,-27.7875
105817737718775,1788513336888,24.54375,7.6125,-27.956251
105817747718775,1788513336898,24.562502,7.8750005,-28.181252
105817757718775,1788513336908,24.468752,7.6312504,-28.143751
105817767718775,1788513336918,24.375002,7.6312504,-28.237501
105817777718775,1788513336928,24.525002,7.65,-28.031252
105817787718775,1788513336938,24.487501,7.55625,-28.06875
105817797718775,1788513336948,24.54375,7.2187505,-28.0125
105817807718775,1788513336958,24.50625,7.05,-28.10625
105817817718775,1788513336968,24.337502,7.0125003,-28.125002
105817827718775,1788513336978,24.206251,7.1250005,-27.88125
105817837718775,1788513336988,24.375002,7.33125,-28.06875
105817847718775,1788513336998,24.243752,7.2562504,-28.143751
105817857718775,1788513337008,23.98125,7.33125,-28.0125
105817867718775,1788513337018,23.868752,7.425,-27.993752
105817877718775,1788513337028,23.831251,7.6125,-28.218752
105817887718775,1788513337038,23.98125,7.4062505,-28.35
105817897718775,1788513337048,24.056252,7.2000003,-28.368752
105817907718775,1788513337058,24.13125,6.9,-28.425001
105817917718775,1788513337068,24.243752,6.8812504,-28.575
105817927718775,1788513337078,24.093752,7.0687504,-28.63125
105817937718775,1788513337088,24.075,6.95625,-28.95
105817947718775,1788513337098,24.187502,6.9750004,-29.00625
105817957718775,1788513337108,24.112501,6.8437505,-28.987501
105817967718775,1788513337118,24.0375,6.99375,-28.800001
105817977718775,1788513337128,24.056252,7.3125005,-28.781252
105817987718775,1788513337138,24.112501,7.2562504,-28.66875
105817997718775,1788513337148,24.187502,7.2375,-28.35
105818007718775,1788513337158,24.243752,7.2000003,-28.087502
105818017718775,1788513337168,24.487501,7.1250005,-27.937502
105818027718775,1788513337178,24.431252,7.0875,-28.031252
105818037718775,1788513337188,24.562502,7.18125,-27.656252
105818047718775,1788513337198,24.6,7.3125005,-27.6
105818057718775,1788513337208,24.431252,7.3125005,-27.562502
105818067718775,1788513337218,24.393751,7.425,-27.768751
105818077718775,1788513337228,24.431252,7.55625,-27.768751
105818087718775,1788513337238,24.50625,7.5937505,-27.768751
105818097718775,1788513337248,24.45,7.5375004,-27.525002
105818107718775,1788513337258,24.16875,7.4812503,-27.393751
105818117718775,1788513337268,24.018751,7.4437504,-27.656252
105818127718775,1788513337278,24.206251,7.5000005,-27.750002
105818137718775,1788513337288,24.243752,7.2187505,-27.675001
105818147718775,1788513337298,24.187502,7.275,-27.431252
105818157718775,1788513337308,23.8875,7.2375,-27.300001
105818167718775,1788513337318,23.831251,7.2937503,-27.243752
105818177718775,1788513337328,23.90625,7.4062505,-27.225
105818187718775,1788513337338,24.225,7.4062505,-27.225
105818197718775,1788513337348,24.243752,7.4812503,-27.337502
105818207718775,1788513337358,23.98125,7.3500004,-27.45
105818217718775,1788513337368,24.0375,7.5375004,-27.618752
105818227718775,1788513337378,24.0,7.5750003,-27.768751
105818237718775,1788513337388,24.093752,7.5375004,-27.900002
105818247718775,1788513337398,24.2625,7.425,-28.312502
105818257718775,1788513337408,24.075,7.3125005,-28.462502
105818267718775,1788513337418,23.94375,7.51875,-28.48125
105818277718775,1788513337428,24.018751,7.3125005,-28.125002
105818287718775,1788513337438,24.206251,7.2562504,-27.900002
105818297718775,1788513337448,24.225,7.425,-27.750002
105818307718775,1788513337458,24.187502,7.5000005,-27.862501
105818317718775,1788513337468,24.206251,7.5750003,-27.937502
105818327718775,1788513337478,24.13125,7.51875,-27.54375
105818337718775,1788513337488,24.487501,7.6875005,-27.431252
105818347718775,1788513337498,24.656252,7.7812505,-27.562502
105818357718775,1788513337508,24.4125,7.9500003,-27.656252
105818367718775,1788513337518,24.431252,8.1,-27.69375
105818377718775,1788513337528,24.31875,7.9125004,-27.7875
105818387718775,1788513337538,24.281252,7.7625003,-27.54375
105818397718775,1788513337548,24.093752,7.65,-27.4125
105818407718775,1788513337558,24.112501,7.8750005,-27.4125
105818417718775,1788513337568,23.831251,7.9687505,-27.750002
105818427718775,1788513337578,23.643751,7.6687503,-27.806252
105818437718775,1788513337588,23.962502,7.6312504,-27.956251
105818447718775,1788513337598,23.79375,7.425,-28.031252
105818457718775,1788513337608,23.868752,7.3875003,-27.956251
105818467718775,1788513337618,24.075,7.6312504,-28.2
105818477718775,1788513337628,24.16875,7.5000005,-28.44375
105818487718775,1788513337638,23.925001,7.3125005,-28.518751
105818497718775,1788513337648,23.85,7.18125,-28.25625
105818507718775,1788513337658,23.775002,7.33125,-28.181252
105818517718775,1788513337668,23.550001,7.1625004,-28.10625
105818527718775,1788513337678,23.60625,7.4437504,-28.2
105818537718775,1788513337688,23.7,7.4062505,-28.331251
105818547718775,1788513337698,23.587502,7.2375,-28.218752
105818557718775,1788513337708,23.737501,7.14375,-28.125002
105818567718775,1788513337718,24.075,7.1625004,-28.218752
105818577718775,1788513337728,23.925001,7.0125003,-28.425001
105818587718775,1788513337738,24.018751,6.8250003,-28.425001
105818597718775,1788513337748,24.16875,7.1250005,-28.425001
105818607718775,1788513337758,24.35625,6.8437505,-28.331251
105818617718775,1788513337768,24.243752,7.05,-27.993752
105818627718775,1788513337778,24.2625,6.9750004,-27.91875
105818637718775,1788513337788,24.243752,7.2562504,-27.843752
105818647718775,1788513337798,24.112501,7.2562504,-27.750002
105818657718775,1788513337808,24.2625,7.3875003,-27.562502
105818667718775,1788513337818,24.225,7.425,-27.50625
105818677718775,1788513337828,23.962502,7.2937503,-27.675001
105818687718775,1788513337838,23.8875,7.4062505,-27.73125
105818697718775,1788513337848,23.775002,6.99375,-27.956251
105818707718775,1788513337858,23.75625,6.9750004,-27.900002
105818717718775,1788513337868,23.681252,6.80625,-27.768751
105818727718775,1788513337878,23.925001,6.7125,-27.750002
105818737718775,1788513337888,24.16875,6.8625,-27.768751
105818747718775,1788513337898,24.431252,6.8250003,-27.843752
105818757718775,1788513337908,24.468752,6.9750004,-27.69375
105818767718775,1788513337918,24.6,7.0125003,-27.7875
105818777718775,1788513337928,24.956251,7.275,-28.0125
105818787718775,1788513337938,24.956251,7.4062505,-28.087502
105818797718775,1788513337948,25.087502,7.6875005,-28.25625
105818807718775,1788513337958,24.993752,7.9875,-28.331251
105818817718775,1788513337968,24.806252,7.8750005,-28.125002
105818827718775,1788513337978,24.618752,7.8187504,-27.993752
105818837718775,1788513337988,24.937502,7.6687503,-27.975
105818847718775,1788513337998,24.562502,7.55625,-27.937502
105818857718775,1788513338008,24.31875,7.4812503,-27.806252
105818867718775,1788513338018,24.243752,7.36875,-27.937502
105818877718775,1788513338028,24.300001,7.33125,-27.937502
105818887718775,1788513338038,24.431252,7.2187505,-27.975
105818897718775,1788513338048,24.45,7.18125,-28.2
105818907718775,1788513338058,24.581251,7.275,-28.237501
105818917718775,1788513338068,24.4125,7.5000005,-28.237501
105818927718775,1788513338078,24.656252,7.6875005,-28.181252
105818937718775,1788513338088,24.675001,7.55625,-28.06875
105818947718775,1788513338098,24.656252,7.7250004,-27.937502
105818957718775,1788513338108,24.431252,7.7250004,-27.825
105818967718775,1788513338118,24.0375,7.65,-27.675001
105818977718775,1788513338128,24.206251,7.6125,-27.656252
105818987718775,1788513338138,24.018751,7.7625003,-27.825
105818997718775,1788513338148,23.85,7.4812503,-27.69375
105819007718775,1788513338158,23.681252,7.275,-27.656252
105819017718775,1788513338168,23.85,7.4062505,-27.69375
105819027718775,1788513338178,24.018751,7.4062505,-27.825
105819037718775,1788513338188,24.16875,7.2562504,-27.900002
105819047718775,1788513338198,24.243752,7.2375,-28.143751
105819057718775,1788513338208,24.206251,7.2937503,-28.25625
105819067718775,1788513338218,24.187502,7.14375,-28.06875
105819077718775,1788513338228,24.45,7.1062503,-28.29375
105819087718775,1788513338238,24.54375,7.3875003,-28.2
105819097718775,1788513338248,24.468752,7.4812503,-28.44375
105819107718775,1788513338258,24.4125,7.3875003,-28.1625
105819117718775,1788513338268,24.31875,7.425,-28.10625
105819127718775,1788513338278,24.300001,7.3125005,-27.956251
105819137718775,1788513338288,24.093752,7.1250005,-27.7875
105819147718775,1788513338298,24.375002,7.05,-27.750002
105819157718775,1788513338308,24.393751,7.275,-27.675001
105819167718775,1788513338318,24.45,7.0125003,-27.91875
105819177718775,1788513338328,24.45,6.8625,-27.768751
105819187718775,1788513338338,24.337502,6.9750004,-28.0125
105819197718775,1788513338348,24.525002,6.8812504,-28.143751
105819207718775,1788513338358,24.6,7.1250005,-28.050001
105819217718775,1788513338368,24.7875,7.2000003,-28.181252
105819227718775,1788513338378,24.6,7.33125,-28.218752
105819237718775,1788513338388,24.54375,7.4062505,-28.10625
105819247718775,1788513338398,24.431252,7.5937505,-27.937502
105819257718775,1788513338408,24.281252,7.6875005,-27.88125
105819267718775,1788513338418,24.35625,7.4812503,-27.768751
105819277718775,1788513338428,24.2625,7.4812503,-27.35625
105819287718775,1788513338438,24.13125,7.5000005,-27.50625
105819297718775,1788513338448,23.925001,7.6125,-27.487501
105819307718775,1788513338458,23.925001,7.6875005,-27.375002
105819317718775,1788513338468,23.775002,7.6312504,-27.562502
105819327718775,1788513338478,23.737501,7.5937505,-27.431252
105819337718775,1788513338488,23.8125,7.6312504,-27.581251
105819347718775,1788513338498,23.831251,7.7812505,-27.6
105819357718775,1788513338508,23.75625,7.8,-27.993752
105819367718775,1788513338518,24.075,7.7625003,-27.975
105819377718775,1788513338528,24.16875,7.70625,-27.900002
105819387718775,1788513338538,24.13125,7.6687503,-28.10625
105819397718775,1788513338548,24.243752,7.4062505,-27.843752
105819407718775,1788513338558,24.337502,7.425,-28.218752
105819417718775,1788513338568,24.4125,7.55625,-27.975
105819427718775,1788513338578,24.35625,7.51875,-28.25625
105819437718775,1788513338588,24.375002,7.5375004,-28.181252
105819447718775,1788513338598,24.225,7.3125005,-28.406252
105819457718775,1788513338608,24.206251,7.3875003,-28.48125
105819467718775,1788513338618,24.35625,7.275,-28.687502
105819477718775,1788513338628,24.2625,7.5375004,-28.95
105819487718775,1788513338638,24.243752,7.6125,-28.612501
105819497718775,1788513338648,24.206251,7.55625,-28.5375
105819507718775,1788513338658,24.2625,7.2937503,-28.29375
105819517718775,1788513338668,24.13125,7.425,-28.29375
105819527718775,1788513338678,24.112501,7.6312504,-27.993752
105819537718775,1788513338688,24.075,7.4437504,-28.181252
105819547718775,1788513338698,23.737501,7.2937503,-28.050001
105819557718775,1788513338708,23.8125,7.1625004,-27.975
105819567718775,1788513338718,23.79375,6.8437505,-28.1625
105819577718775,1788513338728,23.60625,6.6562505,-28.48125
105819587718775,1788513338738,23.550001,6.76875,-28.48125
105819597718775,1788513338748,23.8125,6.7125,-28.518751
105819607718775,1788513338758,23.79375,6.8250003,-28.593752
105819617718775,1788513338768,23.831251,7.1250005,-28.425001
105819627718775,1788513338778,24.056252,7.4625,-28.29375
105819637718775,1788513338788,24.13125,7.5000005,-28.275002
105819647718775,1788513338798,24.150002,7.7625003,-28.25625
105819657718775,1788513338808,24.50625,7.9500003,-28.237501
105819667718775,1788513338818,24.50625,8.00625,-28.368752
105819677718775,1788513338828,24.13125,7.89375,-28.275002
105819687718775,1788513338838,24.13125,7.65,-28.3875
105819697718775,1788513338848,24.075,7.4625,-28.368752
105819707718775,1788513338858,24.075,7.2375,-28.425001
105819717718775,1788513338868,23.98125,7.2375,-28.518751
105819727718775,1788513338878,23.90625,7.1625004,-28.462502
105819737718775,1788513338888,23.7,6.9375005,-28.218752
105819747718775,1788513338898,23.643751,6.6937504,-28.1625
105819757718775,1788513338908,23.962502,6.8812504,-28.2
105819767718775,1788513338918,24.112501,6.8812504,-27.88125
105819777718775,1788513338928,24.187502,6.8625,-27.768751
105819787718775,1788513338938,24.206251,7.0312505,-27.937502
105819797718775,1788513338948,24.093752,7.1250005,-27.937502
105819807718775,1788513338958,24.056252,7.3125005,-27.88125
105819817718775,1788513338968,24.056252,7.5375004,-28.050001
105819827718775,1788513338978,24.018751,7.6125,-27.975
105819837718775,1788513338988,23.90625,7.3875003,-27.956251
105819847718775,1788513338998,23.625,7.5750003,-28.237501
105819857718775,1788513339008,23.625,7.5750003,-28.368752
105819867718775,1788513339018,23.71875,7.5000005,-28.331251
105819877718775,1788513339028,23.925001,7.36875,-28.331251
105819887718775,1788513339038,24.187502,7.2562504,-28.312502
105819897718775,1788513339048,24.206251,7.18125,-28.275002
105819907718775,1788513339058,24.431252,7.2000003,-28.275002
105819917718775,1788513339068,24.656252,7.4062505,-28.312502
105819927718775,1788513339078,24.712502,7.3125005,-28.1625
105819937718775,1788513339088,24.712502,7.3125005,-28.031252
105819947718775,1788513339098,24.431252,7.05,-27.88125
105819957718775,1788513339108,24.487501,7.3875003,-28.031252
105819967718775,1788513339118,24.431252,7.33125,-28.312502
105819977718775,1788513339128,24.35625,7.425,-28.218752
105819987718775,1788513339138,24.112501,7.6875005,-28.25625
105819997718775,1788513339148,23.831251,7.6125,-28.143751
105820007718775,1788513339158,23.7,7.6125,-28.10625
105820017718775,1788513339168,23.79375,7.70625,-28.10625
105820027718775,1788513339178,23.71875,7.93125,-28.087502
105820037718775,1788513339188,23.456251,7.65,-27.843752
105820047718775,1788513339198,23.4375,7.4437504,-27.525002
105820057718775,1788513339208,23.643751,7.425,-27.50625
105820067718775,1788513339218,23.8125,7.2375,-27.35625
105820077718775,1788513339228,23.75625,7.2375,-27.4125
105820087718775,1788513339238,23.8875,7.2000003,-27.675001
105820097718775,1788513339248,23.71875,7.275,-27.69375
105820107718775,1788513339258,23.94375,7.2000003,-27.618752
105820117718775,1788513339268,24.13125,7.1625004,-27.618752
105820127718775,1788513339278,24.150002,7.51875,-27.825
105820137718775,1788513339288,23.90625,7.5000005,-27.956251
105820147718775,1788513339298,23.925001,7.51875,-27.937502
105820157718775,1788513339308,23.90625,7.5375004,-27.768751
105820167718775,1788513339318,24.075,7.51875,-27.656252
105820177718775,1788513339328,24.13125,7.3875003,-27.69375
105820187718775,1788513339338,24.112501,7.4062505,-27.862501
105820197718775,1788513339348,24.16875,7.4625,-28.125002
105820207718775,1788513339358,24.112501,7.5000005,-27.937502
105820217718775,1788513339368,24.112501,7.55625,-27.750002
105820227718775,1788513339378,24.150002,7.7812505,-27.862501
105820237718775,1788513339388,24.243752,7.8375,-27.73125
105820247718775,1788513339398,24.187502,7.93125,-27.656252
105820257718775,1788513339408,24.31875,8.19375,-27.91875
105820267718775,1788513339418,24.337502,8.306251,-28.06875
105820277718775,1788513339428,24.431252,8.25,-27.88125
105820287718775,1788513339438,24.225,8.1,-27.993752
105820297718775,1788513339448,24.281252,7.9500003,-28.087502
105820307718775,1788513339458,24.243752,8.00625,-27.91875
105820317718775,1788513339468,24.375002,7.8187504,-28.275002
105820327718775,1788513339478,24.225,7.6312504,-28.368752
105820337718775,1788513339488,23.868752,7.3125005,-28.143751
105820347718775,1788513339498,23.90625,7.4625,-27.7875
105820357718775,1788513339508,23.60625,7.51875,-27.675001
105820367718775,1788513339518,23.71875,7.6687503,-27.656252
105820377718775,1788513339528,23.831251,7.5937505,-27.562502
105820387718775,1788513339538,23.737501,7.4062505,-27.562502
105820397718775,1788513339548,23.493752,7.3875003,-27.54375
105820407718775,1788513339558,23.8125,7.3875003,-27.73125
105820417718775,1788513339568,23.79375,7.4062505,-27.656252
105820427718775,1788513339578,23.75625,7.2187505,-27.69375
105820437718775,1788513339588,23.75625,7.275,-27.7875
105820447718775,1788513339598,23.75625,7.14375,-27.825
105820457718775,1788513339608,23.587502,7.3125005,-28.031252
105820467718775,1788513339618,23.71875,7.2937503,-28.143751
105820477718775,1788513339628,23.8125,7.1250005,-28.2
105820487718775,1788513339638,23.681252,7.3125005,-27.937502
105820497718775,1788513339648,23.94375,7.425,-28.0125
105820507718775,1788513339658,23.8875,7.2000003,-28.10625
105820517718775,1788513339668,24.0375,7.2000003,-28.1625
105820527718775,1788513339678,23.90625,6.8437505,-28.143751
105820537718775,1788513339688,23.962502,6.8437505,-28.237501
105820547718775,1788513339698,23.8125,6.80625,-28.331251
105820557718775,1788513339708,23.8875,6.8812504,-28.25625
105820567718775,1788513339718,23.94375,7.0312505,-28.406252
105820577718775,1788513339728,23.925001,6.8625,-28.237501
105820587718775,1788513339738,24.056252,7.0875,-28.35
105820597718775,1788513339748,23.8125,6.99375,-28.1625
105820607718775,1788513339758,24.018751,7.36875,-28.1625
105820617718775,1788513339768,23.831251,7.2000003,-27.843752
105820627718775,1788513339778,23.94375,7.4437504,-27.862501
105820637718775,1788513339788,24.056252,7.7625003,-27.91875
105820647718775,1788513339798,24.075,7.6312504,-27.91875
105820657718775,1788513339808,24.243752,7.7625003,-28.050001
105820667718775,1788513339818,24.150002,7.70625,-27.806252
105820677718775,1788513339828,24.281252,7.7625003,-27.825
105820687718775,1788513339838,24.337502,7.7625003,-27.900002
105820697718775,1788513339848,24.468752,8.118751,-28.06875
105820707718775,1788513339858,24.525002,7.9125004,-27.825
105820717718775,1788513339868,24.35625,7.70625,-27.6
105820727718775,1788513339878,23.98125,7.6875005,-27.6375
105820737718775,1788513339888,23.85,7.6875005,-27.54375
105820747718775,1788513339898,23.587502,7.6875005,-27.50625
105820757718775,1788513339908,23.7,7.6875005,-27.88125
105820767718775,1788513339918,23.53125,7.6875005,-27.6
105820777718775,1788513339928,23.75625,7.5750003,-27.562502
105820787718775,1788513339938,23.681252,7.4625,-27.900002
105820797718775,1788513339948,23.681252,7.5000005,-28.125002
105820807718775,1788513339958,23.868752,7.55625,-28.087502
105820817718775,1788513339968,23.75625,7.51875,-28.5375
105820827718775,1788513339978,24.018751,7.6687503,-28.518751
105820837718775,1788513339988,24.0,7.8562503,-28.331251
105820847718775,1788513339998,24.075,7.93125,-28.500002
105820857718775,1788513340008,23.75625,7.7812505,-28.593752
105820867718775,1788513340018,23.643751,7.8562503,-28.35
105820877718775,1788513340028,23.90625,7.8,-28.425001
105820887718775,1788513340038,24.112501,7.55625,-28.462502
105820897718775,1788513340048,24.112501,7.55625,-28.1625
105820907718775,1788513340058,24.16875,7.425,-28.237501
105820917718775,1788513340068,24.206251,7.18125,-28.25625
105820927718775,1788513340078,24.150002,6.95625,-28.44375
105820937718775,1788513340088,24.393751,6.8625,-28.406252
105820947718775,1788513340098,24.562502,7.0875,-28.44375
105820957718775,1788513340108,24.35625,7.2187505,-28.368752
105820967718775,1788513340118,24.150002,7.4625,-28.331251
105820977718775,1788513340128,24.281252,7.74375,-28.35
105820987718775,1788513340138,24.243752,7.8,-28.3875
105820997718775,1788513340148,24.337502,7.8562503,-28.3875
105821007718775,1788513340158,24.50625,7.9687505,-27.993752
105821017718775,1788513340168,24.243752,8.118751,-27.937502
105821027718775,1788513340178,24.056252,7.9500003,-27.88125
105821037718775,1788513340188,23.98125,8.08125,-27.862501
105821047718775,1788513340198,23.868752,7.7812505,-27.7875
105821057718775,1788513340208,23.90625,7.7625003,-27.862501
105821067718775,1788513340218,23.85,7.7625003,-28.0125
105821077718775,1788513340228,23.737501,7.7812505,-28.087502
105821087718775,1788513340238,23.56875,7.70625,-28.425001
105821097718775,1788513340248,23.90625,7.70625,-28.612501
105821107718775,1788513340258,23.98125,7.65,-28.7625
105821117718775,1788513340268,24.187502,7.5375004,-28.725
105821127718775,1788513340278,24.2625,7.74375,-28.650002
105821137718775,1788513340288,24.187502,7.55625,-28.44375
105821147718775,1788513340298,24.375002,7.4812503,-28.3875
105821157718775,1788513340308,24.2625,7.3875003,-28.25625
105821167718775,1788513340318,24.4125,7.74375,-28.125002
105821177718775,1788513340328,24.16875,7.8187504,-27.88125
105821187718775,1788513340338,24.225,8.1,-28.050001
105821197718775,1788513340348,24.112501,8.0625,-27.993752
105821207718775,1788513340358,24.300001,8.118751,-28.087502
105821217718775,1788513340368,24.31875,8.0625,-28.29375
105821227718775,1788513340378,24.056252,8.08125,-28.331251
105821237718775,1788513340388,24.056252,8.025001,-28.25625
105821247718775,1788513340398,23.94375,7.5750003,-28.181252
105821257718775,1788513340408,23.79375,7.2187505,-28.275002
105821267718775,1788513340418,23.681252,7.0875,-28.2
105821277718775,1788513340428,23.56875,7.1625004,-28.5375
105821287718775,1788513340438,23.34375,7.2187505,-28.425001
105821297718775,1788513340448,23.212502,7.3500004,-28.25625
105821307718775,1788513340458,23.400002,7.2562504,-28.0125
105821317718775,1788513340468,23.38125,7.425,-28.181252
105821327718775,1788513340478,23.25,7.5375004,-28.3875
105821337718775,1788513340488,23.587502,7.74375,-28.518751
105821347718775,1788513340498,23.681252,7.8,-28.331251
105821357718775,1788513340508,23.8875,7.6125,-27.825
105821367718775,1788513340518,24.13125,7.6312504,-27.7875
105821377718775,1788513340528,24.243752,7.3500004,-27.69375
105821387718775,1788513340538,24.112501,7.275,-27.581251
105821397718775,1788513340548,24.206251,7.18125,-27.6375
105821407718775,1788513340558,24.225,7.4062505,-27.45
105821417718775,1788513340568,24.056252,7.275,-27.281252
105821427718775,1788513340578,24.150002,7.1062503,-27.056252
105821437718775,1788513340588,23.85,7.05,-27.150002
105821447718775,1788513340598,23.85,6.8812504,-27.206251
105821457718775,1788513340608,23.71875,7.0687504,-27.300001
105821467718775,1788513340618,23.94375,7.2000003,-27.525002
105821477718775,1788513340628,24.0375,7.2375,-27.281252
105821487718775,1788513340638,24.093752,7.2000003,-27.375002
105821497718775,1788513340648,24.243752,7.14375,-27.4125
105821507718775,1788513340658,24.13125,7.2000003,-27.6375
105821517718775,1788513340668,24.300001,7.2000003,-27.73125
105821527718775,1788513340678,24.243752,7.05,-27.956251
105821537718775,1788513340688,24.337502,7.0312505,-28.050001
105821547718775,1788513340698,24.150002,6.9750004,-28.237501
105821557718775,1788513340708,24.093752,6.7500005,-28.575
105821567718775,1788513340718,24.0375,6.5062504,-28.48125
105821577718775,1788513340728,23.868752,6.6562505,-28.368752
105821587718775,1788513340738,23.643751,6.675,-28.5375
105821597718775,1788513340748,23.75625,6.6562505,-28.556252
105821607718775,1788513340758,23.71875,6.95625,-28.218752
105821617718775,1788513340768,23.7,7.0125003,-28.2
105821627718775,1788513340778,23.737501,7.2000003,-28.0125
105821637718775,1788513340788,23.71875,7.3125005,-27.88125
105821647718775,1788513340798,23.8125,7.55625,-28.06875
105821657718775,1788513340808,23.79375,7.65,-27.975
105821667718775,1788513340818,23.962502,7.425,-28.06875
105821677718775,1788513340828,23.98125,7.4437504,-28.237501
105821687718775,1788513340838,24.0375,7.2562504,-28.143751
105821697718775,1788513340848,24.206251,7.33125,-28.1625
105821707718775,1788513340858,24.112501,7.4812503,-28.312502
105821717718775,1788513340868,24.112501,7.5750003,-28.331251
105821727718775,1788513340878,23.85,7.4437504,-28.06875
105821737718775,1788513340888,24.0375,7.5000005,-28.425001
105821747718775,1788513340898,24.16875,7.6312504,-28.368752
105821757718775,1788513340908,24.056252,7.70625,-28.181252
105821767718775,1788513340918,24.056252,7.4812503,-28.425001
105821777718775,1788513340928,24.112501,7.5000005,-28.518751
105821787718775,1788513340938,23.962502,7.3125005,-28.500002
105821797718775,1788513340948,23.94375,7.0312505,-28.556252
105821807718775,1788513340958,24.375002,6.8812504,-28.800001
105821817718775,1788513340968,24.300001,6.80625,-28.35
105821827718775,1788513340978,24.13125,6.6562505,-27.956251
105821837718775,1788513340988,24.112501,6.8250003,-27.900002
105821847718775,1788513340998,24.018751,7.05,-27.843752
105821857718775,1788513341008,23.925001,6.76875,-27.750002
105821867718775,1788513341018,24.0,6.6937504,-27.525002
105821877718775,1788513341028,23.85,6.8625,-27.300001
105821887718775,1788513341038,23.493752,7.0687504,-27.393751
105821897718775,1788513341048,23.15625,7.14375,-27.525002
105821907718775,1788513341058,23.4375,7.3875003,-27.73125
105821917718775,1788513341068,23.60625,7.2562504,-27.768751
105821927718775,1788513341078,23.625,7.275,-27.956251
105821937718775,1788513341088,23.5125,7.5000005,-27.956251
105821947718775,1788513341098,23.737501,7.425,-28.087502
105821957718775,1788513341108,23.831251,7.36875,-28.125002
105821967718775,1788513341118,24.075,7.2000003,-27.900002
105821977718775,1788513341128,24.35625,6.8437505,-28.050001
105821987718775,1788513341138,24.393751,6.7500005,-28.0125
105821997718775,1788513341148,24.206251,6.61875,-28.10625
105822007718775,1788513341158,24.31875,6.6937504,-28.218752
105822017718775,1788513341168,24.150002,6.5437503,-28.218752
105822027718775,1788513341178,23.90625,6.6375003,-28.425001
105822037718775,1788513341188,24.0,6.61875,-28.462502
105822047718775,1788513341198,24.225,6.7125,-28.462502
105822057718775,1788513341208,24.45,7.0875,-28.518751
105822067718775,1788513341218,24.13125,7.3500004,-28.612501
105822077718775,1788513341228,24.13125,7.3875003,-28.556252
105822087718775,1788513341238,23.94375,7.4437504,-28.5375
105822097718775,1788513341248,24.16875,7.3125005,-28.575
105822107718775,1788513341258,24.431252,7.51875,-28.556252
105822117718775,1788513341268,24.431252,7.65,-28.650002
105822127718775,1788513341278,24.206251,7.7250004,-28.650002
105822137718775,1788513341288,23.98125,7.6687503,-28.612501
105822147718775,1788513341298,23.98125,7.33125,-28.743752
105822157718775,1788513341308,24.16875,7.3125005,-28.800001
105822167718775,1788513341318,24.2625,7.4062505,-28.66875
105822177718775,1788513341328,24.300001,7.4062505,-28.575
105822187718775,1788513341338,24.300001,7.2000003,-28.462502
105822197718775,1788513341348,24.2625,7.33125,-28.44375
105822207718775,1788513341358,24.243752,7.2375,-28.66875
105822217718775,1788513341368,24.13125,7.14375,-28.85625
105822227718775,1788513341378,24.35625,7.2562504,-28.687502
105822237718775,1788513341388,24.2625,7.55625,-28.7625
105822247718775,1788513341398,24.112501,7.5750003,-28.66875
105822257718775,1788513341408,24.300001,7.89375,-28.575
105822267718775,1788513341418,24.13125,8.043751,-28.518751
105822277718775,1788513341428,24.243752,7.8,-28.425001
105822287718775,1788513341438,24.2625,7.8750005,-28.312502
105822297718775,1788513341448,24.16875,8.043751,-28.181252
105822307718775,1788513341458,24.300001,8.043751,-28.237501
105822317718775,1788513341468,24.150002,8.00625,-28.143751
105822327718775,1788513341478,24.35625,7.74375,-28.2
105822337718775,1788513341488,24.150002,7.6687503,-28.312502
105822347718775,1788513341498,24.16875,7.5375004,-28.218752
105822357718775,1788513341508,23.90625,7.8562503,-28.181252
105822367718775,1788513341518,23.90625,7.7625003,-27.993752
105822377718775,1788513341528,24.056252,7.51875,-27.937502
105822387718775,1788513341538,23.85,7.4437504,-28.0125
105822397718775,1788513341548,23.868752,7.4062505,-28.1625
105822407718775,1788513341558,23.8125,7.4062505,-28.031252
105822417718775,1788513341568,23.831251,7.4437504,-28.2
105822427718775,1788513341578,23.90625,7.5375004,-28.275002
105822437718775,1788513341588,24.16875,7.2937503,-28.5375
105822447718775,1788513341598,24.187502,7.3125005,-28.612501
105822457718775,1788513341608,24.2625,7.33125,-28.725
105822467718775,1788513341618,24.093752,7.3500004,-28.781252
105822477718775,1788513341628,24.281252,7.4062505,-28.593752
105822487718775,1788513341638,24.2625,7.4437504,-28.706251
105822497718775,1788513341648,24.35625,7.3500004,-28.706251
105822507718775,1788513341658,24.4125,7.14375,-28.500002
105822517718775,1788513341668,24.206251,7.4437504,-28.48125
105822527718775,1788513341678,24.056252,7.33125,-28.462502
105822537718775,1788513341688,24.13125,7.6875005,-28.406252
105822547718775,1788513341698,24.337502,7.9687505,-28.406252
105822557718775,1788513341708,24.225,7.6312504,-28.406252
105822567718775,1788513341718,24.187502,7.6687503,-28.500002
105822577718775,1788513341728,24.243752,7.51875,-28.406252
105822587718775,1788513341738,23.94375,7.7812505,-28.518751
105822597718775,1788513341748,24.075,7.55625,-28.575
105822607718775,1788513341758,24.13125,7.70625,-28.7625
105822617718775,1788513341768,23.98125,7.425,-28.95
105822627718775,1788513341778,24.0375,7.2000003,-28.95
105822637718775,1788513341788,24.093752,7.2937503,-28.95
105822647718775,1788513341798,24.31875,7.1250005,-28.650002
105822657718775,1788513341808,24.45,7.3875003,-28.44375
105822667718775,1788513341818,24.675001,7.3125005,-28.5375
105822677718775,1788513341828,24.73125,7.2187505,-28.66875
105822687718775,1788513341838,24.937502,7.1625004,-28.63125
105822697718775,1788513341848,25.0125,7.0875,-28.368752
105822707718775,1788513341858,24.862501,7.1250005,-28.237501
105822717718775,1788513341868,24.675001,7.2187505,-28.237501
105822727718775,1788513341878,24.31875,7.18125,-28.5375
105822737718775,1788513341888,24.112501,6.9750004,-28.500002
105822747718775,1788513341898,23.962502,6.8625,-28.593752
105822757718775,1788513341908,23.75625,6.9750004,-28.331251
105822767718775,1788513341918,23.71875,7.14375,-28.143751
105822777718775,1788513341928,23.6625,7.33125,-28.2
105822787718775,1788513341938,23.456251,7.4062505,-28.368752
105822797718775,1788513341948,23.643751,7.4062505,-28.462502
105822807718775,1788513341958,23.60625,7.51875,-28.3875
105822817718775,1788513341968,23.60625,7.65,-28.612501
105822827718775,1788513341978,23.831251,7.70625,-28.500002
105822837718775,1788513341988,23.79375,7.65,-28.687502
105822847718775,1788513341998,23.6625,7.5375004,-28.85625
105822857718775,1788513342008,23.79375,7.3125005,-28.837502
105822867718775,1788513342018,24.16875,7.275,-28.85625
105822877718775,1788513342028,23.94375,7.2375,-28.81875
105822887718775,1788513342038,24.281252,7.2000003,-28.687502
105822897718775,1788513342048,24.375002,6.9187503,-28.462502
105822907718775,1788513342058,24.393751,6.95625,-28.331251
105822917718775,1788513342068,24.656252,6.8437505,-28.125002
105822927718775,1788513342078,24.656252,6.7875004,-27.7875
105822937718775,1788513342088,24.4125,6.7312503,-27.750002
105822947718775,1788513342098,24.4125,6.7312503,-27.656252
105822957718775,1788513342108,24.6375,6.7500005,-27.712502
105822967718775,1788513342118,24.6,6.80625,-28.0125
105822977718775,1788513342128,24.431252,6.8812504,-28.143751
105822987718775,1788513342138,24.300001,6.7312503,-28.181252
105822997718775,1788513342148,24.225,6.7500005,-28.0125
105823007718775,1788513342158,24.35625,6.80625,-28.29375
105823017718775,1788513342168,24.712502,6.95625,-28.2
105823027718775,1788513342178,24.581251,6.8250003,-28.181252
105823037718775,1788513342188,24.31875,6.8812504,-28.143751
105823047718775,1788513342198,24.187502,6.7500005,-28.050001
105823057718775,1788513342208,24.281252,6.9375005,-28.2
105823067718775,1788513342218,24.393751,7.1062503,-28.425001
105823077718775,1788513342228,24.150002,7.1625004,-28.556252
105823087718775,1788513342238,23.8875,7.0125003,-28.425001
105823097718775,1788513342248,23.925001,7.3500004,-28.63125
105823107718775,1788513342258,23.868752,7.5750003,-28.5375
105823117718775,1788513342268,24.093752,7.65,-28.687502
105823127718775,1788513342278,24.187502,7.9125004,-28.66875
105823137718775,1788513342288,24.300001,7.8375,-28.612501
105823147718775,1788513342298,24.225,7.8,-28.368752
105823157718775,1788513342308,24.375002,7.5750003,-28.368752
105823167718775,1788513342318,24.562502,7.8187504,-28.462502
105823177718775,1788513342328,24.45,7.6125,-28.44375
105823187718775,1788513342338,24.45,7.5750003,-28.44375
105823197718775,1788513342348,24.4125,7.5000005,-28.312502
105823207718775,1788513342358,24.31875,7.4062505,-28.218752
105823217718775,1788513342368,24.31875,7.4437504,-28.125002
105823227718775,1788513342378,24.35625,7.275,-28.218752
105823237718775,1788513342388,24.468752,7.70625,-28.218752
105823247718775,1788513342398,24.35625,7.5000005,-28.1625
105823257718775,1788513342408,24.431252,7.2187505,-28.050001
105823267718775,1788513342418,24.581251,7.0312505,-28.06875
105823277718775,1788513342428,24.88125,6.9375005,-28.0125
105823287718775,1788513342438,24.900002,6.95625,-27.806252
105823297718775,1788513342448,24.7875,6.99375,-27.806252
105823307718775,1788513342458,24.6375,7.0125003,-27.6375
105823317718775,1788513342468,24.6,6.95625,-27.54375
105823327718775,1788513342478,24.88125,7.1625004,-27.50625
105823337718775,1788513342488,24.69375,7.4812503,-27.69375
105823347718775,1788513342498,24.806252,7.5750003,-27.73125
105823357718775,1788513342508,24.431252,7.4812503,-27.843752
105823367718775,1788513342518,24.45,7.2937503,-28.087502
105823377718775,1788513342528,24.656252,7.18125,-27.937502
105823387718775,1788513342538,24.825,7.36875,-28.0125
105823397718775,1788513342548,24.956251,7.33125,-28.2
105823407718775,1788513342558,24.768751,7.14375,-28.10625
105823417718775,1788513342568,24.7875,6.9750004,-27.937502
105823427718775,1788513342578,24.618752,6.9750004,-27.843752
105823437718775,1788513342588,24.656252,7.0687504,-27.618752
105823447718775,1788513342598,24.937502,7.275,-27.581251
105823457718775,1788513342608,24.656252,7.2562504,-27.806252
105823467718775,1788513342618,24.431252,7.18125,-27.956251
105823477718775,1788513342628,24.431252,7.0875,-27.675001
105823487718775,1788513342638,24.45,7.2000003,-27.750002
105823497718775,1788513342648,24.35625,7.2000003,-27.806252
105823507718775,1788513342658,24.54375,7.05,-27.6375
105823517718775,1788513342668,24.468752,7.0687504,-27.468752
105823527718775,1788513342678,24.093752,6.99375,-27.562502
105823537718775,1788513342688,23.962502,7.0687504,-27.468752
105823547718775,1788513342698,24.150002,7.05,-27.375002
105823557718775,1788513342708,24.0375,7.14375,-27.562502
105823567718775,1788513342718,24.075,7.1625004,-27.73125
105823577718775,1788513342728,24.112501,7.3875003,-27.54375
105823587718775,1788513342738,23.94375,7.5000005,-27.69375
105823597718775,1788513342748,24.0,7.6125,-28.0125
105823607718775,1788513342758,23.8875,7.5750003,-27.862501
105823617718775,1788513342768,24.056252,7.65,-27.7875
105823627718775,1788513342778,23.94375,7.8,-27.750002
105823637718775,1788513342788,23.775002,7.8187504,-27.712502
105823647718775,1788513342798,23.75625,7.5375004,-27.525002
105823657718775,1788513342808,23.737501,7.2937503,-27.7875
105823667718775,1788513342818,23.8875,7.2000003,-27.69375
105823677718775,1788513342828,23.8875,6.9375005,-27.618752
105823687718775,1788513342838,24.0375,7.05,-27.6375
105823697718775,1788513342848,23.94375,6.9,-27.487501
105823707718775,1788513342858,23.925001,6.8625,-27.468752
105823717718775,1788513342868,24.093752,6.7125,-27.45
105823727718775,1788513342878,24.0,6.80625,-27.6
105823737718775,1788513342888,24.2625,6.8625,-27.431252
105823747718775,1788513342898,24.112501,6.9,-27.431252
105823757718775,1788513342908,23.925001,7.0875,-27.206251
105823767718775,1788513342918,24.112501,7.0875,-27.375002
105823777718775,1788513342928,24.13125,7.1062503,-27.54375
105823787718775,1788513342938,24.13125,7.275,-27.562502
105823797718775,1788513342948,24.13125,7.36875,-27.750002
105823807718775,1788513342958,24.2625,7.74375,-27.712502
105823817718775,1788513342968,24.206251,8.00625,-27.7875
105823827718775,1788513342978,24.187502,8.25,-27.975
105823837718775,1788513342988,24.4125,8.418751,-27.975
105823847718775,1788513342998,24.4125,8.231251,-27.750002
105823857718775,1788513343008,24.45,7.9500003,-28.06875
105823867718775,1788513343018,24.618752,7.8,-28.2
105823877718775,1788513343028,24.50625,7.7812505,-27.825
105823887718775,1788513343038,24.225,7.4625,-27.656252
105823897718775,1788513343048,24.112501,7.1625004,-27.54375
105823907718775,1788513343058,24.0,6.9750004,-27.54375
105823917718775,1788513343068,23.831251,6.7125,-27.73125
105823927718775,1788513343078,23.4375,6.95625,-27.993752
105823937718775,1788513343088,23.6625,7.425,-27.862501
105823947718775,1788513343098,23.868752,7.2187505,-27.656252
105823957718775,1788513343108,24.093752,7.2187505,-27.7875
105823967718775,1788513343118,24.300001,7.275,-27.993752
105823977718775,1788513343128,24.018751,7.275,-28.06875
105823987718775,1788513343138,24.018751,7.1062503,-27.993752
105823997718775,1788513343148,24.187502,7.3875003,-27.993752
105824007718775,1788513343158,24.375002,7.2562504,-27.900002
105824017718775,1788513343168,24.281252,6.9750004,-27.806252
105824027718775,1788513343178,24.093752,7.05,-27.806252
105824037718775,1788513343188,24.13125,7.1625004,-27.956251
105824047718775,1788513343198,24.16875,7.2937503,-27.618752
105824057718775,1788513343208,24.45,7.3500004,-27.712502
105824067718775,1788513343218,24.806252,7.55625,-27.581251
105824077718775,1788513343228,24.7875,7.425,-27.618752
105824087718775,1788513343238,24.825,7.425,-27.712502
105824097718775,1788513343248,24.6375,7.425,-27.468752
105824107718775,1788513343258,24.487501,7.2562504,-27.375002
105824117718775,1788513343268,24.300001,7.0312505,-27.093752
105824127718775,1788513343278,24.31875,6.95625,-27.300001
105824137718775,1788513343288,24.337502,6.76875,-27.431252
105824147718775,1788513343298,23.79375,6.76875,-27.656252
105824157718775,1788513343308,23.868752,6.7875004,-27.54375
105824167718775,1788513343318,23.831251,6.7875004,-27.2625
105824177718775,1788513343328,23.831251,6.9375005,-27.45
105824187718775,1788513343338,23.90625,7.2187505,-27.562502
105824197718775,1788513343348,24.0,7.5000005,-27.656252
105824207718775,1788513343358,23.98125,7.51875,-27.73125
105824217718775,1788513343368,24.056252,7.8562503,-27.487501
105824227718775,1788513343378,24.337502,7.65,-27.281252
105824237718775,1788513343388,24.375002,7.65,-27.281252
105824247718775,1788513343398,24.525002,7.7250004,-27.6
105824257718775,1788513343408,24.45,7.6125,-27.4125
105824267718775,1788513343418,24.35625,7.5750003,-27.45
105824277718775,1788513343428,24.206251,7.4812503,-27.73125
105824287718775,1788513343438,24.16875,7.4625,-27.7875
105824297718775,1788513343448,24.13125,7.5750003,-27.768751
105824307718775,1788513343458,24.075,7.5375004,-27.69375
105824317718775,1788513343468,23.85,7.5375004,-27.562502
105824327718775,1788513343478,23.56875,7.36875,-27.31875
105824337718775,1788513343488,23.681252,7.51875,-27.768751
105824347718775,1788513343498,23.7,7.5000005,-27.7875
105824357718775,1788513343508,23.868752,7.51875,-27.54375
105824367718775,1788513343518,23.962502,7.6875005,-27.431252
105824377718775,1788513343528,23.90625,7.5000005,-27.468752
105824387718775,1788513343538,23.8875,7.6687503,-27.6
105824397718775,1788513343548,23.90625,7.6875005,-27.750002
105824407718775,1788513343558,23.962502,7.7812505,-27.825
105824417718775,1788513343568,23.98125,7.5937505,-27.487501
105824427718775,1788513343578,24.056252,7.65,-27.375002
105824437718775,1788513343588,24.018751,7.7625003,-27.431252
105824447718775,1788513343598,24.150002,7.7250004,-27.675001
105824457718775,1788513343608,24.13125,7.74375,-27.750002
105824467718775,1788513343618,24.150002,7.8187504,-27.7875
105824477718775,1788513343628,24.337502,7.5375004,-27.993752
105824487718775,1788513343638,24.431252,7.6875005,-27.88125
105824497718775,1788513343648,24.31875,7.7625003,-27.843752
105824507718775,1788513343658,24.4125,7.5750003,-27.843752
105824517718775,1788513343668,24.375002,7.36875,-27.862501
105824527718775,1788513343678,24.0375,7.2562504,-27.581251
105824537718775,1788513343688,23.962502,7.1062503,-27.69375
105824547718775,1788513343698,23.962502,7.1062503,-27.69375
105824557718775,1788513343708,23.90625,7.2937503,-27.581251
105824567718775,1788513343718,23.962502,7.05,-27.7875
105824577718775,1788513343728,24.16875,7.2375,-27.843752
105824587718775,1788513343738,24.187502,7.2187505,-28.050001
105824597718775,1788513343748,24.16875,7.2937503,-28.031252
105824607718775,1788513343758,24.2625,7.275,-28.1625
105824617718775,1788513343768,24.393751,7.36875,-28.031252
105824627718775,1788513343778,24.69375,7.3875003,-28.06875
105824637718775,1788513343788,24.69375,7.4437504,-27.937502
105824647718775,1788513343798,24.73125,7.6125,-27.862501
105824657718775,1788513343808,24.73125,7.51875,-27.937502
105824667718775,1788513343818,24.431252,7.5750003,-27.768751
105824677718775,1788513343828,24.45,7.6125,-27.993752
105824687718775,1788513343838,24.50625,7.70625,-27.956251
105824697718775,1788513343848,24.337502,7.8187504,-27.88125
105824707718775,1788513343858,23.925001,7.70625,-27.862501
105824717718775,1788513343868,24.056252,7.6312504,-27.7875
105824727718775,1788513343878,24.0375,7.5375004,-27.91875
105824737718775,1788513343888,23.925001,7.4437504,-27.956251
105824747718775,1788513343898,24.243752,7.4062505,-27.993752
105824757718775,1788513343908,24.225,7.2937503,-27.7875
105824767718775,1788513343918,24.225,7.2937503,-27.6375
105824777718775,1788513343928,24.243752,7.0687504,-27.750002
105824787718775,1788513343938,24.393751,7.0875,-27.712502
105824797718775,1788513343948,24.150002,6.99375,-28.06875
105824807718775,1788513343958,24.187502,7.0312505,-27.88125
105824817718775,1788513343968,24.281252,7.0875,-27.69375
105824827718775,1788513343978,24.16875,7.2375,-27.6
105824837718775,1788513343988,24.2625,7.275,-27.4125
105824847718775,1788513343998,24.112501,7.14375,-27.581251
105824857718775,1788513344008,24.093752,7.275,-27.468752
105824867718775,1788513344018,24.31875,6.9750004,-27.45
105824877718775,1788513344028,24.45,7.2562504,-27.206251
105824887718775,1788513344038,24.337502,7.4062505,-27.150002
105824897718775,1788513344048,24.393751,7.51875,-27.16875
105824907718775,1788513344058,24.31875,7.4062505,-27.468752
105824917718775,1788513344068,24.431252,7.425,-27.45
105824927718775,1788513344078,24.50625,7.4062505,-27.281252
105824937718775,1788513344088,24.69375,7.4625,-27.150002
105824947718775,1788513344098,24.468752,7.65,-27.300001
105824957718775,1788513344108,24.393751,7.6312504,-27.093752
105824967718775,1788513344118,24.35625,7.5937505,-27.45
105824977718775,1788513344128,24.35625,7.4062505,-27.675001
105824987718775,1788513344138,24.35625,7.4437504,-27.300001
105824997718775,1788513344148,24.337502,7.5750003,-27.562502
105825007718775,1788513344158,24.45,7.5937505,-27.6
105825017718775,1788513344168,24.300001,7.4625,-27.825
105825027718775,1788513344178,24.31875,7.4812503,-27.806252
105825037718775,1788513344188,24.300001,7.4625,-27.7875
105825047718775,1788513344198,24.225,7.2187505,-27.581251
105825057718775,1788513344208,24.206251,7.1625004,-27.45
105825067718775,1788513344218,24.31875,7.14375,-27.656252
105825077718775,1788513344228,24.018751,7.0125003,-27.806252
105825087718775,1788513344238,23.8125,6.99375,-27.975
105825097718775,1788513344248,23.8875,7.1625004,-27.993752
105825107718775,1788513344258,23.868752,7.14375,-28.0125
105825117718775,1788513344268,23.962502,7.18125,-28.237501
105825127718775,1788513344278,24.13125,7.33125,-28.125002
105825137718775,1788513344288,24.206251,7.36875,-28.143751
105825147718775,1788513344298,24.300001,7.5000005,-28.125002
105825157718775,1788513344308,24.468752,7.5937505,-27.975
105825167718775,1788513344318,24.6,7.6875005,-27.88125
105825177718775,1788513344328,24.843752,7.5750003,-27.825
105825187718775,1788513344338,24.7875,7.6875005,-27.806252
105825197718775,1788513344348,24.768751,7.6125,-27.656252
105825207718775,1788513344358,24.656252,7.65,-27.712502
105825217718775,1788513344368,24.712502,7.65,-27.712502
105825227718775,1788513344378,24.525002,7.51875,-27.69375
105825237718775,1788513344388,24.618752,7.3125005,-27.487501
105825247718775,1788513344398,24.525002,7.425,-27.431252
105825257718775,1788513344408,24.337502,7.3875003,-27.562502
105825267718775,1788513344418,24.45,7.18125,-27.50625
105825277718775,1788513344428,24.393751,7.14375,-27.73125
105825287718775,1788513344438,24.50625,7.2000003,-27.750002
105825297718775,1788513344448,24.16875,7.33125,-27.73125
105825307718775,1788513344458,24.093752,7.5375004,-27.843752
105825317718775,1788513344468,23.831251,7.8,-28.1625
105825327718775,1788513344478,23.90625,7.8562503,-28.218752
105825337718775,1788513344488,23.8125,7.8,-27.900002
105825347718775,1788513344498,23.85,7.8750005,-27.937502
105825357718775,1788513344508,23.8125,7.8187504,-27.975
105825367718775,1788513344518,23.71875,7.6875005,-28.06875
105825377718775,1788513344528,23.643751,7.4062505,-27.88125
105825387718775,1788513344538,23.94375,7.1062503,-27.750002
105825397718775,1788513344548,24.206251,7.1062503,-27.750002
105825407718775,1788513344558,24.075,6.95625,-27.73125
105825417718775,1788513344568,24.300001,7.0687504,-27.862501
105825427718775,1788513344578,24.16875,7.1062503,-28.0125
105825437718775,1788513344588,24.13125,7.1625004,-27.843752
105825447718775,1788513344598,24.2625,7.275,-27.7875
105825457718775,1788513344608,24.525002,7.4625,-28.0125
105825467718775,1788513344618,24.487501,7.51875,-28.06875
105825477718775,1788513344628,24.31875,7.33125,-27.7875
105825487718775,1788513344638,24.562502,7.275,-27.768751
105825497718775,1788513344648,24.487501,7.3500004,-27.750002
105825507718775,1788513344658,24.656252,7.5000005,-27.825
105825517718775,1788513344668,24.675001,7.3125005,-28.1625
105825527718775,1788513344678,24.468752,7.3500004,-28.2
105825537718775,1788513344688,24.4125,7.425,-28.143751
105825547718775,1788513344698,24.225,7.55625,-27.993752
105825557718775,1788513344708,24.337502,7.6312504,-28.218752
105825567718775,1788513344718,24.13125,7.55625,-28.650002
105825577718775,1788513344728,23.90625,7.4625,-28.837502
105825587718775,1788513344738,24.0375,7.2187505,-28.575
105825597718775,1788513344748,24.056252,7.36875,-28.462502
105825607718775,1788513344758,23.962502,7.4625,-28.66875
105825617718775,1788513344768,23.775002,7.55625,-28.81875
105825627718775,1788513344778,23.831251,7.65,-29.118752
105825637718775,1788513344788,23.79375,7.6687503,-28.875002
105825647718775,1788513344798,24.0375,7.6875005,-28.5375
105825657718775,1788513344808,24.206251,7.70625,-28.368752
105825667718775,1788513344818,24.056252,7.7812505,-28.312502
105825677718775,1788513344828,24.075,7.8562503,-28.06875
105825687718775,1788513344838,24.13125,7.70625,-28.050001
105825697718775,1788513344848,24.150002,7.6875005,-27.806252
105825707718775,1788513344858,24.187502,7.7250004,-27.712502
105825717718775,1788513344868,24.13125,7.5375004,-27.937502
105825727718775,1788513344878,24.150002,7.51875,-28.10625
105825737718775,1788513344888,24.0,7.6687503,-28.44375
105825747718775,1788513344898,23.8125,7.74375,-28.462502
105825757718775,1788513344908,23.79375,7.55625,-28.500002
105825767718775,1788513344918,24.31875,7.3125005,-28.275002
105825777718775,1788513344928,24.45,7.4625,-28.425001
105825787718775,1788513344938,24.50625,7.2562504,-28.500002
105825797718775,1788513344948,24.656252,7.36875,-28.556252
105825807718775,1788513344958,24.581251,7.5937505,-28.406252
105825817718775,1788513344968,24.712502,7.51875,-28.237501
105825827718775,1788513344978,24.675001,7.425,-28.29375
105825837718775,1788513344988,24.862501,7.51875,-28.3875
105825847718775,1788513344998,24.54375,7.6312504,-28.35
105825857718775,1788513345008,24.656252,7.425,-28.44375
105825867718775,1788513345018,24.431252,7.4062505,-28.25625
105825877718775,1788513345028,24.468752,7.4062505,-28.2
105825887718775,1788513345038,24.187502,7.1625004,-28.2
105825897718775,1788513345048,24.0375,7.3125005,-28.25625
105825907718775,1788513345058,24.206251,7.2375,-28.500002
105825917718775,1788513345068,24.112501,7.2000003,-28.368752
105825927718775,1788513345078,24.112501,7.1625004,-28.275002
105825937718775,1788513345088,24.0,7.14375,-28.312502
105825947718775,1788513345098,24.337502,7.0875,-28.29375
105825957718775,1788513345108,24.243752,7.275,-28.181252
105825967718775,1788513345118,24.300001,7.2375,-28.1625
105825977718775,1788513345128,24.393751,6.9187503,-28.06875
105825987718775,1788513345138,24.45,6.8812504,-27.69375
105825997718775,1788513345148,24.35625,6.9750004,-27.6375
105826007718775,1788513345158,24.187502,7.18125,-27.73125
105826017718775,1788513345168,24.281252,7.2000003,-27.69375
105826027718775,1788513345178,24.2625,7.4437504,-27.69375
105826037718775,1788513345188,24.337502,7.1625004,-27.69375
105826047718775,1788513345198,24.337502,7.1625004,-27.562502
105826057718775,1788513345208,24.300001,7.2937503,-27.525002
105826067718775,1788513345218,24.35625,7.5375004,-27.468752
105826077718775,1788513345228,24.487501,7.4437504,-27.525002
105826087718775,1788513345238,24.468752,7.33125,-27.712502
105826097718775,1788513345248,24.4125,7.0687504,-27.750002
105826107718775,1788513345258,24.300001,6.8625,-27.806252
105826117718775,1788513345268,24.300001,7.1250005,-27.618752
105826127718775,1788513345278,24.31875,7.1062503,-27.862501
105826137718775,1788513345288,24.31875,7.0687504,-27.993752
105826147718775,1788513345298,24.13125,6.6000004,-28.125002
105826157718775,1788513345308,24.112501,6.7125,-28.275002
105826167718775,1788513345318,24.300001,6.7500005,-28.181252
105826177718775,1788513345328,24.300001,6.9,-28.031252
105826187718775,1788513345338,24.300001,7.0312505,-28.125002
105826197718775,1788513345348,24.281252,6.8812504,-28.48125
105826207718775,1788513345358,24.431252,6.9750004,-28.406252
105826217718775,1788513345368,24.431252,7.1625004,-28.218752
105826227718775,1788513345378,24.581251,7.5750003,-28.2
105826237718775,1788513345388,24.4125,7.425,-28.087502
105826247718775,1788513345398,24.4125,7.5000005,-27.843752
105826257718775,1788513345408,24.337502,7.6125,-27.862501
105826267718775,1788513345418,24.13125,7.2937503,-27.768751
105826277718775,1788513345428,23.925001,7.275,-27.525002
105826287718775,1788513345438,23.831251,7.18125,-27.618752
105826297718775,1788513345448,24.056252,7.275,-27.6
105826307718775,1788513345458,24.075,7.14375,-27.750002
105826317718775,1788513345468,24.093752,7.2562504,-27.91875
105826327718775,1788513345478,24.112501,7.1062503,-28.125002
105826337718775,1788513345488,24.187502,7.0125003,-28.1625
105826347718775,1788513345498,24.2625,7.2562504,-28.237501
105826357718775,1788513345508,24.6,7.275,-28.5375
105826367718775,1788513345518,24.581251,7.2187505,-28.575
105826377718775,1788513345528,24.4125,7.1250005,-28.556252
105826387718775,1788513345538,24.4125,7.1250005,-28.425001
105826397718775,1788513345548,24.4125,7.0687504,-28.425001
105826407718775,1788513345558,24.187502,7.2187505,-28.425001
105826417718775,1788513345568,24.13125,7.3125005,-28.44375
105826427718775,1788513345578,24.187502,7.2187505,-28.25625
105826437718775,1788513345588,23.737501,6.99375,-28.275002
105826447718775,1788513345598,23.4375,7.2000003,-28.181252
105826457718775,1788513345608,23.456251,6.99375,-28.237501
105826467718775,1788513345618,23.306252,6.99375,-28.368752
105826477718775,1788513345628,23.38125,7.1062503,-28.2
105826487718775,1788513345638,23.625,7.1250005,-28.25625
105826497718775,1788513345648,23.625,6.8812504,-28.10625
105826507718775,1788513345658,23.7,7.05,-28.29375
105826517718775,1788513345668,23.94375,7.4062505,-28.1625
105826527718775,1788513345678,24.075,7.2375,-27.993752
105826537718775,1788513345688,24.150002,7.3875003,-28.0125
105826547718775,1788513345698,24.431252,7.55625,-27.900002
105826557718775,1788513345708,24.45,7.425,-27.768751
105826567718775,1788513345718,24.468752,7.36875,-27.656252
105826577718775,1788513345728,24.6,7.55625,-27.806252
105826587718775,1788513345738,24.656252,7.6687503,-27.825
105826597718775,1788513345748,24.73125,7.4812503,-27.73125
105826607718775,1788513345758,25.031252,7.74375,-27.956251
105826617718775,1788513345768,25.0125,7.6125,-28.087502
105826627718775,1788513345778,24.862501,7.5937505,-28.29375
105826637718775,1788513345788,24.956251,7.55625,-28.48125
105826647718775,1788513345798,24.6375,7.5000005,-28.66875
105826657718775,1788513345808,24.618752,7.4062505,-28.575
105826667718775,1788513345818,24.4125,7.2375,-28.593752
105826677718775,1788513345828,24.337502,7.2187505,-28.575
105826687718775,1788513345838,24.243752,7.0312505,-28.237501
105826697718775,1788513345848,24.281252,7.0687504,-27.975
105826707718775,1788513345858,24.206251,7.2375,-27.937502
105826717718775,1788513345868,24.075,7.275,-27.750002
105826727718775,1788513345878,24.281252,7.36875,-27.468752
105826737718775,1788513345888,24.281252,7.275,-27.468752
105826747718775,1788513345898,24.225,7.4062505,-27.337502
105826757718775,1788513345908,24.112501,7.3500004,-27.393751
105826767718775,1788513345918,24.13125,7.4437504,-27.6
105826777718775,1788513345928,23.98125,7.5937505,-27.656252
105826787718775,1788513345938,23.868752,7.4437504,-27.562502
105826797718775,1788513345948,23.90625,7.4062505,-27.750002
105826807718775,1788513345958,23.962502,7.425,-27.7875
105826817718775,1788513345968,23.925001,7.4812503,-27.91875
105826827718775,1788513345978,24.0375,7.5375004,-27.768751
105826837718775,1788513345988,24.2625,7.6125,-27.73125
105826847718775,1788513345998,24.075,7.5000005,-27.6375
105826857718775,1788513346008,24.187502,7.6875005,-27.656252
105826867718775,1788513346018,24.300001,7.4625,-27.843752
105826877718775,1788513346028,24.375002,7.6312504,-27.862501
105826887718775,1788513346038,24.31875,7.70625,-27.7875
105826897718775,1788513346048,24.187502,7.8375,-27.750002
105826907718775,1788513346058,24.13125,7.4812503,-28.050001
105826917718775,1788513346068,24.018751,7.5937505,-28.1625
105826927718775,1788513346078,24.16875,7.6312504,-28.125002
105826937718775,1788513346088,24.300001,7.3500004,-28.087502
105826947718775,1788513346098,24.075,7.5937505,-28.050001
105826957718775,1788513346108,23.831251,7.4812503,-28.0125
105826967718775,1788513346118,23.868752,7.3125005,-28.237501
105826977718775,1788513346128,23.85,7.425,-28.06875
105826987718775,1788513346138,23.868752,7.8375,-28.06875
105826997718775,1788513346148,23.925001,7.6687503,-27.956251
105827007718775,1788513346158,23.8875,7.55625,-28.10625
105827017718775,1788513346168,23.681252,7.4437504,-28.368752
105827027718775,1788513346178,24.0375,7.3500004,-28.25625
105827037718775,1788513346188,24.206251,7.4625,-28.143751
105827047718775,1788513346198,24.35625,7.6125,-27.91875
105827057718775,1788513346208,24.50625,7.6687503,-28.181252
105827067718775,1788513346218,24.468752,7.36875,-28.1625
105827077718775,1788513346228,24.487501,7.4625,-28.35
105827087718775,1788513346238,24.45,7.55625,-28.125002
105827097718775,1788513346248,24.562502,7.6125,-27.862501
105827107718775,1788513346258,24.525002,7.70625,-27.825
105827117718775,1788513346268,24.225,7.6125,-28.10625
105827127718775,1788513346278,23.90625,7.4812503,-28.312502
105827137718775,1788513346288,24.018751,7.2187505,-28.143751
105827147718775,1788513346298,24.075,7.2187505,-28.237501
105827157718775,1788513346308,24.018751,7.18125,-28.050001
105827167718775,1788513346318,24.225,7.0125003,-28.275002
105827177718775,1788513346328,24.225,6.7875004,-28.406252
105827187718775,1788513346338,24.093752,6.9750004,-28.29375
105827197718775,1788513346348,24.206251,7.1062503,-28.1625
105827207718775,1788513346358,24.337502,7.0875,-28.143751
105827217718775,1788513346368,24.0375,7.2375,-28.35
105827227718775,1788513346378,24.187502,7.3500004,-28.050001
105827237718775,1788513346388,24.187502,7.2937503,-28.0125
105827247718775,1788513346398,24.075,7.5937505,-28.143751
105827257718775,1788513346408,23.98125,7.74375,-28.031252
105827267718775,1788513346418,24.093752,7.36875,-28.181252
105827277718775,1788513346428,24.337502,6.99375,-28.312502
105827287718775,1788513346438,24.393751,7.2000003,-28.3875
105827297718775,1788513346448,24.656252,6.95625,-28.218752
105827307718775,1788513346458,24.6375,6.8250003,-28.218752
105827317718775,1788513346468,24.581251,6.80625,-28.368752
105827327718775,1788513346478,24.4125,6.525,-27.993752
105827337718775,1788513346488,24.618752,6.6000004,-28.0125
105827347718775,1788513346498,24.562502,6.6937504,-27.88125
105827357718775,1788513346508,24.375002,6.8812504,-27.806252
105827367718775,1788513346518,24.4125,6.6000004,-27.900002
105827377718775,1788513346528,24.300001,6.8812504,-27.862501
105827387718775,1788513346538,24.093752,7.0312505,-28.06875
105827397718775,1788513346548,23.868752,7.0875,-27.975
105827407718775,1788513346558,23.831251,7.4437504,-27.975
105827417718775,1788513346568,23.643751,7.3125005,-27.975
105827427718775,1788513346578,23.456251,7.2187505,-28.087502
105827437718775,1788513346588,23.75625,7.2937503,-27.900002
105827447718775,1788513346598,23.6625,7.2937503,-27.618752
105827457718775,1788513346608,23.868752,7.2375,-27.712502
105827467718775,1788513346618,23.85,7.0687504,-27.6375
105827477718775,1788513346628,24.056252,7.2000003,-27.656252
105827487718775,1788513346638,24.225,6.8812504,-27.712502
105827497718775,1788513346648,24.375002,6.9375005,-27.768751
105827507718775,1788513346658,24.6375,6.95625,-27.618752
105827517718775,1788513346668,24.45,6.8625,-27.618752
105827527718775,1788513346678,24.581251,6.8625,-27.656252
105827537718775,1788513346688,24.281252,6.76875,-27.581251
105827547718775,1788513346698,24.31875,6.95625,-27.54375
105827557718775,1788513346708,24.056252,6.8437505,-27.487501
105827567718775,1788513346718,24.0375,7.05,-27.6
105827577718775,1788513346728,23.90625,7.18125,-27.54375
105827587718775,1788513346738,23.625,7.2375,-27.69375
105827597718775,1788513346748,23.625,7.3875003,-27.750002
105827607718775,1788513346758,23.456251,7.4625,-27.69375
105827617718775,1788513346768,23.400002,7.2937503,-27.900002
105827627718775,1788513346778,23.475,7.2375,-28.087502
105827637718775,1788513346788,24.018751,7.275,-28.143751
105827647718775,1788513346798,24.056252,7.18125,-28.275002
105827657718775,1788513346808,23.94375,7.0687504,-28.218752
105827667718775,1788513346818,24.056252,7.18125,-28.1625
105827677718775,1788513346828,24.093752,7.0312505,-28.125002
105827687718775,1788513346838,24.225,6.9,-28.275002
105827697718775,1788513346848,24.675001,7.1250005,-28.050001
105827707718775,1788513346858,24.6375,7.1625004,-27.862501
105827717718775,1788513346868,24.431252,7.275,-27.69375
105827727718775,1788513346878,24.337502,7.1250005,-27.562502
105827737718775,1788513346888,24.31875,7.18125,-27.618752
105827747718775,1788513346898,24.431252,7.0875,-27.54375
105827757718775,1788513346908,24.468752,7.2375,-27.6375
105827767718775,1788513346918,24.50625,7.3875003,-27.712502
105827777718775,1788513346928,24.225,7.425,-27.7875
105827787718775,1788513346938,24.431252,7.5000005,-28.050001
105827797718775,1788513346948,24.337502,7.4625,-28.143751
105827807718775,1788513346958,24.31875,7.5937505,-28.1625
105827817718775,1788513346968,24.393751,7.6312504,-28.0125
105827827718775,1788513346978,24.337502,7.6125,-28.181252
105827837718775,1788513346988,24.393751,7.7250004,-28.218752
105827847718775,1788513346998,24.31875,7.74375,-28.2
105827857718775,1788513347008,24.281252,7.8375,-28.29375
105827867718775,1788513347018,23.962502,7.9687505,-28.143751
105827877718775,1788513347028,24.056252,7.93125,-28.35
105827887718775,1788513347038,24.13125,8.0625,-28.462502
105827897718775,1788513347048,24.13125,7.8750005,-28.556252
105827907718775,1788513347058,24.075,8.00625,-28.500002
105827917718775,1788513347068,23.75625,7.9125004,-28.331251
105827927718775,1788513347078,23.85,8.00625,-28.143751
105827937718775,1788513347088,23.94375,7.7625003,-27.975
105827947718775,1788513347098,24.337502,7.51875,-28.06875
105827957718775,1788513347108,24.525002,7.7250004,-27.91875
105827967718775,1788513347118,24.45,7.5937505,-27.900002
105827977718775,1788513347128,24.54375,8.00625,-28.031252
105827987718775,1788513347138,24.712502,8.118751,-28.10625
105827997718775,1788513347148,24.900002,7.9875,-28.181252
105828007718775,1788513347158,24.6,7.6125,-28.2
105828017718775,1788513347168,24.31875,7.4812503,-28.237501
105828027718775,1788513347178,24.13125,7.2375,-28.218752
105828037718775,1788513347188,23.962502,7.1625004,-28.2
105828047718775,1788513347198,24.225,7.2937503,-28.181252
105828057718775,1788513347208,24.225,7.0875,-27.975
105828067718775,1788513347218,24.16875,6.9,-27.91875
105828077718775,1788513347228,24.150002,7.0687504,-27.993752
105828087718775,1788513347238,24.375002,7.275,-28.031252
105828097718775,1788513347248,24.487501,7.5937505,-28.050001
105828107718775,1788513347258,24.4125,7.8750005,-27.975
105828117718775,1788513347268,24.35625,7.8187504,-27.900002
105828127718775,1788513347278,24.300001,7.7625003,-27.6375
105828137718775,1788513347288,24.150002,7.6687503,-27.91875
105828147718775,1788513347298,24.150002,7.7250004,-27.750002
105828157718775,1788513347308,24.075,7.33125,-27.956251
105828167718775,1788513347318,24.243752,7.3500004,-28.218752
105828177718775,1788513347328,24.281252,7.36875,-28.556252
105828187718775,1788513347338,24.2625,7.1250005,-28.25625
105828197718775,1788513347348,24.562502,7.1062503,-28.35
105828207718775,1788513347358,24.35625,6.8812504,-28.368752
105828217718775,1788513347368,24.4125,7.0125003,-28.275002
105828227718775,1788513347378,24.675001,6.9187503,-28.44375
105828237718775,1788513347388,24.675001,7.1062503,-28.1625
105828247718775,1788513347398,24.187502,6.95625,-27.88125
105828257718775,1788513347408,24.243752,6.9187503,-27.750002
105828267718775,1788513347418,24.337502,7.0312505,-27.937502
105828277718775,1788513347428,24.018751,7.1062503,-27.806252
105828287718775,1788513347438,23.94375,7.2562504,-27.768751
105828297718775,1788513347448,24.075,7.18125,-27.675001
105828307718775,1788513347458,23.71875,7.275,-27.54375
105828317718775,1788513347468,23.71875,7.5000005,-27.712502
105828327718775,1788513347478,24.112501,7.6312504,-27.7875
105828337718775,1788513347488,24.31875,7.55625,-27.675001
105828347718775,1788513347498,24.2625,7.425,-27.862501
105828357718775,1788513347508,24.50625,7.4437504,-28.050001
105828367718775,1788513347518,24.675001,7.5000005,-28.125002
105828377718775,1788513347528,24.468752,7.4812503,-28.0125
105828387718775,1788513347538,24.337502,7.4625,-28.10625
105828397718775,1788513347548,24.562502,7.2562504,-28.237501
105828407718775,1788513347558,24.525002,6.9375005,-28.087502
105828417718775,1788513347568,24.337502,7.0875,-28.181252
105828427718775,1788513347578,24.375002,7.1062503,-28.06875
105828437718775,1788513347588,24.093752,7.0875,-28.1625
105828447718775,1788513347598,24.0375,6.9,-28.1625
105828457718775,1788513347608,24.018751,6.9750004,-28.275002
105828467718775,1788513347618,24.112501,7.0687504,-28.275002
105828477718775,1788513347628,24.056252,7.0687504,-27.956251
105828487718775,1788513347638,23.94375,7.4812503,-28.06875
105828497718775,1788513347648,24.018751,7.5000005,-27.862501
105828507718775,1788513347658,23.775002,7.5937505,-27.806252
105828517718775,1788513347668,23.98125,7.4812503,-27.750002
105828527718775,1788513347678,24.13125,7.65,-27.750002
105828537718775,1788513347688,24.393751,7.7625003,-27.843752
105828547718775,1788513347698,24.468752,7.7812505,-27.862501
105828557718775,1788513347708,24.45,7.9500003,-27.7875
105828567718775,1788513347718,24.618752,7.9125004,-27.675001
105828577718775,1788513347728,24.50625,7.7812505,-27.73125
105828587718775,1788513347738,24.45,7.8375,-27.69375
105828597718775,1788513347748,24.337502,7.8562503,-27.69375
105828607718775,1788513347758,24.35625,7.65,-27.768751
105828617718775,1788513347768,24.300001,7.55625,-27.675001
105828627718775,1788513347778,24.487501,7.36875,-27.6
105828637718775,1788513347788,24.562502,7.5000005,-27.768751
105828647718775,1788513347798,24.35625,7.4437504,-27.900002
105828657718775,1788513347808,24.54375,7.5000005,-28.06875
105828667718775,1788513347818,24.937502,7.2000003,-28.181252
105828677718775,1788513347828,25.0125,7.2375,-28.1625
105828687718775,1788513347838,24.750002,7.3500004,-28.181252
105828697718775,1788513347848,24.69375,7.5000005,-28.237501
105828707718775,1788513347858,24.4125,7.5000005,-28.3875
105828717718775,1788513347868,24.16875,7.2000003,-28.63125
105828727718775,1788513347878,24.393751,7.4625,-28.518751
105828737718775,1788513347888,24.300001,7.36875,-28.368752
105828747718775,1788513347898,24.056252,7.5000005,-28.25625
105828757718775,1788513347908,24.150002,7.5000005,-28.2
105828767718775,1788513347918,24.4125,7.5375004,-28.050001
105828777718775,1788513347928,24.393751,7.2562504,-27.993752
105828787718775,1788513347938,24.525002,7.2562504,-27.900002
105828797718775,1788513347948,24.618752,7.3500004,-27.54375
105828807718775,1788513347958,24.768751,7.1625004,-27.54375
105828817718775,1788513347968,24.712502,7.2187505,-27.712502
105828827718775,1788513347978,24.618752,7.4062505,-27.750002
105828837718775,1788513347988,24.468752,7.1250005,-27.825
105828847718775,1788513347998,24.2625,7.0312505,-27.806252
105828857718775,1788513348008,24.13125,6.9750004,-27.712502
105828867718775,1788513348018,23.962502,7.05,-27.69375
105828877718775,1788513348028,23.7,6.9750004,-27.581251
105828887718775,1788513348038,23.587502,6.7875004,-27.54375
105828897718775,1788513348048,23.53125,6.8250003,-27.337502
105828907718775,1788513348058,23.775002,6.9375005,-27.2625
105828917718775,1788513348068,23.831251,7.3125005,-27.4125
105828927718775,1788513348078,23.962502,7.5937505,-27.656252
105828937718775,1788513348088,24.056252,7.7625003,-27.768751
105828947718775,1788513348098,24.300001,7.65,-27.91875
105828957718775,1788513348108,24.562502,7.6125,-27.900002
105828967718775,1788513348118,24.300001,7.6687503,-27.862501
105828977718775,1788513348128,24.431252,7.6125,-27.843752
105828987718775,1788513348138,24.393751,7.33125,-27.975
105828997718775,1788513348148,24.468752,7.3875003,-27.712502
105829007718775,1788513348158,24.4125,7.2562504,-27.900002
105829017718775,1788513348168,24.50625,7.3125005,-28.10625
105829027718775,1788513348178,24.487501,7.4062505,-27.768751
105829037718775,1788513348188,24.337502,7.51875,-28.0125
105829047718775,1788513348198,24.337502,7.65,-27.975
105829057718775,1788513348208,24.243752,7.55625,-28.10625
105829067718775,1788513348218,24.093752,7.8,-28.087502
105829077718775,1788513348228,23.681252,7.4812503,-28.1625
105829087718775,1788513348238,23.643751,7.51875,-27.937502
105829097718775,1788513348248,23.587502,7.2937503,-27.806252
105829107718775,1788513348258,23.5125,7.3125005,-27.91875
105829117718775,1788513348268,23.681252,7.2187505,-27.900002
105829127718775,1788513348278,23.681252,7.2187505,-28.368752
105829137718775,1788513348288,23.7,7.2375,-28.425001
105829147718775,1788513348298,23.6625,7.1250005,-28.406252
105829157718775,1788513348308,23.90625,7.0312505,-28.331251
105829167718775,1788513348318,24.0,6.99375,-28.275002
105829177718775,1788513348328,23.8875,7.05,-28.143751
105829187718775,1788513348338,23.8125,7.1625004,-28.312502
105829197718775,1788513348348,23.7,7.1625004,-28.3875
105829207718775,1788513348358,23.8875,7.14375,-28.2
105829217718775,1788513348368,24.018751,7.2375,-27.975
105829227718775,1788513348378,24.093752,7.4437504,-28.087502
105829237718775,1788513348388,24.093752,7.7625003,-28.050001
105829247718775,1788513348398,24.075,7.6875005,-28.218752
105829257718775,1788513348408,24.2625,7.7250004,-28.312502
105829267718775,1788513348418,24.16875,7.6312504,-28.10625
105829277718775,1788513348428,24.375002,7.70625,-28.050001
105829287718775,1788513348438,24.225,7.65,-28.031252
105829297718775,1788513348448,24.0375,7.74375,-28.050001
105829307718775,1788513348458,24.281252,7.6125,-27.88125
105829317718775,1788513348468,24.206251,7.55625,-27.937502
105829327718775,1788513348478,24.487501,7.6312504,-27.825
105829337718775,1788513348488,24.50625,7.5750003,-27.768751
105829347718775,1788513348498,24.618752,7.36875,-27.750002
105829357718775,1788513348508,24.618752,7.36875,-27.750002
105829367718775,1788513348518,24.6,7.55625,-27.50625
105829377718775,1788513348528,24.862501,7.2000003,-27.618752
105829387718775,1788513348538,24.937502,7.2187505,-27.73125
105829397718775,1788513348548,25.0125,7.2375,-27.806252
105829407718775,1788513348558,24.73125,7.4062505,-27.937502
105829417718775,1788513348568,24.656252,7.5375004,-27.975
105829427718775,1788513348578,24.50625,7.8187504,-28.06875
105829437718775,1788513348588,24.393751,7.7250004,-28.10625
105829447718775,1788513348598,24.468752,7.5375004,-28.406252
105829457718775,1788513348608,24.13125,7.7625003,-28.556252
105829467718775,1788513348618,23.75625,7.55625,-28.312502
105829477718775,1788513348628,23.94375,7.5750003,-28.406252
105829487718775,1788513348638,23.90625,7.33125,-28.181252
105829497718775,1788513348648,23.925001,7.3500004,-28.35
105829507718775,1788513348658,23.90625,7.2187505,-28.406252
105829517718775,1788513348668,23.98125,7.2000003,-28.331251
105829527718775,1788513348678,23.98125,7.2000003,-28.181252
105829537718775,1788513348688,24.056252,7.3500004,-28.143751
105829547718775,1788513348698,24.243752,7.4812503,-28.3875
105829557718775,1788513348708,23.925001,7.5000005,-28.25625
105829567718775,1788513348718,23.90625,7.74375,-28.275002
105829577718775,1788513348728,23.85,7.55625,-28.087502
105829587718775,1788513348738,23.98125,7.6312504,-28.181252
105829597718775,1788513348748,24.018751,7.6687503,-28.181252
105829607718775,1788513348758,24.16875,7.5937505,-27.975
105829617718775,1788513348768,24.31875,7.4625,-27.806252
105829627718775,1788513348778,24.300001,7.6875005,-27.750002
105829637718775,1788513348788,24.618752,7.6312504,-27.6
105829647718775,1788513348798,24.581251,7.425,-27.768751
105829657718775,1788513348808,24.4125,7.5750003,-28.050001
105829667718775,1788513348818,24.50625,7.51875,-27.825
105829677718775,1788513348828,24.300001,7.5750003,-27.73125
105829687718775,1788513348838,24.206251,7.5750003,-27.956251
105829697718775,1788513348848,24.150002,7.425,-28.125002
105829707718775,1788513348858,24.13125,7.14375,-28.06875
105829717718775,1788513348868,23.868752,7.2375,-28.25625
105829727718775,1788513348878,23.90625,6.95625,-28.25625
105829737718775,1788513348888,24.16875,7.0312505,-28.050001
105829747718775,1788513348898,24.206251,7.1625004,-28.125002
105829757718775,1788513348908,24.35625,7.18125,-28.3875
105829767718775,1788513348918,24.581251,7.3500004,-28.331251
105829777718775,1788513348928,24.562502,7.7250004,-28.3875
105829787718775,1788513348938,24.525002,7.8750005,-28.650002
105829797718775,1788513348948,24.54375,7.7250004,-28.44375
105829807718775,1788513348958,24.825,7.9500003,-28.2
105829817718775,1788513348968,24.843752,7.8375,-28.125002
105829827718775,1788513348978,24.843752,7.9687505,-28.25625
105829837718775,1788513348988,24.675001,8.025001,-28.368752
105829847718775,1788513348998,24.468752,8.043751,-28.425001
105829857718775,1788513349008,24.487501,8.00625,-28.331251
105829867718775,1788513349018,24.35625,7.8562503,-28.237501
105829877718775,1788513349028,24.6,7.6875005,-28.275002
105829887718775,1788513349038,24.375002,7.51875,-28.3875
105829897718775,1788513349048,24.393751,7.5000005,-28.462502
105829907718775,1788513349058,24.468752,7.3125005,-28.237501
105829917718775,1788513349068,24.675001,7.1250005,-28.125002
105829927718775,1788513349078,24.562502,7.18125,-28.331251
105829937718775,1788513349088,24.468752,7.1250005,-28.425001
105829947718775,1788513349098,24.50625,7.1625004,-28.331251
105829957718775,1788513349108,24.525002,7.6312504,-28.3875
105829967718775,1788513349118,24.431252,7.7812505,-28.5375
105829977718775,1788513349128,24.393751,7.7812505,-28.48125
105829987718775,1788513349138,24.31875,7.6687503,-28.593752
105829997718775,1788513349148,24.375002,7.7812505,-28.25625
105830007718775,1788513349158,24.45,7.5937505,-28.050001
105830017718775,1788513349168,24.562502,7.2937503,-27.975
105830027718775,1788513349178,24.88125,7.4437504,-27.993752
105830037718775,1788513349188,24.69375,7.33125,-28.087502
105830047718775,1788513349198,24.618752,7.3125005,-27.712502
105830057718775,1788513349208,24.393751,7.2375,-27.73125
105830067718775,1788513349218,24.35625,7.3125005,-27.825
105830077718775,1788513349228,24.0,7.2937503,-28.218752
105830087718775,1788513349238,24.075,7.3125005,-28.06875
105830097718775,1788513349248,24.0375,7.51875,-27.993752
105830107718775,1788513349258,23.75625,7.3500004,-27.956251
105830117718775,1788513349268,23.868752,7.3125005,-27.843752
105830127718775,1788513349278,23.868752,7.5000005,-27.843752
105830137718775,1788513349288,23.962502,7.6875005,-27.937502
105830147718775,1788513349298,23.8875,7.7250004,-27.843752
105830157718775,1788513349308,24.0375,7.70625,-27.6
105830167718775,1788513349318,23.85,7.8,-27.825
105830177718775,1788513349328,23.90625,7.8562503,-27.88125
105830187718775,1788513349338,23.925001,7.6875005,-27.768751
105830197718775,1788513349348,23.775002,7.5937505,-27.937502
105830207718775,1788513349358,23.831251,7.425,-28.06875
105830217718775,1788513349368,24.0,7.3875003,-28.0125
105830227718775,1788513349378,24.243752,7.2937503,-28.0125
105830237718775,1788513349388,24.45,7.3500004,-28.031252
105830247718775,1788513349398,24.581251,7.18125,-27.581251
105830257718775,1788513349408,24.656252,6.8250003,-27.50625
105830267718775,1788513349418,24.750002,7.2562504,-27.50625
105830277718775,1788513349428,24.712502,7.3500004,-27.562502
105830287718775,1788513349438,24.750002,7.4625,-27.69375
105830297718775,1788513349448,24.675001,7.8375,-27.6375
105830307718775,1788513349458,24.431252,7.9125004,-27.73125
105830317718775,1788513349468,24.300001,7.8750005,-27.656252
105830327718775,1788513349478,24.431252,8.043751,-28.0125
105830337718775,1788513349488,24.375002,8.512501,-28.0125
105830347718775,1788513349498,24.375002,8.45625,-28.331251
105830357718775,1788513349508,24.375002,8.3625,-28.050001
105830367718775,1788513349518,24.16875,8.25,-27.993752
105830377718775,1788513349528,24.225,7.89375,-28.050001
105830387718775,1788513349538,24.281252,7.8750005,-27.88125
105830397718775,1788513349548,24.13125,7.6312504,-27.956251
105830407718775,1788513349558,23.962502,7.5937505,-27.975
105830417718775,1788513349568,23.831251,7.55625,-28.031252
105830427718775,1788513349578,23.775002,7.14375,-27.712502
105830437718775,1788513349588,23.625,7.05,-27.825
105830447718775,1788513349598,23.868752,7.2937503,-27.900002
105830457718775,1788513349608,23.868752,7.2375,-27.900002
105830467718775,1788513349618,23.8875,7.14375,-28.1625
105830477718775,1788513349628,23.98125,7.33125,-28.125002
105830487718775,1788513349638,24.206251,7.4062505,-28.06875
105830497718775,1788513349648,24.337502,7.1625004,-27.993752
105830507718775,1788513349658,24.2625,7.275,-27.993752
105830517718775,1788513349668,24.6,7.425,-27.900002
105830527718775,1788513349678,24.618752,7.1625004,-27.806252
105830537718775,1788513349688,24.525002,7.0687504,-27.806252
105830547718775,1788513349698,24.468752,6.99375,-27.6
105830557718775,1788513349708,24.468752,6.95625,-27.50625
105830567718775,1788513349718,24.16875,6.8437505,-27.45
105830577718775,1788513349728,24.31875,7.0312505,-27.487501
105830587718775,1788513349738,24.375002,7.1250005,-27.337502
105830597718775,1788513349748,24.300001,7.18125,-27.375002
105830607718775,1788513349758,24.243752,7.1625004,-27.16875
105830617718775,1788513349768,24.31875,7.36875,-27.13125
105830627718775,1788513349778,24.375002,7.3500004,-27.281252
105830637718775,1788513349788,24.2625,7.2187505,-27.525002
105830647718775,1788513349798,24.375002,7.3125005,-27.581251
105830657718775,1788513349808,24.225,7.2562504,-27.581251
105830667718775,1788513349818,24.056252,7.5937505,-27.7875
105830677718775,1788513349828,23.962502,7.4625,-27.91875
105830687718775,1788513349838,23.868752,7.65,-28.10625
105830697718775,1788513349848,23.775002,7.70625,-27.975
105830707718775,1788513349858,23.75625,7.8750005,-27.956251
105830717718775,1788513349868,23.868752,8.231251,-27.900002
105830727718775,1788513349878,23.98125,8.0625,-27.956251
105830737718775,1788513349888,24.018751,8.1,-28.143751
105830747718775,1788513349898,24.16875,7.7250004,-28.35
105830757718775,1788513349908,24.4125,7.7812505,-28.25625
105830767718775,1788513349918,24.45,7.70625,-28.368752
105830777718775,1788513349928,24.525002,7.36875,-28.593752
105830787718775,1788513349938,24.6,7.4062505,-28.425001
105830797718775,1788513349948,24.562502,7.3875003,-28.425001
105830807718775,1788513349958,24.487501,7.4812503,-28.331251
105830817718775,1788513349968,24.13125,7.3875003,-28.143751
105830827718775,1788513349978,24.243752,7.275,-27.993752
105830837718775,1788513349988,24.075,7.3500004,-28.06875
105830847718775,1788513349998,24.337502,7.4625,-28.050001
105830857718775,1788513350008,24.31875,7.5000005,-27.937502
105830867718775,1788513350018,24.31875,7.5375004,-28.031252
105830877718775,1788513350028,24.281252,7.33125,-27.91875
105830887718775,1788513350038,24.093752,7.18125,-28.10625
105830897718775,1788513350048,24.13125,7.0687504,-28.050001
105830907718775,1788513350058,24.0375,7.36875,-28.06875
105830917718775,1788513350068,23.94375,7.36875,-28.0125
105830927718775,1788513350078,23.79375,7.3125005,-27.73125
105830937718775,1788513350088,23.79375,7.4437504,-27.88125
105830947718775,1788513350098,23.587502,7.55625,-27.825
105830957718775,1788513350108,23.681252,7.70625,-28.143751
105830967718775,1788513350118,23.98125,7.8750005,-28.031252
105830977718775,1788513350128,24.150002,8.043751,-28.06875
105830987718775,1788513350138,24.150002,7.9687505,-27.825
105830997718775,1788513350148,24.393751,7.7250004,-27.675001
105831007718775,1788513350158,24.35625,7.6687503,-28.1625
105831017718775,1788513350168,24.4125,7.7625003,-27.975
105831027718775,1788513350178,24.468752,7.5000005,-28.0125
105831037718775,1788513350188,24.300001,7.4625,-27.975
105831047718775,1788513350198,24.2625,7.2375,-27.843752
105831057718775,1788513350208,24.187502,7.1250005,-27.956251
105831067718775,1788513350218,24.225,6.95625,-28.050001
105831077718775,1788513350228,24.0375,7.1625004,-28.2
105831087718775,1788513350238,24.243752,7.05,-27.956251
105831097718775,1788513350248,24.187502,6.99375,-28.087502
105831107718775,1788513350258,24.35625,7.0687504,-28.0125
105831117718775,1788513350268,24.525002,6.95625,-27.712502
105831127718775,1788513350278,24.468752,7.18125,-27.843752
105831137718775,1788513350288,24.35625,7.425,-27.825
105831147718775,1788513350298,24.225,7.425,-27.993752
105831157718775,1788513350308,24.2625,7.33125,-28.181252
105831167718775,1788513350318,24.0375,7.4625,-28.368752
105831177718775,1788513350328,24.018751,7.425,-28.1625
105831187718775,1788513350338,23.868752,7.3875003,-28.25625
105831197718775,1788513350348,23.962502,7.2937503,-28.575
105831207718775,1788513350358,24.018751,7.2937503,-28.44375
105831217718775,1788513350368,24.16875,7.05,-28.7625
105831227718775,1788513350378,24.487501,7.3125005,-28.81875
105831237718775,1788513350388,24.487501,7.3875003,-28.687502
105831247718775,1788513350398,24.618752,7.4062505,-28.368752
105831257718775,1788513350408,24.6,7.425,-28.44375
105831267718775,1788513350418,24.712502,7.65,-28.35
105831277718775,1788513350428,24.6,7.7625003,-27.900002
105831287718775,1788513350438,24.431252,7.6312504,-27.88125
105831297718775,1788513350448,24.487501,7.5937505,-27.45
105831307718775,1788513350458,24.2625,7.3500004,-27.300001
105831317718775,1788513350468,24.35625,7.18125,-27.35625
105831327718775,1788513350478,24.0375,7.33125,-27.675001
105831337718775,1788513350488,24.225,7.36875,-27.806252
105831347718775,1788513350498,24.35625,7.2562504,-27.806252
105831357718775,1788513350508,24.337502,7.18125,-28.06875
105831367718775,1788513350518,24.4125,7.3500004,-28.237501
105831377718775,1788513350528,24.468752,7.3875003,-28.331251
105831387718775,1788513350538,24.4125,7.5750003,-28.518751
105831397718775,1788513350548,24.225,7.7812505,-28.612501
105831407718775,1788513350558,24.525002,7.6125,-28.2
105831417718775,1788513350568,24.281252,7.5000005,-28.087502
105831427718775,1788513350578,24.018751,7.425,-28.06875
105831437718775,1788513350588,24.112501,7.6125,-27.7875
105831447718775,1788513350598,24.150002,7.2375,-27.750002
105831457718775,1788513350608,23.775002,7.0312505,-27.675001
105831467718775,1788513350618,23.775002,6.99375,-27.487501
105831477718775,1788513350628,23.79375,6.8437505,-27.431252
105831487718775,1788513350638,23.56875,6.80625,-27.73125
105831497718775,1788513350648,23.493752,6.80625,-28.0125
105831507718775,1788513350658,23.493752,6.9,-27.91875
105831517718775,1788513350668,23.5125,6.8437505,-28.181252
105831527718775,1788513350678,23.587502,6.99375,-28.312502
105831537718775,1788513350688,23.7,7.3500004,-28.425001
105831547718775,1788513350698,23.85,7.18125,-28.612501
105831557718775,1788513350708,23.775002,7.2375,-28.44375
105831567718775,1788513350718,23.962502,7.2375,-28.25625
105831577718775,1788513350728,24.075,7.3125005,-28.050001
105831587718775,1788513350738,24.018751,7.36875,-28.10625
105831597718775,1788513350748,23.8875,7.3500004,-28.143751
105831607718775,1788513350758,23.6625,7.51875,-28.031252
105831617718775,1788513350768,24.0,7.4437504,-27.900002
105831627718775,1788513350778,24.075,7.6312504,-27.69375
105831637718775,1788513350788,24.093752,7.6687503,-27.768751
105831647718775,1788513350798,23.8875,7.55625,-27.88125
105831657718775,1788513350808,23.8875,7.5937505,-27.825
105831667718775,1788513350818,23.925001,7.3500004,-28.25625
105831677718775,1788513350828,23.868752,7.2562504,-28.25625
105831687718775,1788513350838,24.018751,7.3125005,-28.29375
105831697718775,1788513350848,23.737501,7.3875003,-28.29375
105831707718775,1788513350858,23.4375,7.3875003,-28.35
105831717718775,1788513350868,23.53125,7.33125,-28.2
105831727718775,1788513350878,23.8875,7.4437504,-28.087502
105831737718775,1788513350888,23.85,7.4437504,-28.087502
105831747718775,1788513350898,24.018751,7.70625,-27.750002
105831757718775,1788513350908,24.31875,7.7812505,-27.50625
105831767718775,1788513350918,24.300001,7.6125,-27.431252
105831777718775,1788513350928,24.50625,7.5000005,-27.54375
105831787718775,1788513350938,24.6,7.3875003,-27.675001
105831797718775,1788513350948,24.69375,7.2937503,-27.843752
105831807718775,1788513350958,24.468752,7.5375004,-28.218752
105831817718775,1788513350968,24.6,7.6312504,-28.368752
105831827718775,1788513350978,24.73125,7.33125,-28.48125
105831837718775,1788513350988,24.6375,7.33125,-28.48125
105831847718775,1788513350998,24.768751,7.425,-28.44375
105831857718775,1788513351008,24.73125,7.36875,-28.500002
105831867718775,1788513351018,24.88125,7.51875,-28.29375
105831877718775,1788513351028,24.862501,7.8,-28.331251
105831887718775,1788513351038,24.91875,7.4062505,-28.031252
105831897718775,1788513351048,25.050001,7.2000003,-27.768751
105831907718775,1788513351058,25.0125,7.3500004,-27.675001
105831917718775,1788513351068,24.956251,7.2937503,-28.0125
105831927718775,1788513351078,24.806252,7.275,-28.087502
105831937718775,1788513351088,24.712502,7.4062505,-27.750002
105831947718775,1788513351098,24.50625,7.2937503,-27.806252
105831957718775,1788513351108,24.431252,7.0312505,-27.91875
105831967718775,1788513351118,24.45,7.14375,-27.900002
105831977718775,1788513351128,24.093752,6.95625,-28.1625
105831987718775,1788513351138,24.0,7.0875,-27.975
105831997718775,1788513351148,24.0375,7.2375,-27.768751
105832007718775,1788513351158,24.16875,7.2375,-27.862501
105832017718775,1788513351168,24.187502,7.2562504,-28.125002
105832027718775,1788513351178,24.281252,7.0687504,-28.050001
105832037718775,1788513351188,24.187502,7.05,-27.7875
105832047718775,1788513351198,24.075,7.18125,-27.862501
105832057718775,1788513351208,24.375002,7.3500004,-27.843752
105832067718775,1788513351218,24.112501,7.0687504,-28.06875
105832077718775,1788513351228,23.85,6.8625,-28.143751
105832087718775,1788513351238,23.737501,6.76875,-27.91875
105832097718775,1788513351248,23.71875,6.7125,-28.031252
105832107718775,1788513351258,23.962502,6.9375005,-28.087502
105832117718775,1788513351268,24.187502,7.0125003,-28.25625
105832127718775,1788513351278,24.50625,6.9187503,-28.218752
105832137718775,1788513351288,24.487501,6.9,-28.050001
105832147718775,1788513351298,24.862501,7.0687504,-27.937502
105832157718775,1788513351308,25.10625,7.3500004,-27.975
105832167718775,1788513351318,24.88125,7.36875,-28.087502
105832177718775,1788513351328,25.06875,7.2000003,-28.050001
105832187718775,1788513351338,24.768751,7.3500004,-28.181252
105832197718775,1788513351348,24.675001,7.2937503,-28.237501
105832207718775,1788513351358,24.31875,7.2187505,-28.44375
105832217718775,1788513351368,24.093752,7.2375,-28.3875
105832227718775,1788513351378,23.868752,7.2375,-28.425001
105832237718775,1788513351388,23.962502,7.0312505,-28.500002
105832247718775,1788513351398,24.375002,7.0312505,-28.63125
105832257718775,1788513351408,24.225,7.1250005,-28.63125
105832267718775,1788513351418,24.2625,6.8437505,-28.331251
105832277718775,1788513351428,24.150002,6.6375003,-28.25625
105832287718775,1788513351438,24.35625,6.7312503,-27.975
105832297718775,1788513351448,24.431252,6.6375003,-28.050001
105832307718775,1788513351458,24.50625,6.76875,-28.275002
105832317718775,1788513351468,24.35625,6.9187503,-28.25625
105832327718775,1788513351478,24.243752,7.0312505,-28.087502
105832337718775,1788513351488,24.300001,7.18125,-28.087502
105832347718775,1788513351498,24.35625,7.275,-28.181252
105832357718775,1788513351508,24.487501,7.7250004,-28.181252
105832367718775,1788513351518,24.487501,7.8187504,-28.425001
105832377718775,1788513351528,24.45,7.9687505,-28.29375
105832387718775,1788513351538,24.54375,7.9687505,-27.956251
105832397718775,1788513351548,24.468752,7.9687505,-27.656252
105832407718775,1788513351558,24.562502,8.025001,-27.712502
105832417718775,1788513351568,24.581251,7.8562503,-27.45
105832427718775,1788513351578,24.431252,7.9500003,-27.525002
105832437718775,1788513351588,24.581251,7.89375,-27.581251
105832447718775,1788513351598,24.581251,7.89375,-27.431252
105832457718775,1788513351608,24.712502,7.9500003,-27.487501
105832467718775,1788513351618,24.525002,7.93125,-27.54375
105832477718775,1788513351628,24.562502,7.9500003,-27.69375
105832487718775,1788513351638,24.562502,7.8562503,-27.6
105832497718775,1788513351648,24.581251,8.08125,-27.69375
105832507718775,1788513351658,24.50625,7.9875,-27.73125
105832517718775,1788513351668,24.300001,7.8750005,-27.656252
105832527718775,1788513351678,24.337502,7.9125004,-27.618752
105832537718775,1788513351688,24.243752,8.118751,-27.54375
105832547718775,1788513351698,24.187502,7.93125,-27.487501
105832557718775,1788513351708,24.243752,7.8562503,-27.468752
105832567718775,1788513351718,24.056252,7.8,-27.4125
105832577718775,1788513351728,23.868752,7.5000005,-27.337502
105832587718775,1788513351738,23.98125,7.5000005,-27.206251
105832597718775,1788513351748,24.075,7.4625,-27.206251
105832607718775,1788513351758,23.962502,7.1062503,-27.337502
105832617718775,1788513351768,24.13125,6.8437505,-27.393751
105832627718775,1788513351778,24.4125,6.9187503,-27.675001
105832637718775,1788513351788,24.31875,6.8250003,-27.768751
105832647718775,1788513351798,24.562502,6.8437505,-27.937502
105832657718775,1788513351808,24.6375,7.0687504,-28.06875
105832667718775,1788513351818,24.825,7.0687504,-28.0125
105832677718775,1788513351828,24.862501,7.0125003,-28.0125
105832687718775,1788513351838,24.806252,7.1062503,-27.975
105832697718775,1788513351848,24.73125,7.2562504,-28.181252
105832707718775,1788513351858,24.487501,7.4437504,-27.937502
105832717718775,1788513351868,24.468752,7.425,-27.843752
105832727718775,1788513351878,24.243752,7.3125005,-27.88125
105832737718775,1788513351888,24.056252,7.0687504,-27.825
105832747718775,1788513351898,23.925001,6.95625,-28.031252
105832757718775,1788513351908,23.775002,7.1062503,-28.237501
105832767718775,1788513351918,23.868752,7.1250005,-28.237501
105832777718775,1788513351928,23.6625,6.99375,-28.031252
105832787718775,1788513351938,23.7,6.6562505,-28.0125
105832797718775,1788513351948,23.79375,6.675,-28.087502
105832807718775,1788513351958,23.643751,6.80625,-27.937502
105832817718775,1788513351968,23.681252,6.9,-28.237501
105832827718775,1788513351978,23.5125,7.1250005,-28.237501
105832837718775,1788513351988,23.60625,6.9750004,-27.900002
105832847718775,1788513351998,23.475,7.2000003,-27.712502
105832857718775,1788513352008,23.56875,7.0312505,-27.806252
105832867718775,1788513352018,23.681252,7.1625004,-27.975
105832877718775,1788513352028,23.53125,7.1625004,-28.050001
105832887718775,1788513352038,23.681252,7.0687504,-28.1625
105832897718775,1788513352048,23.71875,7.36875,-27.993752
105832907718775,1788513352058,23.868752,7.275,-27.862501
105832917718775,1788513352068,23.8125,7.4062505,-27.88125
105832927718775,1788513352078,23.8875,7.425,-28.050001
105832937718775,1788513352088,23.962502,7.5000005,-28.031252
105832947718775,1788513352098,23.8875,7.425,-27.956251
105832957718775,1788513352108,24.056252,7.5375004,-27.7875
105832967718775,1788513352118,24.0375,7.4625,-27.618752
105832977718775,1788513352128,24.093752,7.1250005,-27.54375
105832987718775,1788513352138,24.112501,7.275,-27.45
105832997718775,1788513352148,24.16875,7.2375,-27.468752
105833007718775,1788513352158,24.075,6.8812504,-27.581251
105833017718775,1788513352168,24.0,6.95625,-27.6
105833027718775,1788513352178,23.98125,7.14375,-27.750002
105833037718775,1788513352188,23.85,6.99375,-27.843752
105833047718775,1788513352198,23.625,7.1062503,-27.937502
105833057718775,1788513352208,23.56875,7.3500004,-28.050001
105833067718775,1788513352218,23.643751,6.99375,-28.031252
105833077718775,1788513352228,23.71875,6.76875,-27.975
105833087718775,1788513352238,23.94375,6.7500005,-27.768751
105833097718775,1788513352248,23.962502,6.8625,-27.88125
105833107718775,1788513352258,23.8125,6.7500005,-27.675001
105833117718775,1788513352268,24.112501,6.8812504,-27.581251
105833127718775,1788513352278,24.075,6.9750004,-27.54375
105833137718775,1788513352288,24.018751,6.8250003,-27.525002
105833147718775,1788513352298,23.925001,6.9750004,-27.675001
105833157718775,1788513352308,23.71875,7.275,-27.900002
105833167718775,1788513352318,23.53125,7.55625,-28.050001
105833177718775,1788513352328,23.550001,7.3875003,-27.843752
105833187718775,1788513352338,23.550001,7.55625,-27.956251
105833197718775,1788513352348,23.268751,7.33125,-27.937502
105833207718775,1788513352358,23.643751,7.33125,-28.06875
105833217718775,1788513352368,23.775002,7.3500004,-27.993752
105833227718775,1788513352378,23.71875,7.4437504,-27.900002
105833237718775,1788513352388,23.8125,7.4437504,-27.843752
105833247718775,1788513352398,23.7,7.51875,-27.91875
105833257718775,1788513352408,23.75625,7.70625,-28.0125
105833267718775,1788513352418,23.8875,7.51875,-27.91875
105833277718775,1788513352428,24.0,7.6875005,-28.1625
105833287718775,1788513352438,23.831251,7.55625,-28.050001
105833297718775,1788513352448,23.90625,7.5000005,-28.031252
105833307718775,1788513352458,24.018751,7.3500004,-28.143751
105833317718775,1788513352468,24.112501,7.14375,-28.35
105833327718775,1788513352478,24.31875,7.05,-28.237501
105833337718775,1788513352488,24.393751,6.9750004,-28.125002
105833347718775,1788513352498,24.6,7.18125,-28.218752
105833357718775,1788513352508,24.6,7.33125,-27.862501
105833367718775,1788513352518,24.768751,7.4062505,-27.7875
105833377718775,1788513352528,24.618752,7.51875,-27.768751
105833387718775,1788513352538,24.525002,7.51875,-27.825
105833397718775,1788513352548,24.2625,7.6125,-27.69375
105833407718775,1788513352558,24.31875,7.4625,-27.69375
105833417718775,1788513352568,24.300001,7.2562504,-27.806252
105833427718775,1788513352578,24.0375,6.9750004,-27.843752
105833437718775,1788513352588,23.925001,6.7125,-27.993752
105833447718775,1788513352598,23.737501,6.7125,-28.031252
105833457718775,1788513352608,23.8125,6.9187503,-28.125002
105833467718775,1788513352618,23.98125,6.9375005,-28.050001
105833477718775,1788513352628,24.2625,6.8437505,-27.6375
105833487718775,1788513352638,24.281252,7.05,-27.6
105833497718775,1788513352648,24.243752,7.2375,-27.7875
105833507718775,1788513352658,24.300001,7.33125,-27.525002
105833517718775,1788513352668,24.150002,7.4812503,-27.618752
105833527718775,1788513352678,24.31875,7.3500004,-27.6375
105833537718775,1788513352688,24.337502,7.2187505,-27.768751
105833547718775,1788513352698,24.16875,7.36875,-27.768751
105833557718775,1788513352708,24.075,7.36875,-27.993752
105833567718775,1788513352718,24.0,7.2187505,-28.1625
105833577718775,1788513352728,23.8875,7.275,-28.050001
105833587718775,1788513352738,23.79375,7.1250005,-28.087502
105833597718775,1788513352748,24.225,7.0312505,-28.0125
105833607718775,1788513352758,24.13125,7.18125,-28.125002
105833617718775,1788513352768,24.075,6.9375005,-27.806252
105833627718775,1788513352778,24.075,7.0687504,-27.862501
105833637718775,1788513352788,23.831251,7.2187505,-27.937502
105833647718775,1788513352798,23.831251,7.3500004,-27.750002
105833657718775,1788513352808,23.94375,7.0875,-27.54375
105833667718775,1788513352818,24.112501,7.33125,-27.656252
105833677718775,1788513352828,23.868752,7.2000003,-27.88125
105833687718775,1788513352838,23.90625,7.2000003,-27.750002
105833697718775,1788513352848,23.94375,7.36875,-28.031252
105833707718775,1788513352858,23.79375,7.1250005,-27.937502
105833717718775,1788513352868,24.0375,7.2000003,-27.937502
105833727718775,1788513352878,24.13125,7.2937503,-28.25625
105833737718775,1788513352888,23.925001,7.3125005,-28.368752
105833747718775,1788513352898,23.94375,7.36875,-28.44375
105833757718775,1788513352908,24.056252,7.4812503,-28.050001
105833767718775,1788513352918,24.075,7.4625,-28.031252
105833777718775,1788513352928,24.075,7.55625,-28.031252
105833787718775,1788513352938,24.50625,7.70625,-28.143751
105833797718775,1788513352948,24.31875,7.5375004,-28.237501
105833807718775,1788513352958,24.31875,7.4062505,-27.768751
105833817718775,1788513352968,24.487501,7.33125,-27.900002
105833827718775,1788513352978,24.431252,7.14375,-27.993752
105833837718775,1788513352988,24.35625,7.18125,-28.143751
105833847718775,1788513352998,24.243752,6.9750004,-28.2
105833857718775,1788513353008,24.093752,6.95625,-28.2
105833867718775,1788513353018,24.056252,6.76875,-28.10625
105833877718775,1788513353028,24.0,6.8625,-28.06875
105833887718775,1788513353038,23.90625,6.9,-28.29375
105833897718775,1788513353048,23.90625,7.0687504,-28.237501
105833907718775,1788513353058,23.868752,7.1250005,-28.237501
105833917718775,1788513353068,23.925001,7.1625004,-28.2
105833927718775,1788513353078,24.075,7.2937503,-28.1625
105833937718775,1788513353088,24.13125,7.425,-28.1625
105833947718775,1788513353098,23.962502,7.4437504,-28.312502
105833957718775,1788513353108,24.093752,7.33125,-28.10625
105833967718775,1788513353118,24.243752,7.2937503,-28.2
105833977718775,1788513353128,24.112501,7.1062503,-28.143751
105833987718775,1788513353138,24.225,7.2375,-28.181252
105833997718775,1788513353148,24.206251,7.1250005,-28.462502
105834007718775,1788513353158,24.16875,7.14375,-28.518751
105834017718775,1788513353168,24.16875,6.95625,-28.368752
105834027718775,1788513353178,24.206251,7.0125003,-28.237501
105834037718775,1788513353188,24.16875,7.275,-28.368752
105834047718775,1788513353198,24.13125,7.2937503,-28.25625
105834057718775,1788513353208,24.112501,7.55625,-28.44375
105834067718775,1788513353218,23.868752,7.3125005,-28.06875
105834077718775,1788513353228,23.962502,7.4437504,-27.88125
105834087718775,1788513353238,23.925001,7.5375004,-28.031252
105834097718775,1788513353248,24.0375,7.4812503,-28.0125
105834107718775,1788513353258,24.018751,7.5000005,-28.218752
105834117718775,1788513353268,24.187502,7.3875003,-28.050001
105834127718775,1788513353278,23.8875,7.2937503,-27.975
105834137718775,1788513353288,24.225,7.3125005,-27.750002
105834147718775,1788513353298,24.45,7.5937505,-28.06875
105834157718775,1788513353308,24.2625,7.7250004,-27.900002
105834167718775,1788513353318,24.487501,7.7250004,-27.862501
105834177718775,1788513353328,24.431252,7.8,-27.975
105834187718775,1788513353338,24.581251,7.6312504,-27.750002
105834197718775,1788513353348,24.468752,7.7250004,-27.862501
105834207718775,1788513353358,24.843752,7.74375,-27.91875
105834217718775,1788513353368,24.73125,8.00625,-28.06875
105834227718775,1788513353378,24.69375,7.8750005,-28.087502
105834237718775,1788513353388,24.750002,7.7625003,-28.35
105834247718775,1788513353398,24.525002,7.6125,-28.406252
105834257718775,1788513353408,24.487501,7.5000005,-28.331251
105834267718775,1788513353418,24.337502,7.65,-28.462502
105834277718775,1788513353428,24.525002,7.5937505,-28.425001
105834287718775,1788513353438,24.243752,7.7625003,-28.650002
105834297718775,1788513353448,24.2625,7.51875,-28.575
105834307718775,1788513353458,24.13125,7.2187505,-28.368752
105834317718775,1788513353468,23.94375,7.3125005,-28.275002
105834327718775,1788513353478,23.94375,7.2562504,-28.087502
105834337718775,1788513353488,24.018751,7.14375,-28.125002
105834347718775,1788513353498,24.0,7.2000003,-28.143751
105834357718775,1788513353508,23.75625,7.0875,-28.181252
105834367718775,1788513353518,23.8125,6.9375005,-27.975
105834377718775,1788513353528,23.56875,6.675,-27.91875
105834387718775,1788513353538,23.587502,7.0125003,-28.0125
105834397718775,1788513353548,23.85,7.14375,-28.0125
105834407718775,1788513353558,24.0375,7.3125005,-28.0125
105834417718775,1788513353568,23.79375,7.2375,-28.0125
105834427718775,1788513353578,24.0,7.2000003,-27.993752
105834437718775,1788513353588,24.075,7.18125,-28.031252
105834447718775,1788513353598,24.056252,7.05,-27.937502
105834457718775,1788513353608,24.206251,7.275,-28.2
105834467718775,1788513353618,24.337502,7.36875,-28.0125
105834477718775,1788513353628,24.112501,7.0125003,-27.843752
105834487718775,1788513353638,23.868752,7.0125003,-27.768751
105834497718775,1788513353648,24.018751,7.2187505,-27.806252
105834507718775,1788513353658,23.643751,7.14375,-27.750002
105834517718775,1788513353668,23.550001,7.1062503,-27.843752
105834527718775,1788513353678,23.400002,7.36875,-28.06875
105834537718775,1788513353688,23.362501,7.2937503,-27.768751
105834547718775,1788513353698,23.306252,7.3125005,-27.7875
105834557718775,1788513353708,23.625,7.36875,-28.125002
105834567718775,1788513353718,23.625,7.18125,-28.275002
105834577718775,1788513353728,23.90625,7.2562504,-28.425001
105834587718775,1788513353738,24.075,7.275,-28.5375
105834597718775,1788513353748,24.056252,7.4812503,-28.331251
105834607718775,1788513353758,24.300001,7.3500004,-28.35
105834617718775,1788513353768,24.31875,7.18125,-28.593752
105834627718775,1788513353778,24.281252,7.1625004,-28.85625
105834637718775,1788513353788,24.093752,7.1625004,-28.518751
105834647718775,1788513353798,24.206251,7.2562504,-28.800001
105834657718775,1788513353808,23.925001,7.2375,-28.593752
105834667718775,1788513353818,23.868752,7.425,-28.44375
105834677718775,1788513353828,24.0375,7.0875,-28.612501
105834687718775,1788513353838,24.018751,7.0687504,-28.556252
105834697718775,1788513353848,24.16875,7.275,-28.5375
105834707718775,1788513353858,24.150002,7.275,-28.35
105834717718775,1788513353868,24.225,7.4625,-28.48125
105834727718775,1788513353878,24.281252,7.51875,-28.35
105834737718775,1788513353888,24.300001,7.74375,-28.237501
105834747718775,1788513353898,24.468752,7.70625,-28.462502
105834757718775,1788513353908,24.562502,7.9875,-28.368752
105834767718775,1788513353918,24.45,8.0625,-28.425001
105834777718775,1788513353928,24.281252,8.118751,-28.48125
105834787718775,1788513353938,24.525002,7.8750005,-28.556252
105834797718775,1788513353948,24.487501,7.8750005,-28.650002
105834807718775,1788513353958,24.50625,7.93125,-28.575
105834817718775,1788513353968,24.54375,7.6875005,-28.687502
105834827718775,1788513353978,24.618752,7.7250004,-28.706251
105834837718775,1788513353988,24.6375,7.5750003,-28.743752
105834847718775,1788513353998,24.712502,7.1062503,-28.48125
105834857718775,1788513354008,24.88125,7.1250005,-28.331251
105834867718775,1788513354018,24.618752,7.36875,-28.25625
105834877718775,1788513354028,24.487501,7.425,-28.35
105834887718775,1788513354038,24.243752,7.33125,-28.29375
105834897718775,1788513354048,24.2625,7.3500004,-28.218752
105834907718775,1788513354058,24.056252,7.3125005,-28.143751
105834917718775,1788513354068,23.925001,7.4812503,-27.900002
105834927718775,1788513354078,23.85,8.137501,-28.125002
105834937718775,1788513354088,23.868752,8.0625,-28.087502
105834947718775,1788513354098,23.962502,7.93125,-28.275002
105834957718775,1788513354108,24.13125,7.9500003,-27.975
105834967718775,1788513354118,24.300001,8.00625,-28.06875
105834977718775,1788513354128,24.112501,7.9500003,-28.29375
105834987718775,1788513354138,24.112501,7.89375,-28.1625
105834997718775,1788513354148,24.093752,7.6125,-28.500002
105835007718775,1788513354158,24.150002,7.18125,-28.556252
105835017718775,1788513354168,23.962502,6.9750004,-28.556252
105835027718775,1788513354178,23.79375,6.9375005,-28.5375
105835037718775,1788513354188,23.681252,6.9187503,-28.837502
105835047718775,1788513354198,23.6625,7.05,-28.743752
105835057718775,1788513354208,23.868752,6.95625,-28.612501
105835067718775,1788513354218,23.962502,7.0125003,-28.706251
105835077718775,1788513354228,23.90625,7.0125003,-28.556252
105835087718775,1788513354238,23.8875,7.0687504,-28.368752
105835097718775,1788513354248,23.98125,7.1625004,-28.331251
105835107718775,1788513354258,24.206251,7.2937503,-28.25625
105835117718775,1788513354268,24.243752,7.2937503,-28.125002
105835127718775,1788513354278,24.2625,7.0312505,-28.218752
105835137718775,1788513354288,24.056252,7.1625004,-28.125002
105835147718775,1788513354298,23.98125,7.1250005,-28.181252
105835157718775,1788513354308,23.868752,7.05,-28.25625
105835167718775,1788513354318,23.831251,7.0125003,-28.275002
105835177718775,1788513354328,23.587502,6.8625,-28.312502
105835187718775,1788513354338,23.625,6.7125,-28.275002
105835197718775,1788513354348,23.681252,6.58125,-28.10625
105835207718775,1788513354358,23.6625,6.6375003,-27.975
105835217718775,1788513354368,23.681252,6.5437503,-27.993752
105835227718775,1788513354378,23.550001,6.6000004,-27.7875
105835237718775,1788513354388,23.60625,6.675,-27.581251
105835247718775,1788513354398,23.400002,6.80625,-27.675001
105835257718775,1788513354408,23.493752,7.0312505,-27.768751
105835267718775,1788513354418,23.362501,7.0875,-27.862501
105835277718775,1788513354428,23.38125,7.2937503,-28.031252
105835287718775,1788513354438,23.56875,7.1625004,-27.956251
105835297718775,1788513354448,23.643751,7.1250005,-28.275002
105835307718775,1788513354458,23.7,6.95625,-28.518751
105835317718775,1788513354468,23.98125,7.05,-28.462502
105835327718775,1788513354478,24.112501,7.0125003,-28.406252
105835337718775,1788513354488,24.337502,6.8250003,-28.368752
105835347718775,1788513354498,24.2625,6.8812504,-28.331251
105835357718775,1788513354508,24.16875,6.6000004,-28.425001
105835367718775,1788513354518,24.243752,6.8625,-28.44375
105835377718775,1788513354528,24.4125,7.0312505,-28.29375
105835387718775,1788513354538,24.525002,7.4625,-28.25625
105835397718775,1788513354548,24.16875,7.55625,-28.462502
105835407718775,1788513354558,24.243752,7.7812505,-28.406252
105835417718775,1788513354568,24.112501,8.00625,-28.331251
105835427718775,1788513354578,24.0375,7.8,-28.25625
105835437718775,1788513354588,23.98125,7.7812505,-28.10625
105835447718775,1788513354598,23.643751,7.5937505,-28.10625
105835457718775,1788513354608,23.56875,7.65,-28.125002
105835467718775,1788513354618,23.53125,7.5937505,-27.806252
105835477718775,1788513354628,23.681252,7.4062505,-27.88125
105835487718775,1788513354638,23.5125,7.2187505,-27.7875
105835497718775,1788513354648,23.643751,7.18125,-27.993752
105835507718775,1788513354658,23.79375,7.33125,-28.031252
105835517718775,1788513354668,23.85,7.33125,-28.181252
105835527718775,1788513354678,23.85,7.51875,-28.406252
105835537718775,1788513354688,23.681252,7.5000005,-28.331251
105835547718775,1788513354698,23.60625,7.2000003,-28.66875
105835557718775,1788513354708,23.737501,7.4437504,-28.66875
105835567718775,1788513354718,23.98125,7.3875003,-28.781252
105835577718775,1788513354728,23.85,7.3500004,-28.725
105835587718775,1788513354738,24.16875,7.4062505,-28.706251
105835597718775,1788513354748,24.093752,7.4625,-28.725
105835607718775,1788513354758,24.225,7.2562504,-28.85625
105835617718775,1788513354768,24.468752,6.99375,-29.081251
105835627718775,1788513354778,24.562502,7.0875,-29.04375
105835637718775,1788513354788,24.45,6.8812504,-29.156252
105835647718775,1788513354798,24.54375,6.8812504,-29.19375
105835657718775,1788513354808,24.656252,7.0125003,-29.156252
105835667718775,1788513354818,24.393751,6.8812504,-29.081251
105835677718775,1788513354828,24.562502,7.05,-29.062502
105835687718775,1788513354838,24.487501,7.2000003,-28.85625
105835697718775,1788513354848,24.45,7.4062505,-28.500002
105835707718775,1788513354858,24.300001,7.3500004,-28.5375
105835717718775,1788513354868,24.281252,7.4625,-28.3875
105835727718775,1788513354878,24.13125,7.4437504,-28.44375
105835737718775,1788513354888,24.018751,7.275,-28.312502
105835747718775,1788513354898,23.8125,7.3500004,-28.48125
105835757718775,1788513354908,23.643751,7.2187505,-28.275002
105835767718775,1788513354918,23.75625,7.3500004,-28.218752
105835777718775,1788513354928,23.775002,7.3875003,-28.518751
105835787718775,1788513354938,24.0375,7.55625,-28.518751
105835797718775,1788513354948,23.962502,7.7250004,-28.63125
105835807718775,1788513354958,24.056252,7.8,-28.612501
105835817718775,1788513354968,23.98125,7.9687505,-28.593752
105835827718775,1788513354978,24.075,7.70625,-28.3875
105835837718775,1788513354988,24.187502,7.6312504,-28.44375
105835847718775,1788513354998,23.98125,7.4625,-28.44375
105835857718775,1788513355008,23.8875,7.425,-28.44375
105835867718775,1788513355018,23.79375,7.275,-28.1625
105835877718775,1788513355028,24.093752,7.18125,-28.087502
105835887718775,1788513355038,24.243752,7.4625,-28.031252
105835897718775,1788513355048,24.375002,7.3875003,-28.06875
105835907718775,1788513355058,24.4125,7.7812505,-28.29375
105835917718775,1788513355068,24.487501,7.8562503,-28.237501
105835927718775,1788513355078,24.6,7.9687505,-28.218752
105835937718775,1788513355088,24.656252,8.0625,-28.06875
105835947718775,1788513355098,24.487501,7.93125,-28.368752
105835957718775,1788513355108,24.31875,7.7625003,-28.44375
105835967718775,1788513355118,24.187502,7.36875,-28.612501
105835977718775,1788513355128,24.187502,7.4437504,-28.44375
105835987718775,1788513355138,24.300001,7.2375,-28.5375
105835997718775,1788513355148,24.281252,7.1062503,-28.781252
105836007718775,1788513355158,24.375002,7.0875,-29.04375
105836017718775,1788513355168,24.35625,6.9187503,-28.893751
105836027718775,1788513355178,24.73125,7.0687504,-28.48125
105836037718775,1788513355188,24.712502,7.33125,-28.218752
105836047718775,1788513355198,24.618752,7.4812503,-28.143751
105836057718775,1788513355208,24.6,7.2562504,-28.312502
105836067718775,1788513355218,24.300001,7.2562504,-28.1625
105836077718775,1788513355228,24.056252,7.4062505,-28.2
105836087718775,1788513355238,23.94375,7.3500004,-27.956251
105836097718775,1788513355248,24.0,7.3500004,-28.10625
105836107718775,1788513355258,24.0375,7.33125,-28.312502
105836117718775,1788513355268,23.8875,7.05,-28.556252
105836127718775,1788513355278,23.925001,7.05,-28.331251
105836137718775,1788513355288,24.0,7.0312505,-28.218752
105836147718775,1788513355298,24.225,7.14375,-28.218752
105836157718775,1788513355308,24.69375,7.1625004,-28.050001
105836167718775,1788513355318,24.7875,7.4437504,-27.956251
105836177718775,1788513355328,24.768751,7.5000005,-27.937502
105836187718775,1788513355338,24.6,7.5000005,-27.937502
105836197718775,1788513355348,24.712502,7.5375004,-27.88125
105836207718775,1788513355358,24.937502,7.51875,-27.993752
105836217718775,1788513355368,24.768751,7.7812505,-28.237501
105836227718775,1788513355378,24.937502,7.6875005,-28.087502
105836237718775,1788513355388,24.581251,7.5937505,-28.10625
105836247718775,1788513355398,24.487501,7.4625,-28.29375
105836257718775,1788513355408,24.54375,7.33125,-28.368752
105836267718775,1788513355418,24.50625,7.2562504,-28.44375
105836277718775,1788513355428,24.50625,7.0875,-28.593752
105836287718775,1788513355438,24.31875,7.1625004,-28.687502
105836297718775,1788513355448,24.393751,7.14375,-28.650002
105836307718775,1788513355458,24.225,7.1625004,-28.66875
105836317718775,1788513355468,24.206251,7.3500004,-28.612501
105836327718775,1788513355478,24.31875,7.2937503,-28.556252
105836337718775,1788513355488,24.281252,7.5375004,-28.462502
105836347718775,1788513355498,24.16875,7.5375004,-28.48125
105836357718775,1788513355508,24.2625,7.7812505,-28.331251
105836367718775,1788513355518,24.31875,7.74375,-28.10625
105836377718775,1788513355528,24.487501,7.74375,-28.275002
105836387718775,1788513355538,24.35625,7.9125004,-28.275002
105836397718775,1788513355548,24.45,7.74375,-28.237501
105836407718775,1788513355558,24.581251,7.6312504,-28.087502
105836417718775,1788513355568,24.50625,7.36875,-27.975
105836427718775,1788513355578,24.843752,7.36875,-27.656252
105836437718775,1788513355588,24.712502,7.2937503,-27.487501
105836447718775,1788513355598,24.6,7.18125,-27.4125
105836457718775,1788513355608,24.525002,6.8625,-27.150002
105836467718775,1788513355618,24.69375,6.43125,-27.187502
105836477718775,1788513355628,24.7875,6.3187504,-27.375002
105836487718775,1788513355638,24.6375,6.4687505,-27.468752
105836497718775,1788513355648,24.69375,6.675,-27.45
105836507718775,1788513355658,24.50625,6.61875,-27.73125
105836517718775,1788513355668,24.525002,6.80625,-27.956251
105836527718775,1788513355678,24.69375,6.8625,-28.1625
105836537718775,1788513355688,24.6375,7.18125,-28.237501
105836547718775,1788513355698,24.54375,7.4812503,-28.275002
105836557718775,1788513355708,24.54375,7.70625,-27.993752
105836567718775,1788513355718,24.4125,7.55625,-28.031252
105836577718775,1788513355728,24.4125,7.36875,-28.2
105836587718775,1788513355738,24.281252,7.33125,-28.2
105836597718775,1788513355748,24.35625,7.2375,-28.0125
105836607718775,1788513355758,24.206251,7.1062503,-28.143751
105836617718775,1788513355768,24.206251,7.1250005,-28.143751
105836627718775,1788513355778,24.243752,7.05,-28.181252
105836637718775,1788513355788,24.16875,6.9375005,-28.35
105836647718775,1788513355798,24.281252,7.0125003,-28.462502
105836657718775,1788513355808,24.375002,7.0687504,-28.5375
105836667718775,1788513355818,24.45,7.33125,-28.556252
105836677718775,1788513355828,24.431252,7.2562504,-28.5375
105836687718775,1788513355838,24.337502,7.36875,-28.368752
105836697718775,1788513355848,24.337502,7.425,-28.181252
105836707718775,1788513355858,24.393751,7.6125,-28.368752
105836717718775,1788513355868,24.375002,7.4062505,-28.3875
105836727718775,1788513355878,24.300001,7.4625,-28.031252
105836737718775,1788513355888,24.075,7.5937505,-27.937502
105836747718775,1788513355898,23.90625,7.4625,-27.73125
105836757718775,1788513355908,23.8875,7.3875003,-27.88125
105836767718775,1788513355918,24.056252,7.55625,-27.768751
105836777718775,1788513355928,24.300001,7.4812503,-28.050001
105836787718775,1788513355938,24.2625,7.4437504,-27.7875
105836797718775,1788513355948,24.2625,7.7250004,-27.562502
105836807718775,1788513355958,24.337502,7.4062505,-27.6375
105836817718775,1788513355968,24.45,7.3500004,-27.562502
105836827718775,1788513355978,24.656252,7.2562504,-27.581251
105836837718775,1788513355988,24.73125,7.425,-27.243752
105836847718775,1788513355998,24.656252,7.2937503,-27.50625
105836857718775,1788513356008,24.50625,7.18125,-27.281252
105836867718775,1788513356018,24.487501,7.2187505,-27.31875
105836877718775,1788513356028,24.487501,7.275,-27.768751
105836887718775,1788513356038,24.35625,7.4625,-28.10625
105836897718775,1788513356048,24.2625,7.1062503,-28.06875
105836907718775,1788513356058,24.243752,7.3125005,-28.331251
105836917718775,1788513356068,24.16875,7.2187505,-28.81875
105836927718775,1788513356078,24.300001,7.18125,-28.63125
105836937718775,1788513356088,24.13125,7.2000003,-28.743752
105836947718775,1788513356098,23.98125,7.1062503,-28.687502
105836957718775,1788513356108,23.643751,6.80625,-28.44375
105836967718775,1788513356118,23.8875,6.80625,-28.2
105836977718775,1788513356128,23.831251,7.3500004,-28.462502
105836987718775,1788513356138,23.962502,7.2375,-28.44375
105836997718775,1788513356148,23.8875,7.1625004,-28.500002
105837007718775,1788513356158,23.775002,7.36875,-28.66875
105837017718775,1788513356168,23.831251,7.4062505,-28.706251
105837027718775,1788513356178,23.925001,7.3500004,-28.7625
105837037718775,1788513356188,24.337502,7.4812503,-28.66875
105837047718775,1788513356198,24.2625,7.2562504,-28.593752
105837057718775,1788513356208,24.243752,7.18125,-28.218752
105837067718775,1788513356218,24.150002,7.0687504,-28.218752
105837077718775,1788513356228,24.393751,7.18125,-27.862501
105837087718775,1788513356238,24.13125,6.95625,-27.73125
105837097718775,1788513356248,24.075,7.0125003,-27.825
105837107718775,1788513356258,24.206251,7.05,-27.843752
105837117718775,1788513356268,24.225,7.18125,-28.087502
105837127718775,1788513356278,24.150002,7.275,-28.218752
105837137718775,1788513356288,24.31875,7.14375,-28.425001
105837147718775,1788513356298,24.35625,7.2375,-28.275002
105837157718775,1788513356308,24.2625,7.1062503,-28.5375
105837167718775,1788513356318,24.50625,7.14375,-28.406252
105837177718775,1788513356328,24.6,7.2562504,-28.312502
105837187718775,1788513356338,24.393751,6.99375,-28.2
105837197718775,1788513356348,24.31875,6.8625,-28.031252
105837207718775,1788513356358,24.31875,6.95625,-28.06875
105837217718775,1788513356368,24.281252,7.0125003,-28.10625
105837227718775,1788513356378,24.150002,7.0875,-28.10625
105837237718775,1788513356388,23.98125,7.2187505,-27.975
105837247718775,1788513356398,23.90625,7.2562504,-27.993752
105837257718775,1788513356408,23.962502,7.05,-27.937502
105837267718775,1788513356418,24.0375,7.14375,-28.181252
105837277718775,1788513356428,24.093752,7.0312505,-28.312502
105837287718775,1788513356438,24.0,6.9375005,-28.087502
105837297718775,1788513356448,23.98125,6.95625,-28.125002
105837307718775,1788513356458,23.98125,6.9,-28.275002
105837317718775,1788513356468,24.056252,6.7875004,-28.06875
105837327718775,1788513356478,24.0375,6.80625,-28.143751
105837337718775,1788513356488,23.75625,6.8250003,-27.993752
105837347718775,1788513356498,23.831251,7.0687504,-27.806252
105837357718775,1788513356508,23.6625,7.4062505,-27.618752
105837367718775,1788513356518,23.8125,7.55625,-27.956251
105837377718775,1788513356528,23.7,7.4625,-28.181252
105837387718775,1788513356538,23.550001,7.2375,-27.993752
105837397718775,1788513356548,23.56875,7.2562504,-28.29375
105837407718775,1788513356558,23.56875,7.1625004,-28.518751
105837417718775,1788513356568,23.737501,7.2562504,-28.63125
105837427718775,1788513356578,23.681252,6.9750004,-28.63125
105837437718775,1788513356588,23.6625,6.6937504,-28.7625
105837447718775,1788513356598,23.56875,6.7500005,-28.66875
105837457718775,1788513356608,23.831251,6.7312503,-28.312502
105837467718775,1788513356618,23.98125,6.95625,-28.25625
105837477718775,1788513356628,24.112501,7.1062503,-28.10625
105837487718775,1788513356638,24.225,7.33125,-27.975
105837497718775,1788513356648,24.225,7.36875,-27.806252
105837507718775,1788513356658,24.31875,7.5937505,-27.806252
105837517718775,1788513356668,24.35625,7.7625003,-27.7875
105837527718775,1788513356678,24.206251,7.70625,-27.750002
105837537718775,1788513356688,24.2625,7.74375,-27.581251
105837547718775,1788513356698,24.187502,7.8187504,-27.843752
105837557718775,1788513356708,24.150002,7.5750003,-27.843752
105837567718775,1788513356718,24.206251,7.18125,-27.73125
105837577718775,1788513356728,24.243752,7.1062503,-28.087502
105837587718775,1788513356738,24.45,7.1250005,-28.218752
105837597718775,1788513356748,24.581251,7.1625004,-28.275002
105837607718775,1788513356758,24.768751,7.275,-28.050001
105837617718775,1788513356768,24.581251,7.18125,-28.312502
105837627718775,1788513356778,24.69375,7.0687504,-28.237501
105837637718775,1788513356788,24.825,7.1625004,-28.10625
105837647718775,1788513356798,24.750002,7.2375,-28.25625
105837657718775,1788513356808,24.6375,7.4437504,-28.143751
105837667718775,1788513356818,24.431252,7.4062505,-27.975
105837677718775,1788513356828,24.337502,7.3875003,-28.0125
105837687718775,1788513356838,24.281252,7.36875,-27.937502
105837697718775,1788513356848,24.225,7.425,-27.993752
105837707718775,1788513356858,24.206251,7.4437504,-28.0125
105837717718775,1788513356868,24.018751,7.5375004,-28.06875
105837727718775,1788513356878,24.0375,7.6312504,-27.862501
105837737718775,1788513356888,24.225,7.4625,-27.73125
105837747718775,1788513356898,24.206251,7.3875003,-27.768751
105837757718775,1788513356908,24.243752,7.2000003,-27.6375
105837767718775,1788513356918,24.112501,7.2937503,-27.956251
105837777718775,1788513356928,24.0375,7.36875,-27.937502
105837787718775,1788513356938,24.281252,7.2000003,-27.6375
105837797718775,1788513356948,24.281252,7.0125003,-27.712502
105837807718775,1788513356958,24.300001,7.05,-27.825
105837817718775,1788513356968,24.4125,7.0125003,-28.031252
105837827718775,1788513356978,24.525002,7.2187505,-28.10625
105837837718775,1788513356988,24.45,7.5000005,-28.143751
105837847718775,1788513356998,24.768751,7.3875003,-28.0125
105837857718775,1788513357008,25.0125,7.2375,-27.862501
105837867718775,1788513357018,24.69375,7.4812503,-28.06875
105837877718775,1788513357028,24.6,7.74375,-28.331251
105837887718775,1788513357038,24.581251,7.7812505,-28.368752
105837897718775,1788513357048,24.225,7.8,-28.3875
105837907718775,1788513357058,24.206251,7.65,-28.368752
105837917718775,1788513357068,24.13125,7.5750003,-28.275002
105837927718775,1788513357078,24.075,7.7625003,-28.331251
105837937718775,1788513357088,23.925001,7.8562503,-28.29375
105837947718775,1788513357098,24.018751,7.9687505,-28.593752
105837957718775,1788513357108,24.056252,7.7812505,-28.2
105837967718775,1788513357118,24.0375,7.8562503,-28.143751
105837977718775,1788513357128,24.300001,7.93125,-28.143751
105837987718775,1788513357138,24.150002,7.8750005,-28.29375
105837997718775,1788513357148,24.2625,7.8375,-28.25625
105838007718775,1788513357158,24.31875,7.7812505,-28.406252
105838017718775,1788513357168,24.4125,8.043751,-28.3875
105838027718775,1788513357178,24.393751,8.0625,-28.237501
105838037718775,1788513357188,24.337502,8.043751,-28.706251
105838047718775,1788513357198,24.35625,7.8562503,-28.706251
105838057718775,1788513357208,24.150002,7.8187504,-28.63125
105838067718775,1788513357218,24.243752,7.7812505,-28.48125
105838077718775,1788513357228,24.300001,7.65,-28.518751
105838087718775,1788513357238,24.2625,7.4812503,-28.44375
105838097718775,1788513357248,24.0,7.2000003,-28.406252
105838107718775,1788513357258,23.90625,6.99375,-28.462502
105838117718775,1788513357268,23.8125,7.275,-28.031252
105838127718775,1788513357278,23.962502,7.51875,-28.125002
105838137718775,1788513357288,24.150002,7.3875003,-28.087502
105838147718775,1788513357298,24.225,7.2562504,-28.0125
105838157718775,1788513357308,24.206251,7.1625004,-28.0125
105838167718775,1788513357318,23.962502,7.2937503,-28.031252
105838177718775,1788513357328,24.112501,7.2937503,-28.10625
105838187718775,1788513357338,24.187502,7.3125005,-28.087502
105838197718775,1788513357348,24.393751,6.99375,-28.25625
105838207718775,1788513357358,24.300001,6.76875,-28.312502
105838217718775,1788513357368,24.056252,6.8625,-28.500002
105838227718775,1788513357378,24.13125,6.99375,-28.3875
105838237718775,1788513357388,23.775002,7.0687504,-28.35
105838247718775,1788513357398,24.018751,6.9,-28.368752
105838257718775,1788513357408,24.093752,7.0875,-28.66875
105838267718775,1788513357418,24.2625,7.0125003,-28.575
105838277718775,1788513357428,24.243752,7.05,-28.5375
105838287718775,1788513357438,24.112501,7.0687504,-28.556252
105838297718775,1788513357448,24.431252,7.0312505,-28.44375
105838307718775,1788513357458,24.243752,7.1625004,-28.5375
105838317718775,1788513357468,24.525002,7.275,-28.575
105838327718775,1788513357478,24.35625,7.3875003,-28.44375
105838337718775,1788513357488,24.16875,7.0687504,-28.181252
105838347718775,1788513357498,24.018751,7.0687504,-28.181252
105838357718775,1788513357508,23.75625,7.275,-28.237501
105838367718775,1788513357518,24.018751,7.275,-28.031252
105838377718775,1788513357528,23.775002,7.3500004,-27.937502
105838387718775,1788513357538,23.868752,7.2562504,-27.900002
105838397718775,1788513357548,23.737501,7.2937503,-27.843752
105838407718775,1788513357558,23.643751,7.2000003,-28.031252
105838417718775,1788513357568,23.75625,7.36875,-28.050001
105838427718775,1788513357578,23.643751,7.3500004,-28.06875
105838437718775,1788513357588,24.018751,7.33125,-27.825
105838447718775,1788513357598,23.737501,7.4062505,-28.0125
105838457718775,1788513357608,23.98125,7.2000003,-27.937502
105838467718775,1788513357618,23.90625,7.275,-28.143751
105838477718775,1788513357628,24.018751,7.18125,-28.143751
105838487718775,1788513357638,24.075,7.2375,-28.143751
105838497718775,1788513357648,24.16875,7.33125,-28.050001
105838507718775,1788513357658,24.225,7.33125,-28.143751
105838517718775,1788513357668,24.112501,7.2000003,-28.312502
105838527718775,1788513357678,24.187502,7.0125003,-28.031252
105838537718775,1788513357688,23.925001,7.2937503,-28.031252
105838547718775,1788513357698,24.112501,7.2375,-27.618752
105838557718775,1788513357708,24.16875,7.4812503,-27.825
105838567718775,1788513357718,24.206251,7.425,-27.675001
105838577718775,1788513357728,24.018751,7.275,-27.73125
105838587718775,1788513357738,24.018751,7.4437504,-27.50625
105838597718775,1788513357748,23.8875,7.8187504,-27.50625
105838607718775,1788513357758,23.98125,7.8187504,-27.6375
105838617718775,1788513357768,23.94375,7.93125,-27.750002
105838627718775,1788513357778,23.737501,8.00625,-28.181252
105838637718775,1788513357788,23.625,7.8750005,-28.06875
105838647718775,1788513357798,23.60625,7.8187504,-28.0125
105838657718775,1788513357808,23.71875,7.8187504,-28.031252
105838667718775,1788513357818,23.90625,7.6125,-28.0125
105838677718775,1788513357828,24.16875,7.3875003,-28.031252
105838687718775,1788513357838,24.056252,7.5937505,-28.10625
105838697718775,1788513357848,24.112501,7.2187505,-28.143751
105838707718775,1788513357858,24.243752,7.1250005,-28.1625
105838717718775,1788513357868,24.45,7.2375,-28.143751
105838727718775,1788513357878,24.375002,7.1625004,-28.143751
105838737718775,1788513357888,24.45,7.14375,-28.368752
105838747718775,1788513357898,24.112501,7.0875,-28.3875
105838757718775,1788513357908,24.0,7.1062503,-28.2
105838767718775,1788513357918,23.90625,7.14375,-28.143751
105838777718775,1788513357928,23.8875,7.425,-28.1625
105838787718775,1788513357938,23.681252,7.5000005,-27.91875
105838797718775,1788513357948,23.41875,7.36875,-27.975
105838807718775,1788513357958,23.587502,7.55625,-27.993752
105838817718775,1788513357968,23.38125,7.6125,-27.900002
105838827718775,1788513357978,23.5125,7.74375,-27.937502
105838837718775,1788513357988,23.75625,7.8375,-28.2
105838847718775,1788513357998,23.831251,7.9687505,-28.575
105838857718775,1788513358008,23.925001,7.93125,-28.44375
105838867718775,1788513358018,24.0375,7.9687505,-28.593752
105838877718775,1788513358028,24.225,7.8750005,-28.406252
105838887718775,1788513358038,24.206251,7.7625003,-28.3875
105838897718775,1788513358048,24.431252,7.6312504,-27.937502
105838907718775,1788513358058,24.281252,7.6312504,-27.975
105838917718775,1788513358068,23.79375,7.5937505,-27.806252
105838927718775,1788513358078,23.79375,7.3500004,-27.712502
105838937718775,1788513358088,23.775002,7.275,-27.73125
105838947718775,1788513358098,24.0375,7.18125,-27.618752
105838957718775,1788513358108,23.8875,7.3125005,-27.862501
105838967718775,1788513358118,23.925001,7.2562504,-27.806252
105838977718775,1788513358128,24.206251,7.36875,-27.993752
105838987718775,1788513358138,24.375002,7.3500004,-28.10625
105838997718775,1788513358148,24.618752,7.2375,-28.29375
105839007718775,1788513358158,24.50625,7.0875,-27.993752
105839017718775,1788513358168,24.69375,7.2000003,-28.2
105839027718775,1788513358178,24.243752,7.14375,-28.593752
105839037718775,1788513358188,24.35625,6.8812504,-28.44375
105839047718775,1788513358198,24.337502,7.05,-28.44375
105839057718775,1788513358208,24.13125,7.1250005,-28.5375
105839067718775,1788513358218,23.98125,7.0125003,-28.575
105839077718775,1788513358228,23.98125,7.14375,-28.406252
105839087718775,1788513358238,24.187502,7.36875,-28.48125
105839097718775,1788513358248,24.056252,7.6875005,-28.25625
105839107718775,1788513358258,24.225,7.5750003,-27.825
105839117718775,1788513358268,24.35625,7.8375,-27.7875
105839127718775,1788513358278,24.300001,7.65,-27.900002
105839137718775,1788513358288,24.225,7.6687503,-27.825
105839147718775,1788513358298,24.487501,7.74375,-27.69375
105839157718775,1788513358308,24.45,7.5750003,-27.7875
105839167718775,1788513358318,24.562502,7.4062505,-27.6375
105839177718775,1788513358328,24.618752,7.0687504,-27.73125
105839187718775,1788513358338,24.45,7.33125,-27.937502
105839197718775,1788513358348,24.468752,7.1625004,-27.993752
105839207718775,1788513358358,24.525002,7.1625004,-27.862501
105839217718775,1788513358368,24.69375,7.2375,-27.862501
105839227718775,1788513358378,24.525002,7.425,-27.862501
105839237718775,1788513358388,24.675001,7.55625,-27.6
105839247718775,1788513358398,24.187502,7.70625,-27.88125
105839257718775,1788513358408,24.0,7.6875005,-27.91875
105839267718775,1788513358418,24.075,7.6687503,-27.806252
105839277718775,1788513358428,23.925001,7.6875005,-27.937502
105839287718775,1788513358438,23.831251,8.0625,-28.125002
105839297718775,1788513358448,23.60625,7.7250004,-28.48125
105839307718775,1788513358458,23.775002,7.5937505,-28.66875
105839317718775,1788513358468,23.643751,7.55625,-28.837502
105839327718775,1788513358478,23.98125,7.5000005,-28.650002
105839337718775,1788513358488,24.243752,7.3500004,-28.781252
105839347718775,1788513358498,24.4125,7.18125,-28.81875
105839357718775,1788513358508,24.300001,7.2375,-28.837502
105839367718775,1788513358518,24.243752,7.05,-28.968752
105839377718775,1788513358528,24.35625,7.2187505,-28.66875
105839387718775,1788513358538,24.2625,7.2187505,-28.800001
105839397718775,1788513358548,24.393751,7.1250005,-28.931252
105839407718775,1788513358558,24.337502,7.0875,-29.025002
105839417718775,1788513358568,24.0,6.95625,-28.5375
105839427718775,1788513358578,23.775002,6.99375,-28.63125
105839437718775,1788513358588,23.8125,7.0312505,-28.725
105839447718775,1788513358598,23.8125,6.8625,-28.612501
105839457718775,1788513358608,23.681252,6.95625,-28.706251
105839467718775,1788513358618,23.7,7.0125003,-28.500002
105839477718775,1788513358628,23.53125,6.9187503,-28.425001
105839487718775,1788513358638,23.53125,6.9187503,-28.331251
105839497718775,1788513358648,23.79375,6.99375,-28.518751
105839507718775,1788513358658,23.775002,7.275,-28.425001
105839517718775,1788513358668,23.775002,6.99375,-28.368752
105839527718775,1788513358678,23.75625,7.2375,-28.35
105839537718775,1788513358688,23.85,7.1625004,-28.25625
105839547718775,1788513358698,23.8125,7.0312505,-28.2
105839557718775,1788513358708,23.775002,7.05,-28.218752
105839567718775,1788513358718,23.90625,6.99375,-28.218752
105839577718775,1788513358728,23.831251,6.76875,-28.331251
105839587718775,1788513358738,24.093752,6.675,-28.44375
105839597718775,1788513358748,24.187502,6.9187503,-28.35
105839607718775,1788513358758,24.35625,6.9,-28.612501
105839617718775,1788513358768,24.187502,7.0125003,-28.875002
105839627718775,1788513358778,24.187502,7.2000003,-28.743752
105839637718775,1788513358788,24.337502,7.5000005,-28.593752
105839647718775,1788513358798,24.150002,7.6687503,-28.556252
105839657718775,1788513358808,24.112501,7.9875,-28.48125
105839667718775,1788513358818,24.0375,7.9500003,-28.1625
105839677718775,1788513358828,23.8125,7.9875,-28.125002
105839687718775,1788513358838,23.90625,8.08125,-27.900002
105839697718775,1788513358848,24.16875,7.9125004,-27.69375
105839707718775,1788513358858,24.281252,7.74375,-27.88125
105839717718775,1788513358868,24.281252,7.4625,-27.956251
105839727718775,1788513358878,24.31875,7.275,-28.1625
105839737718775,1788513358888,24.45,7.2187505,-28.368752
105839747718775,1788513358898,24.431252,7.14375,-28.406252
105839757718775,1788513358908,24.69375,7.14375,-28.48125
105839767718775,1788513358918,24.6,6.9,-28.5375
105839777718775,1788513358928,24.375002,7.0312505,-28.575
105839787718775,1788513358938,24.31875,7.0125003,-28.556252
105839797718775,1788513358948,24.4125,7.2562504,-28.518751
105839807718775,1788513358958,24.375002,7.2562504,-28.29375
105839817718775,1788513358968,24.281252,7.4062505,-28.10625
105839827718775,1788513358978,24.225,7.4062505,-28.181252
105839837718775,1788513358988,24.093752,7.2937503,-28.050001
105839847718775,1788513358998,23.98125,7.3875003,-27.88125
105839857718775,1788513359008,24.075,7.3500004,-27.750002
105839867718775,1788513359018,24.018751,7.51875,-27.750002
105839877718775,1788513359028,24.0,7.4062505,-27.825
105839887718775,1788513359038,24.018751,7.6125,-27.843752
105839897718775,1788513359048,23.868752,7.51875,-27.900002
105839907718775,1788513359058,24.0,7.5937505,-27.7875
105839917718775,1788513359068,23.90625,7.8,-27.91875
105839927718775,1788513359078,23.925001,7.7812505,-28.125002
105839937718775,1788513359088,23.868752,7.93125,-28.031252
105839947718775,1788513359098,23.925001,7.8750005,-28.06875
105839957718775,1788513359108,23.868752,7.65,-27.862501
105839967718775,1788513359118,23.8875,7.5375004,-27.88125
105839977718775,1788513359128,23.94375,7.3500004,-27.88125
105839987718775,1788513359138,23.8875,7.3500004,-27.843752
105839997718775,1788513359148,24.0,7.2000003,-27.768751
105840007718775,1788513359158,23.98125,7.18125,-27.7875
105840017718775,1788513359168,23.962502,7.0312505,-27.91875
105840027718775,1788513359178,24.0,6.9,-27.69375
105840037718775,1788513359188,24.150002,7.0875,-27.825
105840047718775,1788513359198,24.300001,7.1062503,-27.862501
105840057718775,1788513359208,24.281252,7.2937503,-27.69375
105840067718775,1788513359218,24.375002,7.3500004,-27.975
105840077718775,1788513359228,24.45,7.2562504,-27.88125
105840087718775,1788513359238,24.712502,7.14375,-27.7875
105840097718775,1788513359248,24.900002,7.1250005,-27.750002
105840107718775,1788513359258,24.956251,7.2187505,-27.843752
105840117718775,1788513359268,24.69375,7.1062503,-28.0125
105840127718775,1788513359278,24.7875,7.1062503,-28.10625
105840137718775,1788513359288,24.843752,7.0125003,-28.25625
105840147718775,1788513359298,24.73125,6.8250003,-28.25625
105840157718775,1788513359308,24.750002,6.9187503,-28.35
105840167718775,1788513359318,24.618752,7.0687504,-28.331251
105840177718775,1788513359328,24.16875,7.2187505,-28.331251
105840187718775,1788513359338,24.16875,7.1062503,-28.237501
105840197718775,1788513359348,24.187502,7.4437504,-28.143751
105840207718775,1788513359358,23.98125,7.4625,-27.993752
105840217718775,1788513359368,24.075,7.4625,-27.843752
105840227718775,1788513359378,24.075,7.55625,-27.7875
105840237718775,1788513359388,24.16875,7.425,-27.656252
105840247718775,1788513359398,24.225,7.3875003,-27.69375
105840257718775,1788513359408,24.6,7.1250005,-27.7875
105840267718775,1788513359418,24.45,7.3125005,-27.975
105840277718775,1788513359428,24.45,7.3125005,-28.181252
105840287718775,1788513359438,24.337502,7.3875003,-28.29375
105840297718775,1788513359448,24.393751,7.4437504,-28.48125
105840307718775,1788513359458,24.45,7.5375004,-28.48125
105840317718775,1788513359468,24.150002,7.7250004,-28.500002
105840327718775,1788513359478,24.0375,7.74375,-28.44375
105840337718775,1788513359488,24.093752,7.93125,-28.44375
105840347718775,1788513359498,24.150002,7.8,-28.312502
105840357718775,1788513359508,24.150002,7.70625,-28.143751
105840367718775,1788513359518,24.150002,7.65,-28.181252
105840377718775,1788513359528,24.093752,7.55625,-28.087502
105840387718775,1788513359538,24.018751,7.3875003,-28.10625
105840397718775,1788513359548,24.16875,7.3500004,-28.143751
105840407718775,1788513359558,24.300001,7.2000003,-28.2
105840417718775,1788513359568,23.98125,7.3125005,-28.1625
105840427718775,1788513359578,23.75625,7.36875,-28.143751
105840437718775,1788513359588,23.643751,7.33125,-28.1625
105840447718775,1788513359598,23.868752,7.3125005,-28.10625
105840457718775,1788513359608,23.681252,7.3500004,-28.29375
105840467718775,1788513359618,23.85,7.51875,-28.181252
105840477718775,1788513359628,24.0375,7.5375004,-28.275002
105840487718775,1788513359638,23.98125,7.65,-28.125002
105840497718775,1788513359648,24.13125,7.5750003,-28.125002
105840507718775,1788513359658,24.45,7.3125005,-28.237501
105840517718775,1788513359668,24.806252,7.18125,-28.181252
105840527718775,1788513359678,24.675001,6.9750004,-28.2
105840537718775,1788513359688,24.768751,7.0312505,-28.0125
105840547718775,1788513359698,24.69375,6.9187503,-28.218752
105840557718775,1788513359708,24.54375,6.9375005,-28.0125
105840567718775,1788513359718,24.393751,6.9375005,-28.050001
105840577718775,1788513359728,24.562502,6.675,-27.993752
105840587718775,1788513359738,24.54375,6.9,-27.806252
105840597718775,1788513359748,24.487501,6.99375,-27.843752
105840607718775,1788513359758,24.431252,7.3500004,-27.825
105840617718775,1788513359768,24.4125,7.2187505,-28.031252
105840627718775,1788513359778,24.16875,7.3125005,-27.975
105840637718775,1788513359788,24.13125,7.36875,-28.06875
105840647718775,1788513359798,24.4125,7.51875,-28.181252
105840657718775,1788513359808,24.50625,7.6687503,-28.368752
105840667718775,1788513359818,24.45,7.8,-28.275002
105840677718775,1788513359828,24.31875,7.6875005,-28.275002
105840687718775,1788513359838,24.31875,7.51875,-28.312502
105840697718775,1788513359848,24.54375,7.6687503,-28.368752
105840707718775,1788513359858,24.656252,7.5937505,-28.29375
105840717718775,1788513359868,24.750002,7.70625,-28.35
105840727718775,1788513359878,24.581251,7.6687503,-28.275002
105840737718775,1788513359888,24.6,7.7812505,-28.10625
105840747718775,1788513359898,24.656252,7.6875005,-28.1625
105840757718775,1788513359908,24.7875,7.7250004,-27.806252
105840767718775,1788513359918,24.806252,7.9687505,-27.88125
105840777718775,1788513359928,24.975,7.8562503,-27.581251
105840787718775,1788513359938,25.125002,7.7250004,-27.69375
105840797718775,1788513359948,24.956251,7.55625,-27.525002
105840807718775,1788513359958,24.993752,7.6312504,-27.50625
105840817718775,1788513359968,24.806252,7.7250004,-27.54375
105840827718775,1788513359978,24.54375,7.55625,-27.750002
105840837718775,1788513359988,24.656252,7.6312504,-28.031252
105840847718775,1788513359998,24.750002,7.5937505,-27.750002
105840857718775,1788513360008,24.375002,7.6687503,-27.862501
105840867718775,1788513360018,24.393751,7.9125004,-27.675001
105840877718775,1788513360028,24.431252,7.8562503,-27.862501
105840887718775,1788513360038,24.300001,7.6875005,-27.91875
105840897718775,1788513360048,24.2625,7.5000005,-27.956251
105840907718775,1788513360058,24.225,7.7625003,-27.7875
105840917718775,1788513360068,24.093752,7.9500003,-27.956251
105840927718775,1788513360078,24.018751,7.8750005,-28.06875
105840937718775,1788513360088,23.962502,7.8750005,-28.06875
105840947718775,1788513360098,23.831251,8.025001,-28.031252
105840957718775,1788513360108,24.0,8.25,-27.91875
105840967718775,1788513360118,23.8875,8.175,-27.937502
105840977718775,1788513360128,23.737501,8.15625,-27.937502
105840987718775,1788513360138,23.90625,8.1,-27.975
105840997718775,1788513360148,23.962502,7.70625,-27.993752
105841007718775,1788513360158,23.85,7.6875005,-28.06875
105841017718775,1788513360168,24.13125,7.8,-27.975
105841027718775,1788513360178,24.112501,7.6312504,-28.031252
105841037718775,1788513360188,23.98125,7.4812503,-28.031252
105841047718775,1788513360198,24.018751,7.5375004,-28.087502
105841057718775,1788513360208,23.94375,7.6312504,-28.10625
105841067718775,1788513360218,24.018751,7.5937505,-28.500002
105841077718775,1788513360228,23.75625,7.8,-28.5375
105841087718775,1788513360238,23.925001,7.6312504,-28.406252
105841097718775,1788513360248,23.831251,7.2937503,-28.406252
105841107718775,1788513360258,23.681252,7.2000003,-28.650002
105841117718775,1788513360268,23.60625,7.1625004,-28.7625
105841127718775,1788513360278,23.75625,7.1250005,-28.706251
105841137718775,1788513360288,23.90625,7.1250005,-28.85625
105841147718775,1788513360298,23.775002,7.2187505,-28.593752
105841157718775,1788513360308,23.868752,7.0875,-28.35
105841167718775,1788513360318,23.90625,7.4625,-28.612501
105841177718775,1788513360328,23.868752,7.6687503,-28.800001
105841187718775,1788513360338,23.98125,7.8562503,-28.556252
105841197718775,1788513360348,23.94375,7.9687505,-28.7625
105841207718775,1788513360358,23.925001,8.175,-28.875002
105841217718775,1788513360368,24.056252,8.175,-28.781252
105841227718775,1788513360378,24.112501,8.00625,-28.837502
105841237718775,1788513360388,24.16875,7.9125004,-28.837502
105841247718775,1788513360398,24.0,7.70625,-28.725
105841257718775,1788513360408,24.13125,7.74375,-28.650002
105841267718775,1788513360418,24.13125,7.55625,-28.706251
105841277718775,1788513360428,24.300001,7.4625,-28.593752
105841287718775,1788513360438,24.337502,7.36875,-28.500002
105841297718775,1788513360448,24.206251,7.425,-28.593752
105841307718775,1788513360458,24.0,7.70625,-28.44375
105841317718775,1788513360468,24.0375,7.7812505,-28.3875
105841327718775,1788513360478,24.225,7.8,-28.312502
105841337718775,1788513360488,24.075,7.74375,-28.2
105841347718775,1788513360498,24.243752,7.7250004,-28.331251
105841357718775,1788513360508,24.375002,7.5750003,-28.25625
105841367718775,1788513360518,24.468752,7.7625003,-28.218752
105841377718775,1788513360528,24.656252,7.6687503,-28.44375
105841387718775,1788513360538,24.750002,7.3875003,-28.556252
105841397718775,1788513360548,24.73125,7.5000005,-28.800001
105841407718775,1788513360558,24.562502,7.425,-29.1
105841417718775,1788513360568,24.375002,7.51875,-29.175001
105841427718775,1788513360578,24.375002,7.51875,-28.85625
105841437718775,1788513360588,24.13125,7.5937505,-28.725
105841447718775,1788513360598,24.075,7.3500004,-28.706251
105841457718775,1788513360608,24.0,7.36875,-28.35
105841467718775,1788513360618,24.187502,7.55625,-28.1625
105841477718775,1788513360628,24.281252,7.4625,-27.975
105841487718775,1788513360638,24.281252,7.275,-27.843752
105841497718775,1788513360648,24.375002,7.4625,-27.750002
105841507718775,1788513360658,24.281252,7.6875005,-27.7875
105841517718775,1788513360668,24.187502,7.74375,-27.825
105841527718775,1788513360678,23.962502,7.7250004,-27.768751
105841537718775,1788513360688,24.225,7.65,-27.768751
105841547718775,1788513360698,24.0375,7.65,-28.087502
105841557718775,1788513360708,23.98125,7.74375,-28.331251
105841567718775,1788513360718,23.79375,7.8,-28.031252
105841577718775,1788513360728,23.868752,7.425,-27.993752
105841587718775,1788513360738,24.0,7.2562504,-28.218752
105841597718775,1788513360748,24.337502,7.14375,-28.1625
105841607718775,1788513360758,24.69375,6.9375005,-28.3875
105841617718775,1788513360768,24.2625,7.0125003,-28.218752
105841627718775,1788513360778,24.35625,6.9187503,-28.275002
105841637718775,1788513360788,24.300001,6.9375005,-27.975
105841647718775,1788513360798,24.712502,7.14375,-28.218752
105841657718775,1788513360808,24.69375,7.3125005,-28.368752
105841667718775,1788513360818,24.431252,7.14375,-28.35
105841677718775,1788513360828,24.243752,7.275,-28.3875
105841687718775,1788513360838,24.187502,7.6312504,-28.06875
105841697718775,1788513360848,24.4125,7.3875003,-28.050001
105841707718775,1788513360858,24.243752,7.3875003,-27.843752
105841717718775,1788513360868,24.54375,7.425,-27.73125
105841727718775,1788513360878,24.300001,7.33125,-27.618752
105841737718775,1788513360888,24.281252,7.1062503,-27.712502
105841747718775,1788513360898,24.375002,7.3500004,-27.69375
105841757718775,1788513360908,24.243752,7.5000005,-27.768751
105841767718775,1788513360918,23.962502,7.4625,-28.143751
105841777718775,1788513360928,23.6625,7.6687503,-28.1625
105841787718775,1788513360938,23.737501,7.65,-28.125002
105841797718775,1788513360948,23.325,7.6125,-28.368752
105841807718775,1788513360958,23.41875,7.6687503,-28.331251
105841817718775,1788513360968,23.34375,7.9125004,-28.218752
105841827718775,1788513360978,23.56875,7.7812505,-28.3875
105841837718775,1788513360988,23.475,7.6687503,-28.48125
105841847718775,1788513360998,23.56875,7.5375004,-28.2
105841857718775,1788513361008,23.79375,7.5750003,-28.35
105841867718775,1788513361018,23.85,7.5750003,-28.44375
105841877718775,1788513361028,24.075,7.70625,-28.575
105841887718775,1788513361038,24.13125,7.7250004,-28.81875
105841897718775,1788513361048,24.2625,7.74375,-28.9125
105841907718775,1788513361058,24.206251,7.6312504,-28.63125
105841917718775,1788513361068,24.45,7.51875,-28.48125
105841927718775,1788513361078,24.487501,7.55625,-28.650002
105841937718775,1788513361088,24.4125,7.5375004,-28.48125
105841947718775,1788513361098,24.2625,7.4812503,-28.44375
105841957718775,1788513361108,24.150002,7.2562504,-28.312502
105841967718775,1788513361118,24.0375,7.18125,-28.2
105841977718775,1788513361128,24.0,6.9750004,-28.031252
105841987718775,1788513361138,24.0,6.9750004,-28.031252
105841997718775,1788513361148,24.206251,7.2562504,-27.956251
105842007718775,1788513361158,24.075,7.3125005,-27.975
105842017718775,1788513361168,24.300001,7.2375,-28.06875
105842027718775,1788513361178,24.431252,7.275,-27.993752
105842037718775,1788513361188,24.45,7.3500004,-28.031252
105842047718775,1788513361198,24.54375,7.425,-27.88125
105842057718775,1788513361208,24.468752,7.5000005,-27.993752
105842067718775,1788513361218,24.375002,7.4812503,-27.825
105842077718775,1788513361228,24.0375,7.33125,-27.993752
105842087718775,1788513361238,24.112501,7.3125005,-27.825
105842097718775,1788513361248,24.056252,7.4062505,-27.73125
105842107718775,1788513361258,23.8875,7.3500004,-27.993752
105842117718775,1788513361268,23.831251,7.2000003,-27.956251
105842127718775,1788513361278,23.831251,7.0687504,-28.125002
105842137718775,1788513361288,23.98125,7.1062503,-27.993752
105842147718775,1788513361298,23.98125,7.2000003,-28.050001
105842157718775,1788513361308,24.187502,6.99375,-27.937502
105842167718775,1788513361318,24.35625,6.99375,-27.825
105842177718775,1788513361328,24.225,7.0125003,-27.862501
105842187718775,1788513361338,24.35625,7.1625004,-27.618752
105842197718775,1788513361348,24.50625,7.2375,-27.618752
105842207718775,1788513361358,24.281252,7.36875,-27.487501
105842217718775,1788513361368,24.0,7.4437504,-27.45
105842227718775,1788513361378,24.056252,7.5750003,-27.768751
105842237718775,1788513361388,23.98125,7.7625003,-27.73125
105842247718775,1788513361398,23.98125,7.8,-27.6375
105842257718775,1788513361408,23.962502,7.74375,-27.768751
105842267718775,1788513361418,23.868752,7.6312504,-27.806252
105842277718775,1788513361428,23.90625,7.70625,-27.7875
105842287718775,1788513361438,23.8875,7.51875,-27.7875
105842297718775,1788513361448,23.94375,7.4062505,-27.900002
105842307718775,1788513361458,23.90625,7.51875,-27.69375
105842317718775,1788513361468,23.90625,7.4812503,-27.73125
105842327718775,1788513361478,23.85,7.4812503,-27.91875
105842337718775,1788513361488,23.868752,7.4437504,-27.656252
105842347718775,1788513361498,24.16875,7.3125005,-27.6
105842357718775,1788513361508,24.075,7.3875003,-27.45
105842367718775,1788513361518,24.243752,7.6687503,-27.375002
105842377718775,1788513361528,24.4125,7.65,-27.431252
105842387718775,1788513361538,24.093752,7.5937505,-27.525002
105842397718775,1788513361548,24.206251,7.51875,-27.31875
105842407718775,1788513361558,24.150002,7.4812503,-27.656252
105842417718775,1788513361568,24.13125,7.51875,-27.825
105842427718775,1788513361578,24.0375,7.5937505,-27.7875
105842437718775,1788513361588,23.925001,7.33125,-27.900002
105842447718775,1788513361598,24.0375,7.1250005,-28.29375
105842457718775,1788513361608,23.98125,7.3875003,-28.050001
105842467718775,1788513361618,24.281252,7.1250005,-28.050001
105842477718775,1788513361628,24.075,7.2187505,-28.312502
105842487718775,1788513361638,23.94375,7.275,-28.06875
105842497718775,1788513361648,23.831251,7.1625004,-28.10625
105842507718775,1788513361658,23.75625,7.2375,-28.031252
105842517718775,1788513361668,23.75625,7.4625,-28.125002
105842527718775,1788513361678,23.6625,7.51875,-27.993752
105842537718775,1788513361688,23.625,7.3875003,-28.143751
105842547718775,1788513361698,23.5125,7.6875005,-28.143751
105842557718775,1788513361708,23.493752,7.6125,-28.1625
105842567718775,1788513361718,23.587502,7.5375004,-28.06875
105842577718775,1788513361728,23.79375,7.6687503,-27.843752
105842587718775,1788513361738,23.868752,7.5750003,-27.975
105842597718775,1788513361748,24.0,7.36875,-27.843752
105842607718775,1788513361758,23.94375,7.33125,-27.6375
105842617718775,1788513361768,24.16875,7.2937503,-27.581251
105842627718775,1788513361778,24.2625,7.0875,-27.562502
105842637718775,1788513361788,24.4125,7.1625004,-27.562502
105842647718775,1788513361798,24.45,7.2375,-27.675001
105842657718775,1788513361808,24.393751,7.4062505,-28.0125
105842667718775,1788513361818,24.375002,7.425,-28.10625
105842677718775,1788513361828,24.2625,7.6125,-28.181252
105842687718775,1788513361838,24.4125,7.65,-28.10625
105842697718775,1788513361848,24.187502,7.6875005,-28.10625
105842707718775,1788513361858,24.281252,7.74375,-27.91875
105842717718775,1788513361868,24.150002,7.7250004,-27.843752
105842727718775,1788513361878,24.206251,7.70625,-27.91875
105842737718775,1788513361888,24.393751,7.4437504,-27.975
105842747718775,1788513361898,24.187502,7.5750003,-27.69375
105842757718775,1788513361908,24.16875,7.5000005,-27.581251
105842767718775,1788513361918,24.13125,7.5937505,-27.712502
105842777718775,1788513361928,24.206251,7.6312504,-27.825
105842787718775,1788513361938,24.112501,7.7250004,-27.956251
105842797718775,1788513361948,24.187502,7.74375,-28.031252
105842807718775,1788513361958,24.281252,7.6875005,-28.050001
105842817718775,1788513361968,24.0,7.5750003,-27.88125
105842827718775,1788513361978,24.0375,7.2375,-28.143751
105842837718775,1788513361988,23.98125,7.2000003,-28.087502
105842847718775,1788513361998,23.7,7.3125005,-28.181252
105842857718775,1788513362008,23.5125,7.5750003,-28.48125
105842867718775,1788513362018,23.5125,7.4812503,-28.66875
105842877718775,1788513362028,23.643751,7.425,-28.66875
105842887718775,1788513362038,23.306252,7.4812503,-28.462502
105842897718775,1788513362048,23.41875,7.5937505,-28.5375
105842907718775,1788513362058,23.41875,7.8187504,-28.48125
105842917718775,1788513362068,23.56875,7.7812505,-28.706251
105842927718775,1788513362078,23.625,7.5375004,-28.687502
105842937718775,1788513362088,23.90625,7.1062503,-28.2
105842947718775,1788513362098,23.831251,7.1062503,-28.087502
105842957718775,1788513362108,23.737501,7.1625004,-28.181252
105842967718775,1788513362118,24.0375,7.0125003,-28.237501
105842977718775,1788513362128,24.112501,6.9,-28.218752
105842987718775,1788513362138,24.393751,6.9750004,-28.275002
105842997718775,1788513362148,24.300001,7.1625004,-28.143751
105843007718775,1788513362158,24.50625,7.2000003,-28.125002
105843017718775,1788513362168,24.525002,7.1625004,-28.237501
105843027718775,1788513362178,24.656252,7.1625004,-28.125002
105843037718775,1788513362188,24.7875,7.0125003,-27.900002
105843047718775,1788513362198,24.675001,6.95625,-28.125002
105843057718775,1788513362208,24.50625,7.0125003,-28.031252
105843067718775,1788513362218,24.4125,6.95625,-27.843752
105843077718775,1788513362228,24.525002,6.9375005,-28.0125
105843087718775,1788513362238,24.31875,6.99375,-28.10625
105843097718775,1788513362248,24.187502,7.2000003,-27.993752
105843107718775,1788513362258,24.243752,7.275,-28.237501
105843117718775,1788513362268,24.093752,7.425,-28.29375
105843127718775,1788513362278,24.150002,7.6687503,-28.237501
105843137718775,1788513362288,24.225,7.6312504,-28.25625
105843147718775,1788513362298,24.393751,7.5375004,-28.518751
105843157718775,1788513362308,24.2625,7.275,-28.5375
105843167718775,1788513362318,24.13125,7.1062503,-28.275002
105843177718775,1788513362328,24.075,6.76875,-28.143751
105843187718775,1788513362338,23.71875,6.6937504,-27.88125
105843197718775,1788513362348,23.5125,6.6562505,-27.843752
105843207718775,1788513362358,23.56875,6.525,-27.69375
105843217718775,1788513362368,23.5125,6.7125,-27.750002
105843227718775,1788513362378,23.1,6.6937504,-27.581251
105843237718775,1788513362388,23.23125,6.9375005,-27.45
105843247718775,1788513362398,23.56875,6.99375,-27.4125
105843257718775,1788513362408,23.550001,7.2000003,-27.581251
105843267718775,1788513362418,23.98125,7.1625004,-27.69375
105843277718775,1788513362428,24.13125,7.18125,-27.69375
105843287718775,1788513362438,24.150002,7.0875,-27.7875
105843297718775,1788513362448,24.243752,6.80625,-27.50625
105843307718775,1788513362458,24.581251,7.1062503,-27.50625
105843317718775,1788513362468,24.712502,6.9375005,-27.487501
105843327718775,1788513362478,24.562502,6.8437505,-27.768751
105843337718775,1788513362488,24.581251,7.0125003,-27.825
105843347718775,1788513362498,24.281252,7.0687504,-27.843752
105843357718775,1788513362508,24.35625,6.95625,-27.825
105843367718775,1788513362518,24.056252,7.1062503,-27.618752
105843377718775,1788513362528,24.243752,7.2000003,-27.806252
105843387718775,1788513362538,24.0375,7.1250005,-27.975
105843397718775,1788513362548,23.737501,7.3500004,-27.88125
105843407718775,1788513362558,23.737501,7.4812503,-27.91875
105843417718775,1788513362568,24.0,7.2937503,-27.900002
105843427718775,1788513362578,24.018751,7.4062505,-27.88125
105843437718775,1788513362588,23.831251,7.4812503,-28.0125
105843447718775,1788513362598,24.0,7.36875,-27.993752
105843457718775,1788513362608,23.5125,7.33125,-28.06875
105843467718775,1788513362618,23.643751,7.36875,-27.900002
105843477718775,1788513362628,23.625,7.2000003,-28.10625
105843487718775,1788513362638,23.7,7.2187505,-27.862501
105843497718775,1788513362648,23.38125,7.275,-28.0125
105843507718775,1788513362658,23.400002,6.99375,-28.06875
105843517718775,1788513362668,23.41875,6.9750004,-28.087502
105843527718775,1788513362678,23.268751,7.05,-28.275002
105843537718775,1788513362688,23.2875,7.2187505,-28.10625
105843547718775,1788513362698,23.19375,7.1625004,-28.25625
105843557718775,1788513362708,23.212502,7.14375,-28.3875
105843567718775,1788513362718,23.118752,7.14375,-28.425001
105843577718775,1788513362728,23.362501,7.275,-28.3875
105843587718775,1788513362738,23.4375,7.4062505,-28.218752
105843597718775,1788513362748,23.60625,7.5375004,-28.237501
105843607718775,1788513362758,23.53125,7.65,-28.125002
105843617718775,1788513362768,23.625,7.6125,-28.1625
105843627718775,1788513362778,23.737501,7.5937505,-28.031252
105843637718775,1788513362788,23.8125,7.8375,-27.862501
105843647718775,1788513362798,24.0,7.93125,-27.956251
105843657718775,1788513362808,23.831251,7.7625003,-28.218752
105843667718775,1788513362818,23.775002,7.7250004,-28.218752
105843677718775,1788513362828,23.75625,7.7625003,-28.0125
105843687718775,1788513362838,24.093752,7.4625,-28.06875
105843697718775,1788513362848,24.2625,7.4437504,-28.050001
105843707718775,1788513362858,24.16875,7.2937503,-28.050001
105843717718775,1788513362868,24.16875,7.2000003,-28.087502
105843727718775,1788513362878,24.0,7.0125003,-27.862501
105843737718775,1788513362888,23.98125,6.8812504,-27.35625
105843747718775,1788513362898,23.8875,6.8812504,-27.2625
105843757718775,1788513362908,23.8875,6.7500005,-27.6
105843767718775,1788513362918,23.79375,6.9187503,-27.468752
105843777718775,1788513362928,23.737501,6.99375,-27.581251
105843787718775,1788513362938,23.681252,7.05,-27.73125
105843797718775,1788513362948,23.75625,6.9375005,-27.712502
105843807718775,1788513362958,23.681252,7.1062503,-27.768751
105843817718775,1788513362968,23.6625,7.1250005,-28.087502
105843827718775,1788513362978,23.8125,7.2375,-28.35
105843837718775,1788513362988,23.75625,7.36875,-28.2
105843847718775,1788513362998,23.71875,7.425,-28.25625
105843857718775,1788513363008,23.79375,7.3500004,-28.237501
105843867718775,1788513363018,23.775002,7.425,-28.06875
105843877718775,1788513363028,23.85,7.2562504,-28.050001
105843887718775,1788513363038,23.8875,7.2562504,-28.1625
105843897718775,1788513363048,24.018751,7.3500004,-28.0125
105843907718775,1788513363058,23.85,7.3500004,-27.806252
105843917718775,1788513363068,23.85,7.4437504,-27.862501
105843927718775,1788513363078,23.925001,7.425,-27.825
105843937718775,1788513363088,23.94375,7.5937505,-27.806252
105843947718775,1788513363098,24.206251,7.3500004,-27.88125
105843957718775,1788513363108,24.13125,7.6687503,-27.768751
105843967718775,1788513363118,24.150002,7.7250004,-27.656252
105843977718775,1788513363128,24.093752,7.70625,-27.825
105843987718775,1788513363138,24.075,7.51875,-27.806252
105843997718775,1788513363148,24.13125,7.275,-27.712502
105844007718775,1788513363158,23.94375,7.0125003,-27.7875
105844017718775,1788513363168,23.98125,6.9,-27.712502
105844027718775,1788513363178,23.94375,7.2562504,-27.581251
105844037718775,1788513363188,24.056252,7.275,-27.562502
105844047718775,1788513363198,23.94375,7.1062503,-27.675001
105844057718775,1788513363208,24.0375,7.1062503,-27.750002
105844067718775,1788513363218,24.112501,7.3125005,-28.050001
105844077718775,1788513363228,24.13125,7.4812503,-27.975
105844087718775,1788513363238,24.206251,7.6875005,-28.050001
105844097718775,1788513363248,24.075,7.74375,-28.218752
105844107718775,1788513363258,23.98125,7.5937505,-28.29375
105844117718775,1788513363268,23.7,7.33125,-28.556252
105844127718775,1788513363278,24.0,7.55625,-28.706251
105844137718775,1788513363288,24.018751,7.7250004,-28.687502
105844147718775,1788513363298,24.150002,7.65,-28.7625
105844157718775,1788513363308,24.056252,7.5000005,-28.725
105844167718775,1788513363318,24.187502,7.5750003,-28.66875
105844177718775,1788513363328,24.187502,7.4437504,-28.612501
105844187718775,1788513363338,23.962502,7.2375,-28.556252
105844197718775,1788513363348,24.16875,7.14375,-28.612501
105844207718775,1788513363358,24.16875,6.95625,-28.500002
105844217718775,1788513363368,24.16875,6.8625,-28.312502
105844227718775,1788513363378,24.375002,7.0312505,-28.10625
105844237718775,1788513363388,24.656252,7.0125003,-28.29375
105844247718775,1788513363398,24.581251,7.0312505,-28.237501
105844257718775,1788513363408,24.825,6.9750004,-28.143751
105844267718775,1788513363418,25.125002,7.2187505,-28.312502
105844277718775,1788513363428,25.1625,7.4062505,-28.218752
105844287718775,1788513363438,24.900002,7.3125005,-28.237501
105844297718775,1788513363448,24.6375,7.275,-28.29375
105844307718775,1788513363458,24.431252,6.95625,-28.2
105844317718775,1788513363468,24.150002,7.1625004,-28.10625
105844327718775,1788513363478,24.13125,7.2000003,-28.181252
105844337718775,1788513363488,23.94375,7.3500004,-28.237501
105844347718775,1788513363498,23.60625,7.33125,-28.087502
105844357718775,1788513363508,23.41875,7.3875003,-28.031252
105844367718775,1788513363518,23.56875,7.3500004,-28.031252
105844377718775,1788513363528,23.56875,7.3500004,-27.900002
105844387718775,1788513363538,23.493752,7.4062505,-27.768751
105844397718775,1788513363548,23.7,7.4062505,-27.768751
105844407718775,1788513363558,23.737501,7.2187505,-27.91875
105844417718775,1788513363568,23.71875,7.2937503,-27.993752
105844427718775,1788513363578,23.962502,7.05,-28.06875
105844437718775,1788513363588,23.98125,6.9750004,-27.825
105844447718775,1788513363598,23.98125,6.9750004,-27.581251
105844457718775,1788513363608,24.0,6.95625,-27.562502
105844467718775,1788513363618,23.94375,6.95625,-27.6
105844477718775,1788513363628,23.5125,6.6937504,-27.393751
105844487718775,1788513363638,23.475,6.76875,-27.187502
105844497718775,1788513363648,23.475,6.6937504,-27.206251
105844507718775,1788513363658,23.4375,6.9,-27.225
105844517718775,1788513363668,23.625,7.0125003,-27.6375
105844527718775,1788513363678,23.643751,7.2562504,-27.825
105844537718775,1788513363688,23.868752,7.36875,-27.88125
105844547718775,1788513363698,24.093752,7.4437504,-28.087502
105844557718775,1788513363708,24.243752,7.5375004,-28.29375
105844567718775,1788513363718,24.2625,7.4812503,-28.406252
105844577718775,1788513363728,24.243752,7.3875003,-28.181252
105844587718775,1788513363738,24.431252,7.55625,-28.29375
105844597718775,1788513363748,24.35625,7.4625,-28.0125
105844607718775,1788513363758,24.375002,7.275,-28.125002
105844617718775,1788513363768,24.150002,7.14375,-28.06875
105844627718775,1788513363778,24.075,6.9375005,-27.768751
105844637718775,1788513363788,24.281252,7.05,-27.712502
105844647718775,1788513363798,24.281252,7.275,-27.6
105844657718775,1788513363808,24.337502,7.3875003,-27.487501
105844667718775,1788513363818,24.150002,7.1250005,-27.375002
105844677718775,1788513363828,24.112501,7.18125,-27.225
105844687718775,1788513363838,23.90625,7.33125,-27.206251
105844697718775,1788513363848,24.112501,7.70625,-27.225
105844707718775,1788513363858,24.018751,7.70625,-27.093752
105844717718775,1788513363868,24.093752,7.4437504,-27.112501
105844727718775,1788513363878,24.056252,7.36875,-26.98125
105844737718775,1788513363888,23.94375,7.0687504,-27.187502
105844747718775,1788513363898,23.962502,7.275,-27.206251
105844757718775,1788513363908,23.85,7.2375,-27.487501
105844767718775,1788513363918,23.98125,7.2937503,-27.581251
105844777718775,1788513363928,23.962502,7.0312505,-27.581251
105844787718775,1788513363938,24.093752,7.2000003,-27.88125
105844797718775,1788513363948,24.0,7.4437504,-28.10625
105844807718775,1788513363958,24.13125,7.275,-28.44375
105844817718775,1788513363968,24.018751,7.5375004,-28.237501
105844827718775,1788513363978,24.093752,7.51875,-27.993752
105844837718775,1788513363988,24.16875,7.5750003,-28.050001
105844847718775,1788513363998,24.281252,7.55625,-27.7875
105844857718775,1788513364008,24.300001,7.5375004,-27.900002
105844867718775,1788513364018,24.375002,7.55625,-27.91875
105844877718775,1788513364028,24.54375,7.4437504,-27.91875
105844887718775,1788513364038,24.656252,7.55625,-27.900002
105844897718775,1788513364048,24.937502,7.55625,-28.0125
105844907718775,1788513364058,24.768751,7.3875003,-28.35
105844917718775,1788513364068,24.825,7.2000003,-28.218752
105844927718775,1788513364078,24.88125,7.3500004,-28.218752
105844937718775,1788513364088,24.88125,7.2937503,-28.312502
105844947718775,1788513364098,24.525002,7.2937503,-28.331251
105844957718775,1788513364108,24.431252,7.51875,-28.44375
105844967718775,1788513364118,24.50625,7.4625,-28.181252
105844977718775,1788513364128,24.468752,7.5000005,-28.275002
105844987718775,1788513364138,24.525002,7.74375,-28.331251
105844997718775,1788513364148,24.431252,7.70625,-28.237501
105845007718775,1788513364158,24.112501,7.65,-28.406252
105845017718775,1788513364168,24.056252,7.4625,-28.1625
105845027718775,1788513364178,24.300001,7.51875,-28.237501
105845037718775,1788513364188,24.243752,7.425,-27.937502
105845047718775,1788513364198,23.925001,7.2937503,-28.050001
105845057718775,1788513364208,23.8875,7.2937503,-28.0125
105845067718775,1788513364218,23.8125,7.0687504,-27.7875
105845077718775,1788513364228,24.018751,7.4437504,-27.900002
105845087718775,1788513364238,24.187502,7.2000003,-27.825
105845097718775,1788513364248,24.2625,7.6125,-27.843752
105845107718775,1788513364258,24.393751,7.425,-27.7875
105845117718775,1788513364268,24.150002,7.33125,-27.7875
105845127718775,1788513364278,24.075,7.55625,-27.825
105845137718775,1788513364288,24.112501,7.5375004,-27.862501
105845147718775,1788513364298,24.225,7.6687503,-27.806252
105845157718775,1788513364308,24.093752,7.4812503,-27.900002
105845167718775,1788513364318,24.150002,7.51875,-27.993752
105845177718775,1788513364328,24.093752,7.14375,-28.312502
105845187718775,1788513364338,23.962502,7.4062505,-28.29375
105845197718775,1788513364348,24.13125,7.2937503,-28.66875
105845207718775,1788513364358,24.243752,7.3875003,-28.518751
105845217718775,1788513364368,24.4125,7.1625004,-28.462502
105845227718775,1788513364378,24.337502,7.2187505,-28.518751
105845237718775,1788513364388,24.45,7.05,-28.275002
105845247718775,1788513364398,24.4125,6.9750004,-28.143751
105845257718775,1788513364408,24.337502,7.18125,-27.843752
105845267718775,1788513364418,24.187502,7.0125003,-27.750002
105845277718775,1788513364428,24.2625,7.0875,-27.393751
105845287718775,1788513364438,24.225,6.8625,-27.243752
105845297718775,1788513364448,24.16875,7.14375,-27.243752
105845307718775,1788513364458,24.093752,6.9375005,-27.4125
105845317718775,1788513364468,24.225,7.1250005,-27.54375
105845327718775,1788513364478,24.16875,7.0125003,-27.618752
105845337718775,1788513364488,24.187502,6.9375005,-27.50625
105845347718775,1788513364498,24.54375,6.9750004,-27.581251
105845357718775,1788513364508,24.300001,6.8625,-27.6375
105845367718775,1788513364518,24.50625,6.7312503,-27.656252
105845377718775,1788513364528,24.375002,6.675,-27.900002
105845387718775,1788513364538,24.487501,6.7312503,-27.862501
105845397718775,1788513364548,24.54375,6.58125,-27.675001
105845407718775,1788513364558,24.487501,6.7312503,-27.768751
105845417718775,1788513364568,24.6375,6.7500005,-27.993752
105845427718775,1788513364578,24.487501,6.4687505,-27.956251
105845437718775,1788513364588,24.7875,6.525,-28.050001
105845447718775,1788513364598,24.562502,6.7312503,-28.462502
105845457718775,1788513364608,24.393751,6.5437503,-28.143751
105845467718775,1788513364618,24.337502,6.4500003,-28.143751
105845477718775,1788513364628,24.150002,6.7125,-28.312502
105845487718775,1788513364638,24.337502,6.6375003,-28.181252
105845497718775,1788513364648,24.0375,6.5625005,-28.2
105845507718775,1788513364658,23.94375,7.0125003,-28.143751
105845517718775,1788513364668,23.7,6.9187503,-27.91875
105845527718775,1788513364678,23.831251,7.2187505,-27.675001
105845537718775,1788513364688,23.90625,7.2000003,-27.88125
105845547718775,1788513364698,24.075,7.33125,-27.843752
105845557718775,1788513364708,23.868752,7.18125,-27.69375
105845567718775,1788513364718,23.587502,7.1250005,-27.6375
105845577718775,1788513364728,23.6625,7.1625004,-27.675001
105845587718775,1788513364738,23.71875,7.0312505,-27.73125
105845597718775,1788513364748,23.94375,7.0687504,-27.69375
105845607718775,1788513364758,23.79375,6.9,-27.862501
105845617718775,1788513364768,23.831251,7.2562504,-27.7875
105845627718775,1788513364778,23.737501,7.3500004,-27.618752
105845637718775,1788513364788,23.8875,7.4437504,-27.768751
105845647718775,1788513364798,24.206251,7.8187504,-28.050001
105845657718775,1788513364808,23.94375,8.08125,-27.937502
105845667718775,1788513364818,23.98125,8.08125,-27.975
105845677718775,1788513364828,23.962502,8.212501,-27.993752
105845687718775,1788513364838,23.8875,8.15625,-28.0125
105845697718775,1788513364848,23.71875,7.8,-27.937502
105845707718775,1788513364858,23.831251,7.7812505,-28.087502
105845717718775,1788513364868,23.8125,7.6312504,-28.181252
105845727718775,1788513364878,23.6625,7.4437504,-28.087502
105845737718775,1788513364888,23.94375,7.275,-28.218752
105845747718775,1788513364898,24.0375,7.36875,-28.500002
105845757718775,1788513364908,24.112501,7.2562504,-28.612501
105845767718775,1788513364918,24.018751,7.2375,-28.518751
105845777718775,1788513364928,24.093752,7.1625004,-28.575
105845787718775,1788513364938,24.0,6.9,-28.48125
105845797718775,1788513364948,24.16875,6.9,-28.35
105845807718775,1788513364958,24.150002,6.7875004,-28.312502
105845817718775,1788513364968,24.243752,6.7312503,-27.900002
105845827718775,1788513364978,24.075,6.2250004,-27.618752
105845837718775,1788513364988,23.85,6.4125004,-27.45
105845847718775,1788513364998,24.0,6.43125,-27.468752
105845857718775,1788513365008,24.0375,6.6375003,-27.487501
105845867718775,1788513365018,23.962502,6.8437505,-27.675001
105845877718775,1788513365028,23.775002,6.9187503,-27.656252
105845887718775,1788513365038,23.925001,7.2000003,-27.6375
105845897718775,1788513365048,23.98125,7.3125005,-27.956251
105845907718775,1788513365058,24.0,7.7250004,-28.125002
105845917718775,1788513365068,24.0,7.74375,-28.29375
105845927718775,1788513365078,24.150002,7.74375,-28.368752
105845937718775,1788513365088,24.431252,7.8187504,-28.237501
105845947718775,1788513365098,24.468752,7.8562503,-28.218752
105845957718775,1788513365108,24.6375,7.8375,-28.25625
105845967718775,1788513365118,24.50625,7.74375,-28.031252
105845977718775,1788513365128,24.281252,7.65,-27.937502
105845987718775,1788513365138,24.31875,7.6125,-27.937502
105845997718775,1788513365148,24.487501,7.51875,-27.900002
105846007718775,1788513365158,24.4125,7.3875003,-27.768751
105846017718775,1788513365168,24.16875,7.36875,-27.73125
105846027718775,1788513365178,24.13125,7.425,-27.656252
105846037718775,1788513365188,23.8125,7.425,-27.618752
105846047718775,1788513365198,23.79375,7.4437504,-27.825
105846057718775,1788513365208,23.925001,7.51875,-27.956251
105846067718775,1788513365218,23.868752,7.3125005,-27.69375
105846077718775,1788513365228,23.6625,7.0125003,-27.7875
105846087718775,1788513365238,23.71875,7.1062503,-27.843752
105846097718775,1788513365248,23.8125,7.0312505,-28.125002
105846107718775,1788513365258,23.75625,6.7500005,-28.1625
105846117718775,1788513365268,23.94375,6.7500005,-28.125002
105846127718775,1788513365278,23.90625,6.4875,-27.993752
105846137718775,1788513365288,23.775002,6.1687503,-27.656252
105846147718775,1788513365298,23.85,6.3750005,-27.6375
105846157718775,1788513365308,24.018751,6.8250003,-27.525002
105846167718775,1788513365318,23.75625,6.7312503,-27.6
105846177718775,1788513365328,23.53125,6.6000004,-27.581251
105846187718775,1788513365338,23.493752,6.7312503,-27.712502
105846197718775,1788513365348,23.75625,6.5437503,-27.7875
105846207718775,1788513365358,23.8875,6.7125,-27.91875
105846217718775,1788513365368,23.94375,6.9,-28.25625
105846227718775,1788513365378,23.8125,6.8437505,-28.25625
105846237718775,1788513365388,23.775002,6.76875,-28.500002
105846247718775,1788513365398,23.94375,6.7500005,-28.3875
105846257718775,1788513365408,24.075,6.9750004,-28.181252
105846267718775,1788513365418,24.281252,7.1250005,-27.937502
105846277718775,1788513365428,23.925001,7.0875,-27.7875
105846287718775,1788513365438,23.831251,6.9187503,-27.806252
105846297718775,1788513365448,23.98125,6.9375005,-27.50625
105846307718775,1788513365458,24.243752,7.0125003,-27.69375
105846317718775,1788513365468,24.150002,7.14375,-27.562502
105846327718775,1788513365478,24.337502,7.18125,-27.562502
105846337718775,1788513365488,24.2625,7.0125003,-27.712502
105846347718775,1788513365498,24.187502,7.0312505,-27.69375
105846357718775,1788513365508,24.300001,7.2562504,-27.69375
105846367718775,1788513365518,24.337502,7.4062505,-27.50625
105846377718775,1788513365528,24.45,7.55625,-27.750002
105846387718775,1788513365538,24.112501,7.51875,-27.7875
105846397718775,1788513365548,24.281252,7.275,-27.768751
105846407718775,1788513365558,24.112501,7.2000003,-27.88125
105846417718775,1788513365568,24.206251,7.2937503,-27.975
105846427718775,1788513365578,24.150002,7.2000003,-28.10625
105846437718775,1788513365588,24.0375,7.0125003,-28.29375
105846447718775,1788513365598,24.018751,7.0875,-28.368752
105846457718775,1788513365608,23.775002,7.0312505,-28.312502
105846467718775,1788513365618,23.8875,7.05,-28.29375
105846477718775,1788513365628,23.8125,7.1625004,-28.218752
105846487718775,1788513365638,23.831251,7.275,-28.143751
105846497718775,1788513365648,23.868752,7.36875,-28.0125
105846507718775,1788513365658,23.962502,7.5375004,-28.10625
105846517718775,1788513365668,23.962502,7.4062505,-28.06875
105846527718775,1788513365678,24.112501,7.4062505,-28.29375
105846537718775,1788513365688,24.093752,7.36875,-28.25625
105846547718775,1788513365698,24.2625,7.275,-28.275002
105846557718775,1788513365708,24.35625,7.5000005,-28.48125
105846567718775,1788513365718,24.375002,7.74375,-28.650002
105846577718775,1788513365728,24.375002,7.74375,-28.650002
105846587718775,1788513365738,24.337502,7.5000005,-28.331251
105846597718775,1788513365748,24.45,7.70625,-28.35
105846607718775,1788513365758,24.468752,7.7250004,-28.237501
105846617718775,1788513365768,24.50625,7.7250004,-28.2
105846627718775,1788513365778,24.581251,7.55625,-28.312502
105846637718775,1788513365788,24.375002,7.2375,-28.10625
105846647718775,1788513365798,24.431252,7.14375,-28.050001
105846657718775,1788513365808,24.487501,7.0875,-28.143751
105846667718775,1788513365818,24.618752,7.2937503,-28.35
105846677718775,1788513365828,24.69375,7.275,-28.331251
105846687718775,1788513365838,24.487501,7.18125,-28.35
105846697718775,1788513365848,24.712502,7.14375,-28.518751
105846707718775,1788513365858,24.337502,7.3125005,-28.425001
105846717718775,1788513365868,24.525002,7.425,-28.593752
105846727718775,1788513365878,24.225,7.2375,-28.500002
105846737718775,1788513365888,24.31875,7.36875,-28.3875
105846747718775,1788513365898,24.2625,7.3125005,-28.500002
105846757718775,1788513365908,24.187502,7.4437504,-28.3875
105846767718775,1788513365918,24.056252,7.33125,-28.29375
105846777718775,1788513365928,23.71875,7.4437504,-28.29375
105846787718775,1788513365938,23.925001,7.5375004,-28.237501
105846797718775,1788513365948,23.8125,7.4062505,-27.88125
105846807718775,1788513365958,24.0375,7.51875,-27.843752
105846817718775,1788513365968,23.8875,7.3500004,-27.88125
105846827718775,1788513365978,23.94375,7.4625,-27.712502
105846837718775,1788513365988,23.925001,7.3500004,-27.73125
105846847718775,1788513365998,24.018751,7.5750003,-27.73125
105846857718775,1788513366008,24.281252,7.6687503,-27.6
105846867718775,1788513366018,24.393751,7.5000005,-27.487501
105846877718775,1788513366028,24.468752,7.51875,-27.6
105846887718775,1788513366038,24.50625,7.4625,-27.581251
105846897718775,1788513366048,24.337502,7.4812503,-27.562502
105846907718775,1788513366058,24.300001,7.3875003,-27.562502
105846917718775,1788513366068,24.281252,7.4062505,-27.675001
105846927718775,1788513366078,24.31875,7.18125,-27.675001
105846937718775,1788513366088,24.2625,7.2187505,-27.6
105846947718775,1788513366098,24.187502,7.3125005,-27.73125
105846957718775,1788513366108,24.206251,7.2937503,-27.937502
105846967718775,1788513366118,23.90625,7.18125,-27.88125
105846977718775,1788513366128,24.0,7.1625004,-28.10625
105846987718775,1788513366138,23.90625,7.2937503,-28.031252
105846997718775,1788513366148,23.94375,7.2562504,-28.125002
105847007718775,1788513366158,23.8125,7.5000005,-28.2
105847017718775,1788513366168,23.550001,7.3875003,-28.500002
105847027718775,1788513366178,23.325,7.1250005,-28.25625
105847037718775,1788513366188,23.175001,7.2187505,-28.125002
105847047718775,1788513366198,23.400002,7.0875,-28.10625
105847057718775,1788513366208,23.400002,6.99375,-27.7875
105847067718775,1788513366218,23.38125,6.7500005,-27.525002
105847077718775,1788513366228,23.4375,6.675,-27.2625
105847087718775,1788513366238,23.5125,6.6000004,-27.187502
105847097718775,1788513366248,23.71875,6.3375,-26.831251
105847107718775,1788513366258,24.112501,6.675,-26.868752
105847117718775,1788513366268,24.0,6.675,-27.0375
105847127718775,1788513366278,24.018751,6.9375005,-27.150002
105847137718775,1788513366288,24.2625,7.3125005,-27.150002
105847147718775,1788513366298,24.300001,7.2562504,-27.468752
105847157718775,1788513366308,24.35625,7.3500004,-27.562502
105847167718775,1788513366318,24.31875,7.3875003,-27.431252
105847177718775,1788513366328,24.4125,7.7250004,-27.581251
105847187718775,1788513366338,24.31875,7.6312504,-27.618752
105847197718775,1788513366348,24.581251,7.5750003,-27.54375
105847207718775,1788513366358,24.487501,7.4812503,-27.69375
105847217718775,1788513366368,24.225,7.3875003,-27.750002
105847227718775,1788513366378,24.375002,7.4437504,-27.712502
105847237718775,1788513366388,24.0375,7.33125,-27.618752
105847247718775,1788513366398,24.112501,7.2375,-27.6
105847257718775,1788513366408,24.112501,7.1062503,-27.656252
105847267718775,1788513366418,23.85,7.0312505,-27.806252
105847277718775,1788513366428,23.775002,7.0687504,-27.91875
105847287718775,1788513366438,23.85,6.99375,-27.6
105847297718775,1788513366448,24.0,6.7500005,-27.750002
105847307718775,1788513366458,24.018751,6.80625,-27.768751
105847317718775,1788513366468,24.112501,7.0875,-27.768751
105847327718775,1788513366478,24.150002,7.18125,-27.993752
105847337718775,1788513366488,24.093752,7.1625004,-28.06875
105847347718775,1788513366498,24.35625,7.0875,-28.0125
105847357718775,1788513366508,24.525002,6.9187503,-27.712502
105847367718775,1788513366518,24.45,7.05,-27.73125
105847377718775,1788513366528,24.225,7.275,-27.487501
105847387718775,1788513366538,24.150002,7.3500004,-27.375002
105847397718775,1788513366548,24.16875,7.18125,-27.54375
105847407718775,1788513366558,24.075,7.1062503,-27.525002
105847417718775,1788513366568,24.075,7.0125003,-27.431252
105847427718775,1788513366578,23.962502,7.0125003,-27.54375
105847437718775,1788513366588,23.8125,7.275,-27.375002
105847447718775,1788513366598,23.90625,7.3125005,-27.768751
105847457718775,1788513366608,24.093752,7.14375,-27.768751
105847467718775,1788513366618,24.0375,7.1062503,-27.900002
105847477718775,1788513366628,24.13125,7.0125003,-27.806252
105847487718775,1788513366638,24.187502,7.0125003,-27.937502
105847497718775,1788513366648,24.35625,7.2187505,-27.69375
105847507718775,1788513366658,24.35625,7.7250004,-27.73125
105847517718775,1788513366668,24.54375,7.65,-28.10625
105847527718775,1788513366678,24.656252,7.6312504,-27.750002
105847537718775,1788513366688,24.50625,7.8187504,-28.087502
105847547718775,1788513366698,24.375002,7.6687503,-28.1625
105847557718775,1788513366708,24.187502,7.6687503,-28.29375
105847567718775,1788513366718,24.187502,7.7250004,-28.2
105847577718775,1788513366728,23.925001,7.7250004,-28.406252
105847587718775,1788513366738,23.831251,7.5375004,-28.425001
105847597718775,1788513366748,23.71875,7.5000005,-28.44375
105847607718775,1788513366758,23.625,7.4437504,-28.7625
105847617718775,1788513366768,23.6625,7.36875,-28.5375
105847627718775,1788513366778,23.60625,7.5375004,-28.425001
105847637718775,1788513366788,23.60625,7.7812505,-28.331251
105847647718775,1788513366798,23.53125,7.5937505,-28.181252
105847657718775,1788513366808,23.925001,7.6125,-28.125002
105847667718775,1788513366818,24.093752,7.70625,-27.956251
105847677718775,1788513366828,24.0375,7.9125004,-27.993752
105847687718775,1788513366838,23.98125,8.137501,-27.843752
105847697718775,1788513366848,24.16875,8.08125,-27.806252
105847707718775,1788513366858,24.337502,8.025001,-28.125002
105847717718775,1788513366868,24.50625,7.8562503,-28.050001
105847727718775,1788513366878,24.656252,8.043751,-28.181252
105847737718775,1788513366888,24.375002,8.0625,-28.25625
105847747718775,1788513366898,24.393751,7.7250004,-28.06875
105847757718775,1788513366908,24.562502,7.4062505,-27.91875
105847767718775,1788513366918,24.525002,6.99375,-27.91875
105847777718775,1788513366928,24.50625,6.9750004,-27.993752
105847787718775,1788513366938,24.281252,6.8812504,-27.843752
105847797718775,1788513366948,24.375002,6.9750004,-27.975
105847807718775,1788513366958,24.337502,6.95625,-28.050001
105847817718775,1788513366968,24.525002,6.80625,-28.0125
105847827718775,1788513366978,24.393751,6.99375,-28.1625
105847837718775,1788513366988,24.300001,7.14375,-28.25625
105847847718775,1788513366998,24.393751,7.4625,-28.06875
105847857718775,1788513367008,24.187502,7.4062505,-27.993752
105847867718775,1788513367018,24.35625,7.5750003,-27.7875
105847877718775,1788513367028,24.0375,7.55625,-27.7875
105847887718775,1788513367038,23.868752,7.4437504,-27.35625
105847897718775,1788513367048,23.643751,7.3875003,-27.431252
105847907718775,1788513367058,23.79375,7.2375,-27.45
105847917718775,1788513367068,23.71875,7.2000003,-27.337502
105847927718775,1788513367078,23.831251,6.9750004,-27.31875
105847937718775,1788513367088,23.8875,7.0687504,-27.31875
105847947718775,1788513367098,24.075,7.1062503,-27.45
105847957718775,1788513367108,24.337502,7.0312505,-27.431252
105847967718775,1788513367118,24.393751,6.95625,-27.7875
105847977718775,1788513367128,24.393751,7.18125,-27.73125
105847987718775,1788513367138,24.281252,7.3125005,-28.0125
105847997718775,1788513367148,24.150002,7.3125005,-28.2
105848007718775,1788513367158,24.150002,7.5000005,-28.29375
105848017718775,1788513367168,24.093752,7.5937505,-28.29375
105848027718775,1788513367178,24.16875,7.5375004,-28.275002
105848037718775,1788513367188,24.13125,7.6125,-28.35
105848047718775,1788513367198,24.13125,7.74375,-28.218752
105848057718775,1788513367208,24.16875,7.6125,-28.2
105848067718775,1788513367218,24.206251,7.6125,-27.956251
105848077718775,1788513367228,24.225,7.65,-27.88125
105848087718775,1788513367238,24.0375,7.5937505,-27.88125
105848097718775,1788513367248,24.206251,7.4812503,-27.993752
105848107718775,1788513367258,23.79375,7.3875003,-27.937502
105848117718775,1788513367268,23.85,7.425,-27.937502
105848127718775,1788513367278,23.868752,7.3125005,-28.087502
105848137718775,1788513367288,23.775002,7.1250005,-27.806252
105848147718775,1788513367298,23.6625,6.9187503,-27.862501
105848157718775,1788513367308,23.79375,6.9187503,-27.6375
105848167718775,1788513367318,23.962502,6.76875,-27.656252
105848177718775,1788513367328,23.925001,6.8250003,-27.525002
105848187718775,1788513367338,23.8875,6.7312503,-27.6
105848197718775,1788513367348,23.6625,6.7500005,-27.6375
105848207718775,1788513367358,23.71875,6.8812504,-27.468752
105848217718775,1788513367368,23.6625,7.1250005,-27.6
105848227718775,1788513367378,23.550001,7.1625004,-27.393751
105848237718775,1788513367388,23.475,7.18125,-27.54375
105848247718775,1788513367398,23.306252,7.36875,-27.581251
105848257718775,1788513367408,23.23125,7.36875,-27.6
105848267718775,1788513367418,23.23125,7.5937505,-27.525002
105848277718775,1788513367428,23.1375,7.4437504,-27.112501
105848287718775,1788513367438,23.400002,7.6125,-27.13125
105848297718775,1788513367448,23.6625,7.51875,-27.150002
105848307718775,1788513367458,24.018751,7.5000005,-27.13125
105848317718775,1788513367468,24.112501,7.3500004,-27.187502
105848327718775,1788513367478,24.281252,7.18125,-27.187502
105848337718775,1788513367488,24.243752,7.2375,-27.243752
105848347718775,1788513367498,24.618752,7.2937503,-27.393751
105848357718775,1788513367508,24.975,7.2937503,-27.562502
105848367718775,1788513367518,24.88125,7.0687504,-27.750002
105848377718775,1788513367528,24.937502,6.76875,-27.73125
105848387718775,1788513367538,24.6375,7.05,-27.73125
105848397718775,1788513367548,24.768751,7.2187505,-27.7875
105848407718775,1788513367558,24.562502,7.4062505,-27.656252
105848417718775,1788513367568,24.618752,7.0687504,-27.375002
105848427718775,1788513367578,24.393751,6.99375,-27.375002
105848437718775,1788513367588,24.337502,6.80625,-27.6375
105848447718775,1788513367598,24.206251,6.80625,-27.468752
105848457718775,1788513367608,23.8875,7.0687504,-27.393751
105848467718775,1788513367618,24.0375,6.9187503,-27.525002
105848477718775,1788513367628,23.8875,6.8250003,-27.54375
105848487718775,1788513367638,23.962502,6.7312503,-27.768751
105848497718775,1788513367648,24.075,6.99375,-28.10625
105848507718775,1788513367658,24.187502,6.80625,-27.993752
105848517718775,1788513367668,24.0375,7.1062503,-27.900002
105848527718775,1788513367678,24.075,6.99375,-27.91875
105848537718775,1788513367688,24.225,7.0875,-28.050001
105848547718775,1788513367698,24.225,6.9187503,-28.050001
105848557718775,1788513367708,24.337502,6.9375005,-27.7875
105848567718775,1788513367718,24.393751,7.0125003,-27.6375
105848577718775,1788513367728,24.13125,7.0687504,-27.581251
105848587718775,1788513367738,24.056252,7.05,-27.656252
105848597718775,1788513367748,24.150002,6.95625,-27.562502
105848607718775,1788513367758,23.962502,7.1625004,-27.618752
105848617718775,1788513367768,23.79375,7.18125,-27.581251
105848627718775,1788513367778,23.7,7.51875,-27.69375
105848637718775,1788513367788,23.550001,7.36875,-27.806252
105848647718775,1788513367798,23.2875,7.2937503,-27.956251
105848657718775,1788513367808,23.456251,6.99375,-27.975
105848667718775,1788513367818,23.212502,7.1062503,-28.29375
105848677718775,1788513367828,23.118752,7.0687504,-28.48125
105848687718775,1788513367838,23.325,7.05,-28.425001
105848697718775,1788513367848,23.4375,7.0312505,-28.518751
105848707718775,1788513367858,23.53125,6.9375005,-28.3875
105848717718775,1788513367868,23.456251,7.14375,-28.425001
105848727718775,1788513367878,23.79375,7.1625004,-28.3875
105848737718775,1788513367888,23.6625,7.33125,-28.331251
105848747718775,1788513367898,24.018751,7.51875,-27.975
105848757718775,1788513367908,23.94375,7.51875,-27.768751
105848767718775,1788513367918,23.8875,7.36875,-27.862501
105848777718775,1788513367928,23.85,7.4062505,-27.862501
105848787718775,1788513367938,23.85,7.6312504,-28.218752
105848797718775,1788513367948,23.925001,7.6125,-28.237501
105848807718775,1788513367958,23.85,7.6312504,-28.35
105848817718775,1788513367968,23.85,7.5937505,-28.218752
105848827718775,1788513367978,23.7,7.425,-28.25625
105848837718775,1788513367988,23.831251,7.3500004,-28.312502
105848847718775,1788513367998,23.90625,7.3875003,-28.29375
105848857718775,1788513368008,24.0,7.2937503,-28.2
105848867718775,1788513368018,23.85,6.95625,-27.487501
105848877718775,1788513368028,23.85,6.8625,-27.35625
105848887718775,1788513368038,23.71875,6.76875,-27.0375
105848897718775,1788513368048,24.093752,6.8250003,-27.13125
105848907718775,1788513368058,24.112501,6.8437505,-27.243752
105848917718775,1788513368068,24.243752,6.99375,-26.8875
105848927718775,1788513368078,24.075,7.05,-26.812502
105848937718775,1788513368088,23.90625,7.1062503,-26.718752
105848947718775,1788513368098,23.85,7.14375,-27.093752
105848957718775,1788513368108,23.8875,7.3125005,-27.243752
105848967718775,1788513368118,23.831251,7.5937505,-27.393751
105848977718775,1788513368128,23.34375,7.7250004,-27.35625
105848987718775,1788513368138,23.53125,7.65,-27.35625
105848997718775,1788513368148,23.25,7.7625003,-27.618752
105849007718775,1788513368158,23.4375,7.6875005,-27.525002
105849017718775,1788513368168,23.550001,7.6125,-27.750002
105849027718775,1788513368178,23.60625,7.6687503,-28.031252
105849037718775,1788513368188,23.643751,7.6687503,-27.937502
105849047718775,1788513368198,23.831251,7.65,-28.031252
105849057718775,1788513368208,24.150002,7.5375004,-27.937502
105849067718775,1788513368218,23.8875,7.5000005,-27.862501
105849077718775,1788513368228,24.0,7.1625004,-27.806252
105849087718775,1788513368238,23.7,7.3125005,-28.10625
105849097718775,1788513368248,23.587502,7.3875003,-28.218752
105849107718775,1788513368258,23.625,7.33125,-28.1625
105849117718775,1788513368268,23.8875,7.1062503,-27.91875
105849127718775,1788513368278,23.831251,7.0875,-27.806252
105849137718775,1788513368288,23.71875,6.95625,-28.10625
105849147718775,1788513368298,23.868752,7.0312505,-27.91875
105849157718775,1788513368308,23.962502,7.275,-28.050001
105849167718775,1788513368318,23.98125,7.0875,-27.7875
105849177718775,1788513368328,23.925001,6.8812504,-27.50625
105849187718775,1788513368338,23.98125,6.80625,-27.50625
105849197718775,1788513368348,23.643751,6.8812504,-27.825
105849207718775,1788513368358,23.5125,6.7125,-27.843752
105849217718775,1788513368368,23.643751,6.9375005,-27.6375
105849227718775,1788513368378,23.6625,7.0875,-27.806252
105849237718775,1788513368388,23.53125,6.9375005,-27.843752
105849247718775,1788513368398,23.8875,6.95625,-27.993752
105849257718775,1788513368408,24.056252,7.0687504,-28.143751
105849267718775,1788513368418,24.187502,7.3875003,-28.087502
105849277718775,1788513368428,24.150002,7.2562504,-28.181252
105849287718775,1788513368438,24.243752,7.2937503,-28.087502
105849297718775,1788513368448,24.300001,7.3125005,-28.331251
105849307718775,1788513368458,24.206251,7.3500004,-28.35
105849317718775,1788513368468,24.150002,7.5000005,-28.35
105849327718775,1788513368478,23.925001,7.6875005,-28.3875
105849337718775,1788513368488,23.775002,7.93125,-28.406252
105849347718775,1788513368498,23.587502,7.65,-28.1625
105849357718775,1788513368508,23.775002,7.8750005,-28.06875
105849367718775,1788513368518,23.90625,7.8562503,-28.368752
105849377718775,1788513368528,23.71875,7.5375004,-28.06875
105849387718775,1788513368538,23.79375,7.2375,-28.0125
105849397718775,1788513368548,23.8125,7.4437504,-27.900002
105849407718775,1788513368558,23.90625,7.3875003,-27.73125
105849417718775,1788513368568,24.13125,7.0687504,-27.50625
105849427718775,1788513368578,24.187502,7.1062503,-27.562502
105849437718775,1788513368588,23.94375,6.9750004,-27.6
105849447718775,1788513368598,23.79375,7.0312505,-27.50625
105849457718775,1788513368608,23.8875,7.2187505,-27.843752
105849467718775,1788513368618,23.681252,7.5000005,-27.937502
105849477718775,1788513368628,23.71875,7.14375,-28.0125
105849487718775,1788513368638,23.643751,7.0312505,-28.25625
105849497718775,1788513368648,23.625,7.1625004,-28.518751
105849507718775,1788513368658,23.681252,7.275,-28.575
105849517718775,1788513368668,23.90625,7.36875,-28.556252
105849527718775,1788513368678,23.831251,7.2937503,-28.500002
105849537718775,1788513368688,23.7,7.2375,-28.706251
105849547718775,1788513368698,23.75625,7.2375,-28.650002
105849557718775,1788513368708,23.775002,7.275,-28.725
105849567718775,1788513368718,23.868752,7.4625,-28.593752
105849577718775,1788513368728,24.056252,7.5000005,-28.612501
105849587718775,1788513368738,24.056252,7.4062505,-28.706251
105849597718775,1788513368748,23.85,7.3125005,-28.593752
105849607718775,1788513368758,23.94375,7.3125005,-28.44375
105849617718775,1788513368768,24.075,7.2375,-28.143751
105849627718775,1788513368778,23.98125,7.0687504,-28.125002
105849637718775,1788513368788,24.0,7.1062503,-28.125002
105849647718775,1788513368798,23.8875,7.0125003,-28.25625
105849657718775,1788513368808,23.85,6.7500005,-28.312502
105849667718775,1788513368818,23.925001,6.8250003,-28.25625
105849677718775,1788513368828,24.0,6.8812504,-28.368752
105849687718775,1788513368838,24.16875,7.0687504,-28.575
105849697718775,1788513368848,24.16875,7.33125,-28.5375
105849707718775,1788513368858,24.187502,7.5000005,-28.650002
105849717718775,1788513368868,24.393751,7.6687503,-28.7625
105849727718775,1788513368878,24.243752,7.74375,-28.44375
105849737718775,1788513368888,24.16875,7.89375,-28.25625
105849747718775,1788513368898,24.0,7.8187504,-28.29375
105849757718775,1788513368908,24.0375,7.93125,-28.087502
105849767718775,1788513368918,23.85,7.8375,-27.91875
105849777718775,1788513368928,23.8125,7.93125,-27.712502
105849787718775,1788513368938,23.85,7.7812505,-27.6
105849797718775,1788513368948,23.71875,7.6125,-27.54375
105849807718775,1788513368958,23.831251,7.425,-27.7875
105849817718775,1788513368968,23.775002,7.5000005,-28.0125
105849827718775,1788513368978,23.75625,7.6875005,-27.843752
105849837718775,1788513368988,23.681252,7.3500004,-27.937502
105849847718775,1788513368998,23.8875,7.425,-27.993752
105849857718775,1788513369008,23.587502,7.1250005,-28.143751
105849867718775,1788513369018,23.868752,7.33125,-28.181252
105849877718775,1788513369028,23.98125,7.275,-28.06875
105849887718775,1788513369038,23.79375,7.3875003,-27.937502
105849897718775,1788513369048,23.79375,7.33125,-27.656252
105849907718775,1788513369058,24.018751,7.2187505,-27.7875
105849917718775,1788513369068,24.16875,7.36875,-27.843752
105849927718775,1788513369078,24.093752,7.2375,-27.956251
105849937718775,1788513369088,24.468752,7.3125005,-28.087502
105849947718775,1788513369098,24.16875,7.275,-28.0125
105849957718775,1788513369108,23.868752,7.36875,-27.862501
105849967718775,1788513369118,24.150002,7.3500004,-27.862501
105849977718775,1788513369128,23.98125,7.425,-27.91875
105849987718775,1788513369138,23.79375,7.2187505,-27.73125
105849997718775,1788513369148,23.6625,7.0875,-27.825
105850007718775,1788513369158,23.7,6.9750004,-27.712502
105850017718775,1788513369168,23.71875,6.9187503,-27.7875
105850027718775,1788513369178,23.962502,6.7875004,-27.6375
105850037718775,1788513369188,24.018751,6.58125,-27.900002
105850047718775,1788513369198,24.093752,6.7875004,-28.10625
105850057718775,1788513369208,24.35625,6.8812504,-28.181252
105850067718775,1788513369218,24.54375,7.1062503,-28.29375
105850077718775,1788513369228,24.6,7.1625004,-28.143751
105850087718775,1788513369238,24.618752,7.3500004,-28.35
105850097718775,1788513369248,24.525002,7.2375,-28.312502
105850107718775,1788513369258,24.768751,7.3125005,-28.556252
105850117718775,1788513369268,24.843752,7.6125,-28.5375
105850127718775,1788513369278,24.675001,7.51875,-28.406252
105850137718775,1788513369288,24.656252,7.275,-28.275002
105850147718775,1788513369298,24.562502,7.1625004,-28.275002
105850157718775,1788513369308,24.431252,7.4812503,-28.462502
105850167718775,1788513369318,24.45,7.5000005,-28.218752
105850177718775,1788513369328,24.45,7.70625,-27.975
105850187718775,1788513369338,24.13125,7.4437504,-27.750002
105850197718775,1788513369348,24.393751,7.2000003,-27.618752
105850207718775,1788513369358,24.393751,7.2187505,-27.712502
105850217718775,1788513369368,24.31875,7.3875003,-27.750002
105850227718775,1788513369378,24.375002,7.6312504,-27.712502
105850237718775,1788513369388,24.45,7.18125,-27.525002
105850247718775,1788513369398,24.468752,7.0687504,-27.54375
105850257718775,1788513369408,24.35625,6.9750004,-27.6375
105850267718775,1788513369418,24.225,7.18125,-27.54375
105850277718775,1788513369428,24.0375,7.425,-27.69375
105850287718775,1788513369438,24.093752,7.4062505,-27.487501
105850297718775,1788513369448,24.112501,7.3125005,-27.468752
105850307718775,1788513369458,24.018751,7.0125003,-27.525002
105850317718775,1788513369468,24.093752,7.33125,-27.487501
105850327718775,1788513369478,24.075,7.4062505,-27.468752
105850337718775,1788513369488,24.150002,7.5937505,-27.581251
105850347718775,1788513369498,24.093752,7.7812505,-28.087502
105850357718775,1788513369508,24.018751,7.70625,-28.2
105850367718775,1788513369518,24.16875,7.6125,-28.143751
105850377718775,1788513369528,24.0,7.6875005,-28.35
105850387718775,1788513369538,24.16875,7.65,-28.25625
105850397718775,1788513369548,24.150002,7.6312504,-28.425001
105850407718775,1788513369558,23.8875,7.6875005,-28.518751
105850417718775,1788513369568,23.962502,7.425,-28.087502
105850427718775,1788513369578,24.093752,7.275,-27.73125
105850437718775,1788513369588,24.075,7.2000003,-27.431252
105850447718775,1788513369598,23.79375,7.2375,-27.712502
105850457718775,1788513369608,23.868752,7.2937503,-27.69375
105850467718775,1788513369618,23.550001,7.33125,-27.956251
105850477718775,1788513369628,23.493752,7.3125005,-27.88125
105850487718775,1788513369638,23.643751,7.2375,-27.937502
105850497718775,1788513369648,23.71875,7.1625004,-28.237501
105850507718775,1788513369658,23.6625,7.1062503,-28.237501
105850517718775,1788513369668,23.550001,7.1625004,-28.406252
105850527718775,1788513369678,23.587502,7.1250005,-28.312502
105850537718775,1788513369688,23.71875,7.1250005,-28.125002
105850547718775,1788513369698,23.85,6.99375,-28.125002
105850557718775,1788513369708,23.85,6.8437505,-27.937502
105850567718775,1788513369718,23.775002,7.0125003,-27.900002
105850577718775,1788513369728,23.60625,7.0875,-27.900002
105850587718775,1788513369738,23.60625,7.05,-27.900002
105850597718775,1788513369748,23.71875,7.0312505,-27.825
105850607718775,1788513369758,23.85,7.2000003,-27.862501
105850617718775,1788513369768,23.98125,7.1062503,-27.937502
105850627718775,1788513369778,23.94375,7.14375,-27.656252
105850637718775,1788513369788,24.056252,7.2375,-27.768751
105850647718775,1788513369798,24.206251,6.9375005,-27.562502
105850657718775,1788513369808,24.45,7.05,-27.562502
105850667718775,1788513369818,24.6,7.14375,-27.618752
105850677718775,1788513369828,24.45,7.05,-27.487501
105850687718775,1788513369838,24.393751,6.76875,-27.581251
105850697718775,1788513369848,24.337502,6.76875,-27.675001
105850707718775,1788513369858,24.056252,7.2187505,-27.712502
105850717718775,1788513369868,24.0,7.2937503,-27.750002
105850727718775,1788513369878,24.056252,7.4062505,-27.825
105850737718775,1788513369888,24.0,7.2187505,-28.06875
105850747718775,1788513369898,24.056252,7.2375,-27.993752
105850757718775,1788513369908,24.243752,7.2375,-28.087502
105850767718775,1788513369918,24.225,7.36875,-27.993752
105850777718775,1788513369928,24.093752,7.36875,-27.900002
105850787718775,1788513369938,24.375002,7.05,-28.050001
105850797718775,1788513369948,24.4125,6.99375,-28.181252
105850807718775,1788513369958,24.4125,7.0875,-28.275002
105850817718775,1788513369968,24.31875,7.425,-27.806252
105850827718775,1788513369978,24.206251,7.4437504,-27.73125
105850837718775,1788513369988,24.31875,7.51875,-27.937502
105850847718775,1788513369998,24.206251,7.5750003,-27.806252
105850857718775,1788513370008,24.300001,7.5750003,-27.712502
105850867718775,1788513370018,24.187502,7.6687503,-27.618752
105850877718775,1788513370028,24.093752,7.55625,-27.243752
105850887718775,1788513370038,24.093752,7.6125,-27.300001
105850897718775,1788513370048,24.13125,7.4812503,-27.525002
105850907718775,1788513370058,23.94375,7.51875,-27.768751
105850917718775,1788513370068,23.925001,7.5000005,-27.562502
105850927718775,1788513370078,24.056252,7.4625,-27.581251
105850937718775,1788513370088,24.0,7.275,-27.712502
105850947718775,1788513370098,24.150002,7.2562504,-27.806252
105850957718775,1788513370108,24.075,7.275,-27.937502
105850967718775,1788513370118,23.8875,7.0687504,-27.750002
105850977718775,1788513370128,23.775002,7.33125,-27.88125
105850987718775,1788513370138,23.868752,7.425,-27.825
105850997718775,1788513370148,23.831251,7.3875003,-27.937502
105851007718775,1788513370158,23.831251,7.3875003,-27.900002
105851017718775,1788513370168,23.85,7.6687503,-27.956251
105851027718775,1788513370178,23.6625,7.7625003,-28.050001
105851037718775,1788513370188,23.831251,8.212501,-28.25625
105851047718775,1788513370198,23.868752,8.325001,-28.5375
105851057718775,1788513370208,23.962502,8.1,-28.3875
105851067718775,1788513370218,24.206251,7.93125,-28.25625
105851077718775,1788513370228,24.281252,7.9687505,-28.181252
105851087718775,1788513370238,24.35625,8.1,-28.237501
105851097718775,1788513370248,24.54375,7.9125004,-28.2
105851107718775,1788513370258,24.712502,7.74375,-28.031252
105851117718775,1788513370268,24.7875,7.3500004,-27.843752
105851127718775,1788513370278,24.581251,7.2000003,-27.862501
105851137718775,1788513370288,24.54375,7.2375,-27.768751
105851147718775,1788513370298,24.337502,7.275,-27.7875
105851157718775,1788513370308,24.337502,7.2000003,-27.73125
105851167718775,1788513370318,24.13125,6.9187503,-27.6375
105851177718775,1788513370328,23.925001,6.9750004,-27.581251
105851187718775,1788513370338,23.85,7.0687504,-27.6
105851197718775,1788513370348,23.75625,7.1625004,-27.54375
105851207718775,1788513370358,24.0,7.2562504,-27.13125
105851217718775,1788513370368,24.018751,7.0875,-27.243752
105851227718775,1788513370378,24.16875,6.9,-27.281252
105851237718775,1788513370388,24.075,7.0875,-27.35625
105851247718775,1788513370398,24.093752,7.2937503,-27.35625
105851257718775,1788513370408,24.112501,7.4062505,-27.4125
105851267718775,1788513370418,24.056252,7.3500004,-27.281252
105851277718775,1788513370428,24.243752,7.3125005,-27.468752
105851287718775,1788513370438,24.0,7.2187505,-27.750002
105851297718775,1788513370448,23.94375,7.2937503,-27.750002
105851307718775,1788513370458,23.643751,7.18125,-28.0125
105851317718775,1788513370468,23.60625,6.99375,-28.25625
105851327718775,1788513370478,23.90625,6.9,-28.518751
105851337718775,1788513370488,23.85,6.9187503,-28.275002
105851347718775,1788513370498,23.94375,7.0875,-28.35
105851357718775,1788513370508,23.737501,7.05,-28.2
105851367718775,1788513370518,23.8875,7.2000003,-28.143751
105851377718775,1788513370528,23.925001,6.9750004,-28.2
105851387718775,1788513370538,24.281252,7.18125,-27.750002
105851397718775,1788513370548,24.375002,7.275,-27.375002
105851407718775,1788513370558,24.187502,7.2375,-27.112501
105851417718775,1788513370568,24.0375,7.14375,-27.225
105851427718775,1788513370578,23.8125,6.9375005,-27.337502
105851437718775,1788513370588,23.6625,6.9187503,-27.2625
105851447718775,1788513370598,23.625,6.7875004,-27.112501
105851457718775,1788513370608,23.56875,6.9,-26.94375
105851467718775,1788513370618,23.493752,6.9750004,-26.98125
105851477718775,1788513370628,23.325,6.9,-27.281252
105851487718775,1788513370638,23.19375,7.0875,-27.16875
105851497718775,1788513370648,23.268751,7.0125003,-27.000002
105851507718775,1788513370658,23.38125,7.0125003,-26.94375
105851517718775,1788513370668,23.493752,6.9375005,-27.150002
105851527718775,1788513370678,23.625,6.9,-27.4125
105851537718775,1788513370688,23.625,7.0875,-27.6
105851547718775,1788513370698,23.306252,6.9,-27.712502
105851557718775,1788513370708,23.400002,7.05,-27.675001
105851567718775,1788513370718,23.625,6.7312503,-27.956251
105851577718775,1788513370728,23.475,6.7312503,-27.862501
105851587718775,1788513370738,23.625,6.7312503,-28.050001
105851597718775,1788513370748,23.8875,6.95625,-27.806252
105851607718775,1788513370758,23.94375,6.95625,-27.768751
105851617718775,1788513370768,24.0,6.7312503,-27.768751
105851627718775,1788513370778,24.206251,6.7125,-27.900002
105851637718775,1788513370788,24.16875,6.6000004,-27.712502
105851647718775,1788513370798,24.093752,6.8625,-27.6
105851657718775,1788513370808,24.2625,6.99375,-27.750002
105851667718775,1788513370818,24.4125,7.2562504,-27.73125
105851677718775,1788513370828,24.13125,7.0125003,-28.0125
105851687718775,1788513370838,24.056252,7.1625004,-27.91875
105851697718775,1788513370848,24.150002,7.3875003,-27.91875
105851707718775,1788513370858,24.150002,7.6687503,-27.91875
105851717718775,1788513370868,24.112501,7.5375004,-27.900002
105851727718775,1788513370878,24.16875,7.4062505,-27.937502
105851737718775,1788513370888,24.281252,7.275,-27.88125
105851747718775,1788513370898,24.056252,7.0312505,-27.45
105851757718775,1788513370908,24.225,7.2187505,-27.45
105851767718775,1788513370918,24.31875,6.95625,-27.656252
105851777718775,1788513370928,24.187502,6.9750004,-27.4125
105851787718775,1788513370938,24.300001,6.8437505,-27.487501
105851797718775,1788513370948,24.431252,7.0312505,-27.6
105851807718775,1788513370958,24.2625,7.1625004,-27.768751
105851817718775,1788513370968,24.16875,7.1250005,-27.937502
105851827718775,1788513370978,24.337502,7.33125,-28.1625
105851837718775,1788513370988,24.243752,7.2562504,-28.031252
105851847718775,1788513370998,24.31875,7.4625,-27.7875
105851857718775,1788513371008,24.206251,7.4437504,-27.750002
105851867718775,1788513371018,24.150002,7.5000005,-27.562502
105851877718775,1788513371028,23.90625,7.4437504,-27.6
105851887718775,1788513371038,24.112501,7.425,-27.393751
105851897718775,1788513371048,24.150002,7.33125,-27.618752
105851907718775,1788513371058,23.925001,7.2375,-27.6
105851917718775,1788513371068,23.98125,7.3500004,-27.806252
105851927718775,1788513371078,23.868752,7.2000003,-27.862501
105851937718775,1788513371088,24.112501,7.1062503,-28.031252
105851947718775,1788513371098,23.8875,6.95625,-28.06875
105851957718775,1788513371108,24.2625,6.8812504,-27.975
105851967718775,1788513371118,24.056252,6.6937504,-27.862501
105851977718775,1788513371128,23.85,6.9,-27.806252
105851987718775,1788513371138,24.093752,7.05,-27.975
105851997718775,1788513371148,24.13125,7.0312505,-27.806252
105852007718775,1788513371158,24.056252,7.2562504,-27.993752
105852017718775,1788513371168,23.7,7.2562504,-28.0125
105852027718775,1788513371178,23.868752,7.2937503,-27.993752
105852037718775,1788513371188,23.475,7.2937503,-28.10625
105852047718775,1788513371198,23.4375,7.5750003,-28.368752
105852057718775,1788513371208,23.75625,7.6687503,-28.3875
105852067718775,1788513371218,23.737501,7.8,-28.331251
105852077718775,1788513371228,23.681252,7.7625003,-28.425001
105852087718775,1788513371238,23.53125,7.8,-28.237501
105852097718775,1788513371248,23.56875,7.8,-28.143751
105852107718775,1788513371258,23.53125,7.9125004,-28.125002
105852117718775,1788513371268,23.8125,8.0625,-28.087502
105852127718775,1788513371278,23.8875,7.8562503,-28.031252
105852137718775,1788513371288,23.8875,7.8,-27.900002
105852147718775,1788513371298,23.625,7.36875,-28.031252
105852157718775,1788513371308,23.550001,7.4625,-28.050001
105852167718775,1788513371318,23.737501,7.33125,-28.050001
105852177718775,1788513371328,23.737501,7.2937503,-28.10625
105852187718775,1788513371338,23.831251,7.33125,-28.29375
105852197718775,1788513371348,23.587502,7.2937503,-28.2
105852207718775,1788513371358,23.53125,7.3500004,-28.0125
105852217718775,1788513371368,23.475,7.4625,-27.825
105852227718775,1788513371378,23.75625,7.65,-27.468752
105852237718775,1788513371388,23.625,7.4437504,-27.337502
105852247718775,1788513371398,23.71875,7.3125005,-27.337502
105852257718775,1788513371408,23.8875,7.2937503,-27.31875
105852267718775,1788513371418,23.962502,7.18125,-27.150002
105852277718775,1788513371428,24.225,6.8250003,-27.150002
105852287718775,1788513371438,24.16875,6.8437505,-27.300001
105852297718775,1788513371448,23.90625,6.6000004,-27.281252
105852307718775,1788513371458,23.90625,6.6937504,-27.431252
105852317718775,1788513371468,24.056252,6.6562505,-27.618752
105852327718775,1788513371478,23.75625,6.8437505,-27.6375
105852337718775,1788513371488,23.6625,6.9750004,-27.656252
105852347718775,1788513371498,23.6625,7.1250005,-27.618752
105852357718775,1788513371508,23.493752,7.5750003,-27.581251
105852367718775,1788513371518,23.6625,7.33125,-27.45
105852377718775,1788513371528,24.112501,7.5750003,-27.54375
105852387718775,1788513371538,23.90625,7.5000005,-27.6
105852397718775,1788513371548,24.093752,7.5937505,-27.4125
105852407718775,1788513371558,24.31875,7.51875,-27.281252
105852417718775,1788513371568,24.656252,7.275,-27.337502
105852427718775,1788513371578,24.487501,7.2187505,-27.31875
105852437718775,1788513371588,24.6375,7.05,-27.45
105852447718775,1788513371598,24.675001,7.3875003,-27.69375
105852457718775,1788513371608,24.50625,7.4812503,-27.675001
105852467718775,1788513371618,24.618752,7.6125,-27.6375
105852477718775,1788513371628,24.281252,7.55625,-27.581251
105852487718775,1788513371638,24.243752,7.5937505,-27.900002
105852497718775,1788513371648,24.056252,7.8375,-27.975
105852507718775,1788513371658,24.112501,7.8,-27.73125
105852517718775,1788513371668,23.962502,7.9875,-27.6
105852527718775,1788513371678,24.018751,7.8,-27.69375
105852537718775,1788513371688,23.8875,7.5750003,-27.712502
105852547718775,1788513371698,23.8875,7.3875003,-27.525002
105852557718775,1788513371708,23.925001,7.33125,-27.712502
105852567718775,1788513371718,23.90625,7.275,-27.4125
105852577718775,1788513371728,23.962502,7.2000003,-27.31875
105852587718775,1788513371738,23.868752,7.3875003,-27.656252
105852597718775,1788513371748,23.90625,7.0312505,-27.88125
105852607718775,1788513371758,24.0,7.14375,-27.768751
105852617718775,1788513371768,24.075,7.05,-27.900002
105852627718775,1788513371778,24.075,6.9,-28.218752
105852637718775,1788513371788,24.281252,7.0125003,-27.937502
105852647718775,1788513371798,24.393751,6.9750004,-28.050001
105852657718775,1788513371808,24.468752,6.95625,-27.993752
105852667718775,1788513371818,24.525002,6.7125,-28.06875
105852677718775,1788513371828,24.431252,6.6375003,-27.975
105852687718775,1788513371838,24.525002,6.5625005,-27.88125
105852697718775,1788513371848,24.54375,6.6937504,-27.956251
105852707718775,1788513371858,24.54375,6.7875004,-27.88125
105852717718775,1788513371868,24.393751,6.6937504,-28.1625
105852727718775,1788513371878,24.393751,6.8437505,-28.1625
105852737718775,1788513371888,24.50625,6.80625,-28.143751
105852747718775,1788513371898,24.562502,6.80625,-28.06875
105852757718775,1788513371908,24.6375,7.2000003,-28.10625
105852767718775,1788513371918,24.468752,7.3875003,-28.35
105852777718775,1788513371928,24.45,7.4437504,-28.275002
105852787718775,1788513371938,24.31875,7.425,-28.143751
105852797718775,1788513371948,24.300001,7.4812503,-28.218752
105852807718775,1788513371958,24.187502,7.3125005,-28.087502
105852817718775,1788513371968,23.90625,7.4812503,-28.1625
105852827718775,1788513371978,23.8875,7.55625,-28.050001
105852837718775,1788513371988,23.8875,7.5937505,-27.825
105852847718775,1788513371998,23.94375,7.3875003,-27.656252
105852857718775,1788513372008,23.962502,7.33125,-27.35625
105852867718775,1788513372018,24.187502,7.4625,-27.712502
105852877718775,1788513372028,24.300001,7.5750003,-27.375002
105852887718775,1788513372038,24.31875,7.7812505,-27.581251
105852897718775,1788513372048,24.243752,7.7250004,-27.468752
105852907718775,1788513372058,24.243752,7.6312504,-27.656252
105852917718775,1788513372068,24.468752,7.51875,-27.750002
105852927718775,1788513372078,24.35625,7.5750003,-27.675001
105852937718775,1788513372088,24.206251,7.4812503,-27.825
105852947718775,1788513372098,24.112501,7.36875,-27.45
105852957718775,1788513372108,24.093752,7.36875,-27.750002
105852967718775,1788513372118,24.112501,7.3125005,-27.45
105852977718775,1788513372128,24.31875,7.18125,-27.750002
105852987718775,1788513372138,24.393751,7.2937503,-27.54375
105852997718775,1788513372148,24.468752,7.2375,-27.656252
105853007718775,1788513372158,24.54375,7.1062503,-27.54375
105853017718775,1788513372168,24.618752,7.1625004,-27.69375
105853027718775,1788513372178,24.6,7.0125003,-27.900002
105853037718775,1788513372188,24.54375,7.14375,-27.712502
105853047718775,1788513372198,24.431252,7.1062503,-27.975
105853057718775,1788513372208,24.337502,7.2562504,-27.937502
105853067718775,1788513372218,24.075,7.2375,-28.125002
105853077718775,1788513372228,23.60625,7.4437504,-28.06875
105853087718775,1788513372238,23.456251,7.5937505,-28.275002
105853097718775,1788513372248,23.53125,7.36875,-27.956251
105853107718775,1788513372258,23.587502,7.65,-27.91875
105853117718775,1788513372268,23.7,7.4625,-27.993752
105853127718775,1788513372278,23.8125,7.4062505,-28.10625
105853137718775,1788513372288,23.75625,7.4062505,-27.825
105853147718775,1788513372298,23.868752,7.4812503,-27.750002
105853157718775,1788513372308,24.093752,7.275,-27.750002
105853167718775,1788513372318,24.337502,7.18125,-27.825
105853177718775,1788513372328,24.075,7.2937503,-28.050001
105853187718775,1788513372338,23.7,7.3125005,-28.050001
105853197718775,1788513372348,23.456251,7.2937503,-28.087502
105853207718775,1788513372358,23.41875,7.33125,-27.937502
105853217718775,1788513372368,23.41875,7.36875,-27.993752
105853227718775,1788513372378,23.325,7.1250005,-27.73125
105853237718775,1788513372388,22.987501,7.36875,-27.768751
105853247718775,1788513372398,22.78125,7.55625,-27.656252
105853257718775,1788513372408,22.931252,7.65,-27.581251
105853267718775,1788513372418,23.306252,7.5375004,-27.525002
105853277718775,1788513372428,23.550001,7.4625,-27.487501
105853287718775,1788513372438,23.737501,7.74375,-27.31875
105853297718775,1788513372448,23.71875,7.6312504,-27.431252
105853307718775,1788513372458,23.962502,7.6687503,-27.54375
105853317718775,1788513372468,24.375002,7.36875,-27.337502
105853327718775,1788513372478,24.300001,7.2937503,-27.13125
105853337718775,1788513372488,24.468752,7.425,-27.056252
105853347718775,1788513372498,24.431252,7.36875,-27.150002
105853357718775,1788513372508,24.337502,7.4625,-27.150002
105853367718775,1788513372518,24.0375,7.1250005,-27.225
105853377718775,1788513372528,24.093752,7.1062503,-27.150002
105853387718775,1788513372538,24.13125,7.275,-27.31875
105853397718775,1788513372548,24.225,7.4437504,-27.6375
105853407718775,1788513372558,24.337502,7.1625004,-27.73125
105853417718775,1788513372568,24.16875,6.9,-27.88125
105853427718775,1788513372578,24.300001,6.9750004,-27.88125
105853437718775,1788513372588,24.337502,6.7500005,-27.825
105853447718775,1788513372598,24.45,6.7500005,-28.0125
105853457718775,1788513372608,24.525002,6.8437505,-28.181252
105853467718775,1788513372618,24.525002,6.9,-28.35
105853477718775,1788513372628,24.075,6.8625,-28.312502
105853487718775,1788513372638,24.0375,7.1250005,-28.44375
105853497718775,1788513372648,24.225,7.4812503,-28.406252
105853507718775,1788513372658,23.925001,7.5750003,-28.087502
105853517718775,1788513372668,24.0,8.175,-28.25625
105853527718775,1788513372678,24.056252,8.325001,-28.125002
105853537718775,1788513372688,24.093752,8.418751,-28.125002
105853547718775,1788513372698,23.925001,8.15625,-28.06875
105853557718775,1788513372708,24.281252,8.1,-28.0125
105853567718775,1788513372718,24.35625,7.9875,-27.900002
105853577718775,1788513372728,24.281252,7.8,-27.937502
105853587718775,1788513372738,24.393751,7.55625,-28.10625
105853597718775,1788513372748,24.31875,7.2562504,-27.900002
105853607718775,1788513372758,24.393751,7.2187505,-27.937502
105853617718775,1788513372768,24.45,7.1250005,-27.88125
105853627718775,1788513372778,24.73125,7.1625004,-27.73125
105853637718775,1788513372788,24.581251,7.1625004,-27.618752
105853647718775,1788513372798,24.525002,7.1250005,-27.618752
105853657718775,1788513372808,24.431252,7.1250005,-27.862501
105853667718775,1788513372818,24.45,7.36875,-28.06875
105853677718775,1788513372828,24.35625,7.2562504,-28.1625
105853687718775,1788513372838,24.2625,7.18125,-27.975
105853697718775,1788513372848,24.16875,7.18125,-27.843752
105853707718775,1788513372858,23.962502,7.4625,-28.0125
105853717718775,1788513372868,24.056252,7.36875,-28.2
105853727718775,1788513372878,24.075,7.2937503,-28.25625
105853737718775,1788513372888,23.925001,7.2000003,-27.975
105853747718775,1788513372898,24.0,7.0125003,-27.88125
105853757718775,1788513372908,24.150002,6.95625,-27.7875
105853767718775,1788513372918,24.150002,6.95625,-28.0125
105853777718775,1788513372928,23.90625,6.80625,-27.956251
105853787718775,1788513372938,24.075,6.5062504,-27.843752
105853797718775,1788513372948,24.206251,6.5625005,-27.7875
105853807718775,1788513372958,24.337502,6.58125,-27.956251
105853817718775,1788513372968,24.431252,6.6000004,-28.181252
105853827718775,1788513372978,24.45,6.61875,-28.143751
105853837718775,1788513372988,24.4125,6.7875004,-28.331251
105853847718775,1788513372998,24.487501,6.7875004,-28.25625
105853857718775,1788513373008,24.73125,6.9,-28.3875
105853867718775,1788513373018,24.487501,7.05,-28.462502
105853877718775,1788513373028,24.281252,7.0875,-28.3875
105853887718775,1788513373038,24.112501,7.2562504,-28.0125
105853897718775,1788513373048,24.35625,7.14375,-27.712502
105853907718775,1788513373058,24.337502,7.1625004,-27.843752
105853917718775,1788513373068,24.225,6.8437505,-27.768751
105853927718775,1788513373078,24.393751,6.8812504,-27.806252
105853937718775,1788513373088,24.431252,6.8812504,-27.900002
105853947718775,1788513373098,24.54375,6.7125,-27.937502
105853957718775,1788513373108,24.4125,6.8812504,-28.1625
105853967718775,1788513373118,24.4125,6.8812504,-28.406252
105853977718775,1788513373128,24.50625,7.18125,-28.556252
105853987718775,1788513373138,24.4125,7.3500004,-28.406252
105853997718775,1788513373148,24.35625,7.4625,-28.29375
105854007718775,1788513373158,24.018751,7.7250004,-28.3875
105854017718775,1788513373168,24.0,7.5750003,-28.406252
105854027718775,1788513373178,23.98125,7.74375,-28.35
105854037718775,1788513373188,24.093752,7.51875,-28.181252
105854047718775,1788513373198,23.831251,7.425,-28.2
105854057718775,1788513373208,23.775002,7.36875,-28.275002
105854067718775,1788513373218,23.94375,7.1250005,-28.35
105854077718775,1788513373228,24.0375,7.18125,-28.3875
105854087718775,1788513373238,24.018751,6.95625,-28.29375
105854097718775,1788513373248,24.13125,7.2375,-28.331251
105854107718775,1788513373258,24.243752,7.2937503,-28.031252
105854117718775,1788513373268,24.281252,7.65,-27.825
105854127718775,1788513373278,24.69375,7.7625003,-27.7875
105854137718775,1788513373288,24.35625,7.5937505,-28.0125
105854147718775,1788513373298,24.300001,7.65,-28.10625
105854157718775,1788513373308,24.431252,7.7250004,-27.993752
105854167718775,1788513373318,24.581251,7.74375,-27.843752
105854177718775,1788513373328,24.50625,7.3875003,-27.712502
105854187718775,1788513373338,24.187502,7.2375,-27.937502
105854197718775,1788513373348,24.187502,6.80625,-28.10625
105854207718775,1788513373358,24.056252,6.6937504,-28.1625
105854217718775,1788513373368,24.300001,6.675,-27.937502
105854227718775,1788513373378,24.300001,6.675,-27.975
105854237718775,1788513373388,23.962502,6.5062504,-28.06875
105854247718775,1788513373398,23.8875,6.2625003,-28.10625
105854257718775,1788513373408,23.8875,6.43125,-27.937502
105854267718775,1788513373418,24.150002,6.39375,-27.825
105854277718775,1788513373428,24.112501,6.5625005,-27.768751
105854287718775,1788513373438,24.187502,6.6375003,-27.50625
105854297718775,1788513373448,24.018751,6.6562505,-27.468752
105854307718775,1788513373458,23.962502,6.4500003,-27.225
105854317718775,1788513373468,24.0,6.61875,-26.962502
105854327718775,1788513373478,23.85,6.7125,-26.906252
105854337718775,1788513373488,23.550001,6.7125,-26.737501
105854347718775,1788513373498,23.38125,6.80625,-26.831251
105854357718775,1788513373508,23.212502,7.05,-26.868752
105854367718775,1788513373518,23.175001,7.2187505,-27.337502
105854377718775,1788513373528,23.1,7.4062505,-27.281252
105854387718775,1788513373538,23.1,7.5375004,-27.31875
105854397718775,1788513373548,23.325,7.3875003,-27.525002
105854407718775,1788513373558,23.325,7.4625,-27.525002
105854417718775,1788513373568,23.587502,7.55625,-27.69375
105854427718775,1788513373578,23.643751,7.5000005,-27.618752
105854437718775,1788513373588,23.79375,7.33125,-27.656252
105854447718775,1788513373598,23.85,7.14375,-27.487501
105854457718775,1788513373608,23.98125,7.2375,-27.562502
105854467718775,1788513373618,24.112501,7.3125005,-27.750002
105854477718775,1788513373628,24.206251,7.2187505,-27.91875
105854487718775,1788513373638,24.075,7.3125005,-28.1625
105854497718775,1788513373648,23.831251,7.2562504,-28.35
105854507718775,1788513373658,23.8875,7.55625,-28.593752
105854517718775,1788513373668,24.075,7.425,-28.66875
105854527718775,1788513373678,23.85,7.5750003,-28.44375
105854537718775,1788513373688,23.925001,7.51875,-28.425001
105854547718775,1788513373698,23.6625,7.5937505,-28.29375
105854557718775,1788513373708,23.60625,7.8375,-28.3875
105854567718775,1788513373718,24.0375,7.9125004,-28.312502
105854577718775,1788513373728,24.187502,7.9125004,-28.125002
105854587718775,1788513373738,24.056252,7.70625,-28.050001
105854597718775,1788513373748,23.94375,7.8187504,-28.087502
105854607718775,1788513373758,24.093752,7.7625003,-28.1625
105854617718775,1788513373768,23.925001,7.74375,-28.2
105854627718775,1788513373778,24.187502,7.7625003,-28.1625
105854637718775,1788513373788,24.16875,7.74375,-27.993752
105854647718775,1788513373798,23.94375,7.55625,-27.73125
105854657718775,1788513373808,23.8125,7.74375,-27.69375
105854667718775,1788513373818,23.79375,7.6125,-27.806252
105854677718775,1788513373828,23.962502,7.5750003,-27.768751
105854687718775,1788513373838,23.962502,7.51875,-28.050001
105854697718775,1788513373848,24.16875,7.4625,-27.937502
105854707718775,1788513373858,24.187502,7.5750003,-28.0125
105854717718775,1788513373868,24.16875,7.5000005,-28.031252
105854727718775,1788513373878,24.13125,7.5000005,-28.35
105854737718775,1788513373888,24.206251,7.5750003,-28.612501
105854747718775,1788513373898,24.375002,7.6312504,-28.593752
105854757718775,1788513373908,24.300001,7.36875,-28.425001
105854767718775,1788513373918,24.35625,7.2562504,-28.48125
105854777718775,1788513373928,24.243752,7.4437504,-28.44375
105854787718775,1788513373938,24.093752,7.4437504,-28.406252
105854797718775,1788513373948,24.281252,7.4625,-28.29375
105854807718775,1788513373958,24.4125,7.5937505,-28.2
105854817718775,1788513373968,24.656252,7.2562504,-28.143751
105854827718775,1788513373978,24.69375,7.2000003,-28.087502
105854837718775,1788513373988,24.73125,7.4812503,-28.125002
105854847718775,1788513373998,24.562502,7.6125,-27.6
105854857718775,1788513374008,24.581251,7.3875003,-27.73125
105854867718775,1788513374018,24.6,7.3125005,-27.750002
105854877718775,1788513374028,24.300001,7.3125005,-27.956251
105854887718775,1788513374038,24.31875,7.2000003,-27.843752
105854897718775,1788513374048,24.0375,7.2937503,-27.843752
105854907718775,1788513374058,23.85,7.36875,-27.843752
105854917718775,1788513374068,23.71875,7.4062505,-27.843752
105854927718775,1788513374078,23.8875,7.4625,-28.10625
105854937718775,1788513374088,24.13125,7.3875003,-28.050001
105854947718775,1788513374098,24.393751,7.33125,-27.750002
105854957718775,1788513374108,24.618752,7.4437504,-27.562502
105854967718775,1788513374118,24.375002,7.5000005,-27.675001
105854977718775,1788513374128,24.581251,7.5750003,-27.7875
105854987718775,1788513374138,24.7875,7.8375,-27.862501
105854997718775,1788513374148,24.712502,7.9125004,-28.087502
105855007718775,1788513374158,24.54375,7.89375,-28.25625
105855017718775,1788513374168,24.31875,8.15625,-28.218752
105855027718775,1788513374178,23.925001,8.08125,-28.63125
105855037718775,1788513374188,23.8125,7.89375,-29.062502
105855047718775,1788513374198,23.85,7.89375,-29.118752
105855057718775,1788513374208,23.775002,8.08125,-29.081251
105855067718775,1788513374218,23.362501,7.8187504,-28.968752
105855077718775,1788513374228,23.212502,7.7812505,-29.00625
105855087718775,1788513374238,23.00625,7.6687503,-28.931252
105855097718775,1788513374248,23.1,7.51875,-29.156252
105855107718775,1788513374258,23.268751,7.4625,-28.987501
105855117718775,1788513374268,23.212502,7.4812503,-28.66875
105855127718775,1788513374278,23.362501,7.70625,-28.575
105855137718775,1788513374288,23.34375,7.4062505,-28.518751
105855147718775,1788513374298,23.493752,7.5000005,-28.406252
105855157718775,1788513374308,23.71875,7.5000005,-28.031252
105855167718775,1788513374318,23.831251,7.5750003,-27.768751
105855177718775,1788513374328,23.6625,7.55625,-27.675001
105855187718775,1788513374338,23.643751,7.6875005,-27.750002
105855197718775,1788513374348,23.79375,7.7625003,-27.656252
105855207718775,1788513374358,23.8125,7.3500004,-27.750002
105855217718775,1788513374368,23.8125,7.2000003,-27.7875
105855227718775,1788513374378,24.056252,7.1250005,-27.975
105855237718775,1788513374388,24.187502,7.0312505,-28.125002
105855247718775,1788513374398,24.45,6.8812504,-28.2
105855257718775,1788513374408,24.6375,6.8625,-28.275002
105855267718775,1788513374418,24.6375,6.95625,-28.275002
105855277718775,1788513374428,24.656252,6.9750004,-28.29375
105855287718775,1788513374438,24.7875,7.18125,-28.125002
105855297718775,1788513374448,24.7875,7.0875,-27.993752
105855307718775,1788513374458,24.618752,7.05,-27.806252
105855317718775,1788513374468,24.468752,7.18125,-27.806252
105855327718775,1788513374478,24.35625,7.2937503,-27.91875
105855337718775,1788513374488,24.337502,7.3125005,-27.73125
105855347718775,1788513374498,24.337502,7.1625004,-27.900002
105855357718775,1788513374508,24.31875,7.33125,-27.993752
105855367718775,1788513374518,24.225,7.2375,-28.050001
105855377718775,1788513374528,24.243752,7.4062505,-28.06875
105855387718775,1788513374538,24.300001,7.425,-28.275002
105855397718775,1788513374548,24.112501,7.4625,-28.10625
105855407718775,1788513374558,24.300001,7.2937503,-28.1625
105855417718775,1788513374568,24.337502,7.5750003,-28.275002
105855427718775,1788513374578,24.206251,7.4062505,-28.1625
105855437718775,1788513374588,24.16875,7.2937503,-28.237501
105855447718775,1788513374598,24.16875,7.2937503,-28.425001
105855457718775,1788513374608,24.2625,7.5000005,-28.406252
105855467718775,1788513374618,24.337502,7.4812503,-28.237501
105855477718775,1788513374628,24.45,7.4062505,-28.406252
105855487718775,1788513374638,24.281252,7.6875005,-27.937502
105855497718775,1788513374648,24.2625,7.4437504,-27.91875
105855507718775,1788513374658,24.393751,7.7250004,-27.73125
105855517718775,1788513374668,24.393751,7.7625003,-27.581251
105855527718775,1788513374678,24.431252,7.8187504,-27.300001
105855537718775,1788513374688,24.4125,7.8,-27.45
105855547718775,1788513374698,24.431252,7.7625003,-27.73125
105855557718775,1788513374708,24.581251,7.70625,-27.54375
105855567718775,1788513374718,24.431252,7.5375004,-28.0125
105855577718775,1788513374728,24.487501,7.4437504,-28.050001
105855587718775,1788513374738,24.35625,7.4062505,-28.031252
105855597718775,1788513374748,24.16875,7.4437504,-27.862501
105855607718775,1788513374758,24.243752,7.5937505,-27.975
105855617718775,1788513374768,24.150002,7.5937505,-27.975
105855627718775,1788513374778,24.112501,7.8562503,-27.7875
105855637718775,1788513374788,24.0,7.6687503,-28.0125
105855647718775,1788513374798,24.150002,7.6875005,-27.7875
105855657718775,1788513374808,24.187502,7.7250004,-27.88125
105855667718775,1788513374818,24.206251,7.70625,-27.956251
105855677718775,1788513374828,24.2625,7.425,-28.087502
105855687718775,1788513374838,24.075,7.33125,-28.218752
105855697718775,1788513374848,24.16875,7.2000003,-28.2
105855707718775,1788513374858,24.16875,6.9,-28.2
105855717718775,1788513374868,24.093752,6.8437505,-28.237501
105855727718775,1788513374878,24.018751,6.7312503,-28.44375
105855737718775,1788513374888,23.90625,6.6375003,-28.275002
105855747718775,1788513374898,23.962502,6.6562505,-28.500002
105855757718775,1788513374908,24.075,6.76875,-28.893751
105855767718775,1788513374918,24.243752,6.675,-28.95
105855777718775,1788513374928,24.16875,6.7875004,-28.931252
105855787718775,1788513374938,23.98125,6.6375003,-28.85625
105855797718775,1788513374948,24.093752,6.9750004,-28.931252
105855807718775,1788513374958,24.281252,7.2562504,-28.931252
105855817718775,1788513374968,24.16875,7.3875003,-28.968752
105855827718775,1788513374978,24.206251,7.70625,-28.743752
105855837718775,1788513374988,24.16875,7.5937505,-28.368752
105855847718775,1788513374998,24.018751,7.7625003,-28.312502
105855857718775,1788513375008,24.0,7.8750005,-28.3875
105855867718775,1788513375018,24.093752,8.15625,-28.44375
105855877718775,1788513375028,24.16875,7.9125004,-28.2
105855887718775,1788513375038,24.150002,7.8375,-28.312502
105855897718775,1788513375048,24.2625,7.70625,-28.2
105855907718775,1788513375058,24.150002,7.5375004,-28.237501
105855917718775,1788513375068,24.187502,7.5375004,-28.143751
105855927718775,1788513375078,24.112501,7.2375,-27.937502
105855937718775,1788513375088,24.13125,7.05,-27.768751
105855947718775,1788513375098,24.35625,6.8625,-27.843752
105855957718775,1788513375108,24.225,6.76875,-27.843752
105855967718775,1788513375118,24.393751,6.7125,-27.54375
105855977718775,1788513375128,24.45,6.6562505,-27.6
105855987718775,1788513375138,24.6375,6.3,-27.468752
105855997718775,1788513375148,24.73125,6.4500003,-27.525002
105856007718775,1788513375158,24.7875,6.58125,-27.581251
105856017718775,1788513375168,24.750002,6.4875,-27.712502
105856027718775,1788513375178,24.487501,6.5437503,-27.6375
105856037718775,1788513375188,24.525002,6.7875004,-27.69375
105856047718775,1788513375198,24.337502,6.6937504,-27.825
105856057718775,1788513375208,24.187502,6.9187503,-28.06875
105856067718775,1788513375218,24.300001,6.95625,-28.237501
105856077718775,1788513375228,24.2625,6.99375,-28.368752
105856087718775,1788513375238,24.2625,6.99375,-28.312502
105856097718775,1788513375248,24.187502,7.1625004,-28.48125
105856107718775,1788513375258,24.31875,7.2937503,-28.44375
105856117718775,1788513375268,24.50625,7.2937503,-28.5375
105856127718775,1788513375278,24.45,7.2375,-28.500002
105856137718775,1788513375288,24.6,7.2187505,-28.44375
105856147718775,1788513375298,24.431252,7.2187505,-28.556252
105856157718775,1788513375308,24.54375,7.2937503,-28.406252
105856167718775,1788513375318,24.35625,7.5375004,-28.593752
105856177718775,1788513375328,24.281252,7.4625,-28.368752
105856187718775,1788513375338,24.431252,7.55625,-28.462502
105856197718775,1788513375348,24.375002,7.33125,-28.331251
105856207718775,1788513375358,24.393751,7.4437504,-28.218752
105856217718775,1788513375368,24.300001,7.33125,-28.06875
105856227718775,1788513375378,24.206251,7.51875,-28.10625
105856237718775,1788513375388,24.0375,7.4062505,-28.1625
105856247718775,1788513375398,24.31875,7.275,-28.125002
105856257718775,1788513375408,24.45,7.2937503,-27.88125
105856267718775,1788513375418,24.112501,7.4437504,-27.675001
105856277718775,1788513375428,23.98125,7.55625,-27.768751
105856287718775,1788513375438,24.018751,7.6125,-27.975
105856297718775,1788513375448,24.225,7.6312504,-27.806252
105856307718775,1788513375458,24.31875,7.5750003,-27.618752
105856317718775,1788513375468,24.31875,7.51875,-27.712502
105856327718775,1788513375478,24.243752,7.4437504,-27.6375
105856337718775,1788513375488,24.13125,7.4062505,-28.050001
105856347718775,1788513375498,24.206251,7.1062503,-28.331251
105856357718775,1788513375508,24.225,7.14375,-28.218752
105856367718775,1788513375518,24.337502,7.2000003,-28.143751
105856377718775,1788513375528,24.150002,7.2000003,-28.1625
105856387718775,1788513375538,24.075,7.05,-28.0125
105856397718775,1788513375548,24.150002,7.2000003,-28.0125
105856407718775,1788513375558,24.018751,7.2375,-27.900002
105856417718775,1788513375568,24.075,7.18125,-27.675001
105856427718775,1788513375578,24.225,7.2000003,-27.562502
105856437718775,1788513375588,24.281252,7.2000003,-27.468752
105856447718775,1788513375598,24.150002,7.2562504,-27.375002
105856457718775,1788513375608,24.16875,7.4625,-27.6375
105856467718775,1788513375618,24.2625,7.65,-27.768751
105856477718775,1788513375628,24.206251,7.5000005,-27.675001
105856487718775,1788513375638,24.35625,7.4062505,-27.806252
105856497718775,1788513375648,24.73125,7.51875,-27.91875
105856507718775,1788513375658,24.843752,7.7250004,-27.937502
105856517718775,1788513375668,24.900002,7.93125,-27.956251
105856527718775,1788513375678,24.525002,7.8375,-28.050001
105856537718775,1788513375688,24.431252,7.6312504,-27.862501
105856547718775,1788513375698,24.581251,7.70625,-27.843752
105856557718775,1788513375708,24.562502,7.6875005,-27.825
105856567718775,1788513375718,24.6375,7.74375,-27.843752
105856577718775,1788513375728,24.431252,7.65,-27.862501
105856587718775,1788513375738,24.206251,7.6125,-27.656252
105856597718775,1788513375748,23.925001,7.2562504,-27.712502
105856607718775,1788513375758,24.35625,7.36875,-27.712502
105856617718775,1788513375768,24.337502,7.2375,-27.806252
105856627718775,1788513375778,24.056252,7.18125,-27.7875
105856637718775,1788513375788,23.962502,7.3125005,-27.91875
105856647718775,1788513375798,24.0,7.3125005,-27.91875
105856657718775,1788513375808,24.018751,7.4437504,-27.900002
105856667718775,1788513375818,24.018751,7.3500004,-27.956251
105856677718775,1788513375828,24.281252,7.5750003,-27.91875
105856687718775,1788513375838,24.13125,7.425,-27.91875
105856697718775,1788513375848,24.243752,7.4437504,-27.843752
105856707718775,1788513375858,24.337502,7.2937503,-27.7875
105856717718775,1788513375868,24.281252,7.18125,-27.6375
105856727718775,1788513375878,24.075,7.14375,-27.73125
105856737718775,1788513375888,23.98125,7.0687504,-27.7875
105856747718775,1788513375898,24.093752,6.9,-27.900002
105856757718775,1788513375908,24.075,6.58125,-27.937502
105856767718775,1788513375918,24.13125,6.5625005,-28.06875
105856777718775,1788513375928,23.8875,6.6000004,-28.312502
105856787718775,1788513375938,23.85,6.7875004,-28.275002
105856797718775,1788513375948,24.112501,6.7875004,-28.3875
105856807718775,1788513375958,24.281252,6.7125,-28.425001
105856817718775,1788513375968,24.16875,6.6375003,-28.312502
105856827718775,1788513375978,23.98125,6.7125,-28.125002
105856837718775,1788513375988,23.737501,6.95625,-28.3875
105856847718775,1788513375998,23.625,7.0125003,-28.331251
105856857718775,1788513376008,23.831251,6.95625,-28.2
105856867718775,1788513376018,23.831251,6.9187503,-28.29375
105856877718775,1788513376028,23.643751,7.1625004,-28.218752
105856887718775,1788513376038,23.41875,7.2562504,-27.806252
105856897718775,1788513376048,23.7,7.425,-27.825
105856907718775,1788513376058,23.643751,7.5375004,-27.900002
105856917718775,1788513376068,23.8875,7.425,-27.750002
105856927718775,1788513376078,24.093752,7.2937503,-27.562502
105856937718775,1788513376088,24.112501,7.5375004,-27.6
105856947718775,1788513376098,24.225,7.5750003,-27.562502
105856957718775,1788513376108,24.281252,7.51875,-27.712502
105856967718775,1788513376118,24.6,7.5750003,-27.937502
105856977718775,1788513376128,24.50625,7.6687503,-27.993752
105856987718775,1788513376138,24.675001,7.55625,-28.10625
105856997718775,1788513376148,24.6375,7.5937505,-28.237501
105857007718775,1788513376158,24.487501,7.65,-28.181252
105857017718775,1788513376168,24.581251,7.55625,-27.993752
105857027718775,1788513376178,24.50625,7.6312504,-27.937502
105857037718775,1788513376188,24.525002,7.6125,-27.768751
105857047718775,1788513376198,24.468752,7.55625,-27.862501
105857057718775,1788513376208,24.50625,7.275,-27.88125
105857067718775,1788513376218,24.4125,7.18125,-27.91875
105857077718775,1788513376228,24.2625,7.33125,-27.750002
105857087718775,1788513376238,24.431252,7.55625,-28.06875
105857097718775,1788513376248,24.31875,7.5000005,-27.937502
105857107718775,1788513376258,24.243752,7.275,-27.993752
105857117718775,1788513376268,24.393751,7.275,-28.06875
105857127718775,1788513376278,24.281252,7.14375,-27.900002
105857137718775,1788513376288,24.16875,7.2000003,-27.825
105857147718775,1788513376298,24.13125,7.2187505,-27.675001
105857157718775,1788513376308,24.225,6.9187503,-27.656252
105857167718775,1788513376318,24.13125,6.6375003,-27.45
105857177718775,1788513376328,24.075,6.6937504,-27.7875
105857187718775,1788513376338,24.075,6.6937504,-27.7875
105857197718775,1788513376348,24.018751,6.5062504,-27.675001
105857207718775,1788513376358,23.868752,6.4125004,-27.862501
105857217718775,1788513376368,23.8125,6.3187504,-27.825
105857227718775,1788513376378,24.056252,6.4875,-27.956251
105857237718775,1788513376388,23.98125,6.5062504,-27.975
105857247718775,1788513376398,23.90625,6.61875,-27.956251
105857257718775,1788513376408,23.868752,6.5625005,-27.7875
105857267718775,1788513376418,23.868752,6.8812504,-27.656252
105857277718775,1788513376428,23.85,6.9375005,-27.7875
105857287718775,1788513376438,23.925001,7.0312505,-27.768751
105857297718775,1788513376448,23.94375,7.2000003,-27.73125
105857307718775,1788513376458,23.7,6.8437505,-27.7875
105857317718775,1788513376468,23.643751,6.95625,-27.825
105857327718775,1788513376478,23.643751,7.0125003,-27.825
105857337718775,1788513376488,23.71875,7.0875,-27.88125
105857347718775,1788513376498,24.018751,6.80625,-28.050001
105857357718775,1788513376508,24.018751,6.8625,-28.050001
105857367718775,1788513376518,24.0,6.7312503,-28.10625
105857377718775,1788513376528,24.018751,6.80625,-28.1625
105857387718775,1788513376538,24.0,7.18125,-28.10625
105857397718775,1788513376548,24.075,7.2937503,-28.06875
105857407718775,1788513376558,24.337502,7.33125,-28.181252
105857417718775,1788513376568,24.50625,7.2375,-28.2
105857427718775,1788513376578,24.225,7.0875,-28.218752
105857437718775,1788513376588,24.112501,6.9750004,-28.331251
105857447718775,1788513376598,24.187502,7.2000003,-28.312502
105857457718775,1788513376608,24.112501,7.18125,-28.518751
105857467718775,1788513376618,24.35625,7.05,-28.500002
105857477718775,1788513376628,24.525002,6.95625,-28.48125
105857487718775,1788513376638,24.187502,6.9375005,-28.462502
105857497718775,1788513376648,24.0,6.8250003,-28.500002
105857507718775,1788513376658,23.868752,6.99375,-28.518751
105857517718775,1788513376668,23.737501,6.99375,-28.3875
105857527718775,1788513376678,23.625,7.2000003,-28.29375
105857537718775,1788513376688,23.4375,7.05,-28.087502
105857547718775,1788513376698,23.400002,6.9187503,-28.0125
105857557718775,1788513376708,23.325,6.7312503,-27.993752
105857567718775,1788513376718,23.23125,6.61875,-28.031252
105857577718775,1788513376728,23.2875,6.6375003,-27.956251
105857587718775,1788513376738,23.53125,6.6562505,-27.91875
105857597718775,1788513376748,23.775002,6.61875,-28.125002
105857607718775,1788513376758,23.831251,6.3562503,-27.993752
105857617718775,1788513376768,23.94375,6.4500003,-28.06875
105857627718775,1788513376778,23.85,6.8250003,-28.29375
105857637718775,1788513376788,23.90625,7.18125,-28.312502
105857647718775,1788513376798,24.16875,7.2375,-28.331251
105857657718775,1788513376808,24.206251,7.2375,-28.312502
105857667718775,1788513376818,24.056252,7.2562504,-28.312502
105857677718775,1788513376828,24.056252,7.3125005,-28.25625
105857687718775,1788513376838,24.0375,7.3875003,-28.425001
105857697718775,1788513376848,24.112501,7.33125,-28.500002
105857707718775,1788513376858,24.187502,7.1625004,-28.368752
105857717718775,1788513376868,24.150002,7.05,-28.35
105857727718775,1788513376878,24.0375,6.8250003,-28.368752
105857737718775,1788513376888,23.94375,7.0125003,-28.650002
105857747718775,1788513376898,24.056252,7.3500004,-28.66875
105857757718775,1788513376908,23.925001,7.4062505,-28.63125
105857767718775,1788513376918,23.775002,7.3875003,-28.48125
105857777718775,1788513376928,23.79375,7.5937505,-28.406252
105857787718775,1788513376938,23.85,7.65,-28.406252
105857797718775,1788513376948,23.71875,7.36875,-28.218752
105857807718775,1788513376958,23.71875,7.6687503,-28.143751
105857817718775,1788513376968,23.831251,7.65,-27.843752
105857827718775,1788513376978,23.868752,7.3125005,-27.712502
105857837718775,1788513376988,23.868752,7.5937505,-27.562502
105857847718775,1788513376998,24.16875,7.4812503,-27.656252
105857857718775,1788513377008,24.093752,7.275,-27.487501
105857867718775,1788513377018,24.2625,7.2187505,-27.431252
105857877718775,1788513377028,24.393751,7.425,-27.88125
105857887718775,1788513377038,24.300001,7.33125,-27.750002
105857897718775,1788513377048,24.243752,7.275,-27.843752
105857907718775,1788513377058,24.16875,7.5937505,-27.900002
105857917718775,1788513377068,24.16875,7.3125005,-28.087502
105857927718775,1788513377078,24.112501,7.2562504,-28.181252
105857937718775,1788513377088,24.4125,7.2937503,-28.368752
105857947718775,1788513377098,24.150002,7.18125,-28.3875
105857957718775,1788513377108,24.206251,7.18125,-28.331251
105857967718775,1788513377118,24.225,7.1250005,-28.500002
105857977718775,1788513377128,24.018751,7.05,-28.575
105857987718775,1788513377138,24.0,6.7500005,-28.743752
105857997718775,1788513377148,23.90625,6.7312503,-28.612501
105858007718775,1788513377158,23.962502,6.8437505,-28.66875
105858017718775,1788513377168,23.643751,6.8437505,-28.687502
105858027718775,1788513377178,23.475,6.80625,-28.706251
105858037718775,1788513377188,23.456251,6.8250003,-28.593752
105858047718775,1788513377198,23.681252,6.8812504,-28.500002
105858057718775,1788513377208,23.79375,7.1062503,-28.218752
105858067718775,1788513377218,23.737501,7.05,-28.06875
105858077718775,1788513377228,23.8125,6.7875004,-28.0125
105858087718775,1788513377238,23.775002,6.675,-27.91875
105858097718775,1788513377248,23.737501,6.80625,-27.91875
105858107718775,1788513377258,23.79375,6.8437505,-27.862501
105858117718775,1788513377268,23.79375,6.7500005,-27.768751
105858127718775,1788513377278,23.925001,6.8625,-27.581251
105858137718775,1788513377288,24.075,6.8625,-27.88125
105858147718775,1788513377298,24.206251,6.61875,-28.0125
105858157718775,1788513377308,24.243752,6.7500005,-27.956251
105858167718775,1788513377318,24.150002,7.0125003,-27.900002
105858177718775,1788513377328,24.431252,6.8437505,-27.806252
105858187718775,1788513377338,24.562502,7.1250005,-27.806252
105858197718775,1788513377348,24.525002,7.2187505,-27.937502
105858207718775,1788513377358,24.2625,7.2000003,-28.181252
105858217718775,1788513377368,24.375002,6.99375,-28.0125
105858227718775,1788513377378,24.300001,7.2562504,-27.825
105858237718775,1788513377388,24.150002,7.3875003,-27.91875
105858247718775,1788513377398,24.4125,7.3875003,-27.993752
105858257718775,1788513377408,24.375002,7.3125005,-27.975
105858267718775,1788513377418,24.31875,7.0687504,-27.956251
105858277718775,1788513377428,24.300001,6.8625,-27.900002
105858287718775,1788513377438,24.337502,6.8812504,-27.6
105858297718775,1788513377448,24.31875,6.80625,-27.712502
105858307718775,1788513377458,24.2625,6.7125,-27.806252
105858317718775,1788513377468,24.4125,6.76875,-27.712502
105858327718775,1788513377478,24.206251,6.8625,-27.7875
105858337718775,1788513377488,24.056252,6.99375,-27.88125
105858347718775,1788513377498,23.962502,7.2187505,-27.975
105858357718775,1788513377508,23.925001,7.5000005,-28.087502
105858367718775,1788513377518,23.75625,7.3875003,-28.35
105858377718775,1788513377528,23.306252,7.2937503,-28.331251
105858387718775,1788513377538,23.400002,7.4625,-28.29375
105858397718775,1788513377548,23.493752,7.4437504,-28.312502
105858407718775,1788513377558,23.5125,7.36875,-28.237501
105858417718775,1788513377568,23.587502,7.4437504,-28.25625
105858427718775,1788513377578,23.7,7.2562504,-28.1625
105858437718775,1788513377588,23.493752,7.1062503,-27.937502
105858447718775,1788513377598,23.60625,7.0875,-27.73125
105858457718775,1788513377608,23.6625,7.3125005,-27.712502
105858467718775,1788513377618,23.737501,7.33125,-27.768751
105858477718775,1788513377628,23.643751,7.3875003,-27.73125
105858487718775,1788513377638,23.737501,7.2562504,-27.73125
105858497718775,1788513377648,23.7,7.3500004,-27.581251
105858507718775,1788513377658,23.79375,7.3500004,-27.750002
105858517718775,1788513377668,24.056252,7.3875003,-27.768751
105858527718775,1788513377678,24.0375,7.3500004,-27.88125
105858537718775,1788513377688,24.468752,7.14375,-27.618752
105858547718775,1788513377698,24.468752,6.9187503,-27.525002
105858557718775,1788513377708,24.6375,6.80625,-27.675001
105858567718775,1788513377718,24.375002,6.6562505,-27.487501
105858577718775,1788513377728,24.300001,6.39375,-27.69375
105858587718775,1788513377738,24.16875,6.4687505,-27.750002
105858597718775,1788513377748,24.281252,6.3562503,-27.73125
105858607718775,1788513377758,24.300001,6.4875,-27.993752
105858617718775,1788513377768,24.13125,6.675,-28.181252
105858627718775,1788513377778,24.150002,6.99375,-28.1625
105858637718775,1788513377788,23.90625,7.14375,-28.050001
105858647718775,1788513377798,24.075,7.4437504,-28.087502
105858657718775,1788513377808,24.300001,7.5937505,-27.900002
105858667718775,1788513377818,24.225,7.6125,-27.656252
105858677718775,1788513377828,24.225,7.70625,-27.937502
105858687718775,1788513377838,24.300001,7.7625003,-27.768751
105858697718775,1788513377848,24.16875,7.7625003,-28.1625
105858707718775,1788513377858,24.0,7.425,-28.35
105858717718775,1788513377868,24.16875,7.4625,-28.44375
105858727718775,1788513377878,24.0,7.4062505,-28.3875
105858737718775,1788513377888,23.8875,7.2375,-28.368752
105858747718775,1788513377898,24.056252,7.2562504,-28.518751
105858757718775,1788513377908,23.94375,7.36875,-28.29375
105858767718775,1788513377918,24.150002,7.3125005,-28.181252
105858777718775,1788513377928,24.225,7.3500004,-27.825
105858787718775,1788513377938,24.206251,7.3125005,-27.525002
105858797718775,1788513377948,24.056252,7.1625004,-27.712502
105858807718775,1788513377958,24.300001,7.2562504,-27.768751
105858817718775,1788513377968,24.35625,7.4437504,-27.862501
105858827718775,1788513377978,24.4125,7.3125005,-27.900002
105858837718775,1788513377988,24.4125,7.1625004,-28.087502
105858847718775,1788513377998,24.075,7.2000003,-28.331251
105858857718775,1788513378008,24.243752,7.1250005,-28.5375
105858867718775,1788513378018,24.2625,7.4625,-28.7625
105858877718775,1788513378028,24.431252,7.275,-28.425001
105858887718775,1788513378038,24.35625,7.2000003,-28.63125
105858897718775,1788513378048,24.0375,7.1062503,-28.63125
105858907718775,1788513378058,23.868752,7.14375,-28.5375
105858917718775,1788513378068,24.0375,7.275,-28.612501
105858927718775,1788513378078,24.093752,7.1625004,-28.368752
105858937718775,1788513378088,23.8875,7.3125005,-28.25625
105858947718775,1788513378098,24.056252,7.1250005,-28.25625
105858957718775,1788513378108,23.98125,7.4062505,-28.312502
105858967718775,1788513378118,23.925001,7.5000005,-28.10625
105858977718775,1788513378128,24.300001,7.5375004,-28.35
105858987718775,1788513378138,24.31875,7.7812505,-28.368752
105858997718775,1788513378148,24.243752,7.6125,-28.25625
105859007718775,1788513378158,24.31875,7.70625,-28.593752
105859017718775,1788513378168,24.206251,7.5750003,-28.575
105859027718775,1788513378178,24.206251,7.70625,-28.612501
105859037718775,1788513378188,24.16875,7.8,-28.556252
105859047718775,1788513378198,24.206251,7.70625,-28.687502
105859057718775,1788513378208,23.868752,7.7625003,-28.331251
105859067718775,1788513378218,23.98125,7.4812503,-28.312502
105859077718775,1788513378228,23.90625,7.5750003,-28.10625
105859087718775,1788513378238,23.85,7.51875,-27.825
105859097718775,1788513378248,24.112501,7.6125,-27.712502
105859107718775,1788513378258,23.925001,7.55625,-27.487501
105859117718775,1788513378268,23.962502,7.275,-27.487501
105859127718775,1788513378278,24.056252,7.33125,-27.45
105859137718775,1788513378288,24.4125,7.36875,-27.562502
105859147718775,1788513378298,24.243752,7.425,-27.525002
105859157718775,1788513378308,24.225,7.5937505,-27.768751
105859167718775,1788513378318,24.112501,7.5750003,-27.806252
105859177718775,1788513378328,23.94375,7.3875003,-27.91875
105859187718775,1788513378338,24.13125,7.3125005,-28.10625
105859197718775,1788513378348,23.94375,7.4062505,-28.10625
105859207718775,1788513378358,23.831251,7.14375,-28.25625
105859217718775,1788513378368,23.56875,7.0687504,-28.237501
105859227718775,1788513378378,23.75625,7.0875,-28.331251
105859237718775,1788513378388,23.737501,7.05,-28.087502
105859247718775,1788513378398,23.98125,6.9,-28.050001
105859257718775,1788513378408,24.16875,7.05,-28.143751
105859267718775,1788513378418,24.187502,7.14375,-28.218752
105859277718775,1788513378428,24.468752,7.2000003,-28.48125
105859287718775,1788513378438,24.337502,7.275,-28.518751
105859297718775,1788513378448,24.300001,7.0312505,-28.44375
105859307718775,1788513378458,24.281252,6.9750004,-28.63125
105859317718775,1788513378468,24.243752,6.80625,-28.837502
105859327718775,1788513378478,24.150002,7.0875,-28.837502
105859337718775,1788513378488,23.925001,7.1625004,-28.7625
105859347718775,1788513378498,23.90625,7.0875,-28.725
105859357718775,1788513378508,23.7,7.05,-28.837502
105859367718775,1788513378518,23.90625,7.18125,-28.687502
105859377718775,1788513378528,23.98125,7.3500004,-28.875002
105859387718775,1788513378538,23.737501,7.3875003,-28.63125
105859397718775,1788513378548,23.737501,7.4062505,-28.5375
105859407718775,1788513378558,23.775002,7.33125,-28.725
105859417718775,1788513378568,23.8875,7.2375,-28.593752
105859427718775,1788513378578,23.79375,7.2375,-28.556252
105859437718775,1788513378588,23.75625,7.3875003,-28.575
105859447718775,1788513378598,23.8875,7.275,-28.575
105859457718775,1788513378608,24.075,7.2187505,-28.612501
105859467718775,1788513378618,24.300001,7.05,-28.725
105859477718775,1788513378628,24.300001,7.0125003,-28.725
105859487718775,1788513378638,24.2625,7.2562504,-28.462502
105859497718775,1788513378648,24.281252,7.3500004,-28.650002
105859507718775,1788513378658,24.150002,7.425,-28.66875
105859517718775,1788513378668,24.13125,7.2375,-28.25625
105859527718775,1788513378678,23.775002,7.14375,-28.143751
105859537718775,1788513378688,23.625,7.51875,-27.956251
105859547718775,1788513378698,23.4375,7.7812505,-27.806252
105859557718775,1788513378708,23.7,7.7625003,-27.73125
105859567718775,1788513378718,23.475,7.6875005,-27.7875
105859577718775,1788513378728,23.56875,7.5000005,-27.825
105859587718775,1788513378738,23.681252,7.5375004,-27.843752
105859597718775,1788513378748,23.79375,7.6875005,-28.06875
105859607718775,1788513378758,23.681252,7.6687503,-28.181252
105859617718775,1788513378768,23.56875,7.2562504,-28.143751
105859627718775,1788513378778,23.5125,7.275,-28.125002
105859637718775,1788513378788,23.325,7.4625,-28.087502
105859647718775,1788513378798,23.550001,7.2937503,-27.91875
105859657718775,1788513378808,23.5125,7.2937503,-27.7875
105859667718775,1788513378818,23.587502,7.4062505,-27.581251
105859677718775,1788513378828,23.587502,7.14375,-27.6375
105859687718775,1788513378838,23.98125,7.2937503,-27.73125
105859697718775,1788513378848,23.94375,7.425,-27.862501
105859707718775,1788513378858,24.150002,7.2000003,-27.975
105859717718775,1788513378868,24.31875,7.0312505,-28.10625
105859727718775,1788513378878,24.393751,7.2000003,-28.425001
105859737718775,1788513378888,24.375002,7.51875,-28.462502
105859747718775,1788513378898,24.375002,7.3875003,-28.425001
105859757718775,1788513378908,24.281252,7.4062505,-28.237501
105859767718775,1788513378918,24.35625,7.4625,-28.1625
105859777718775,1788513378928,24.618752,7.425,-28.218752
105859787718775,1788513378938,24.393751,7.55625,-28.406252
105859797718775,1788513378948,24.337502,7.6312504,-28.143751
105859807718775,1788513378958,24.375002,7.5750003,-28.10625
105859817718775,1788513378968,24.35625,7.33125,-27.937502
105859827718775,1788513378978,24.187502,7.2937503,-28.237501
105859837718775,1788513378988,24.281252,7.3500004,-28.143751
105859847718775,1788513378998,23.8875,7.3875003,-28.031252
105859857718775,1788513379008,23.775002,7.55625,-27.956251
105859867718775,1788513379018,23.8125,7.4812503,-27.618752
105859877718775,1788513379028,23.362501,7.3500004,-27.806252
105859887718775,1788513379038,23.175001,7.275,-27.6
105859897718775,1788513379048,23.212502,7.1625004,-27.750002
105859907718775,1788513379058,23.175001,7.1250005,-27.6375
105859917718775,1788513379068,23.212502,7.1625004,-27.750002
105859927718775,1788513379078,23.41875,7.1062503,-27.91875
105859937718775,1788513379088,23.550001,7.0312505,-27.825
105859947718775,1788513379098,23.643751,6.99375,-27.6375
105859957718775,1788513379108,23.868752,6.99375,-27.7875
105859967718775,1788513379118,23.94375,6.8812504,-28.087502
105859977718775,1788513379128,23.737501,7.0125003,-27.862501
105859987718775,1788513379138,23.90625,7.05,-27.91875
105859997718775,1788513379148,23.831251,7.2000003,-27.862501
105860007718775,1788513379158,23.681252,7.14375,-27.7875
105860017718775,1788513379168,23.41875,6.95625,-27.993752
105860027718775,1788513379178,23.53125,7.14375,-28.35
105860037718775,1788513379188,23.625,7.18125,-28.1625
105860047718775,1788513379198,23.75625,7.36875,-28.0125
105860057718775,1788513379208,23.868752,7.2000003,-27.993752
105860067718775,1788513379218,23.94375,7.1625004,-27.843752
105860077718775,1788513379228,24.112501,6.9750004,-27.975
105860087718775,1788513379238,24.281252,6.9187503,-27.993752
105860097718775,1788513379248,24.45,6.99375,-27.88125
105860107718775,1788513379258,24.6375,7.0312505,-27.750002
105860117718775,1788513379268,24.712502,7.1625004,-27.937502
105860127718775,1788513379278,24.675001,7.1625004,-28.087502
105860137718775,1788513379288,24.69375,7.18125,-28.518751
105860147718775,1788513379298,24.431252,7.36875,-28.5375
105860157718775,1788513379308,24.281252,7.3875003,-28.612501
105860167718775,1788513379318,24.337502,7.6312504,-28.575
105860177718775,1788513379328,24.431252,7.3875003,-28.63125
105860187718775,1788513379338,24.225,7.4062505,-28.781252
105860197718775,1788513379348,24.206251,7.2187505,-28.556252
105860207718775,1788513379358,24.056252,7.1062503,-28.5375
105860217718775,1788513379368,24.112501,7.275,-28.29375
105860227718775,1788513379378,24.150002,7.14375,-28.425001
105860237718775,1788513379388,24.243752,7.2000003,-28.275002
105860247718775,1788513379398,24.150002,6.95625,-28.275002
105860257718775,1788513379408,24.056252,7.3875003,-28.143751
105860267718775,1788513379418,24.2625,7.275,-28.031252
105860277718775,1788513379428,23.98125,7.4625,-28.29375
105860287718775,1788513379438,24.112501,7.5375004,-28.425001
105860297718775,1788513379448,23.98125,7.4625,-28.462502
105860307718775,1788513379458,24.0,7.5000005,-28.406252
105860317718775,1788513379468,24.056252,7.5375004,-28.612501
105860327718775,1788513379478,24.0375,7.6687503,-28.5375
105860337718775,1788513379488,24.13125,7.33125,-28.593752
105860347718775,1788513379498,23.868752,7.1625004,-28.593752
105860357718775,1788513379508,24.16875,7.0875,-28.368752
105860367718775,1788513379518,24.16875,7.05,-28.237501
105860377718775,1788513379528,24.187502,6.99375,-28.275002
105860387718775,1788513379538,24.187502,6.8437505,-28.5375
105860397718775,1788513379548,24.206251,6.8250003,-28.612501
105860407718775,1788513379558,24.150002,6.95625,-28.875002
105860417718775,1788513379568,23.98125,7.1250005,-28.725
105860427718775,1788513379578,24.13125,7.33125,-29.081251
105860437718775,1788513379588,24.187502,7.2937503,-29.175001
105860447718775,1788513379598,24.056252,7.4062505,-29.2875
105860457718775,1788513379608,24.093752,7.33125,-29.025002
105860467718775,1788513379618,24.35625,7.5000005,-28.781252
105860477718775,1788513379628,24.2625,7.5375004,-28.500002
105860487718775,1788513379638,24.187502,7.3125005,-28.425001
105860497718775,1788513379648,24.431252,7.36875,-28.63125
105860507718775,1788513379658,24.112501,7.4062505,-28.331251
105860517718775,1788513379668,23.94375,7.2375,-28.25625
105860527718775,1788513379678,23.8125,7.1625004,-28.2
105860537718775,1788513379688,23.831251,7.51875,-28.218752
105860547718775,1788513379698,23.587502,7.36875,-27.993752
105860557718775,1788513379708,23.5125,7.2187505,-27.956251
105860567718775,1788513379718,23.6625,7.1250005,-27.88125
105860577718775,1788513379728,23.34375,7.2562504,-27.7875
105860587718775,1788513379738,23.56875,7.1062503,-27.900002
105860597718775,1788513379748,23.53125,7.2937503,-28.237501
105860607718775,1788513379758,23.6625,7.0125003,-28.10625
105860617718775,1788513379768,23.56875,6.6937504,-28.25625
105860627718775,1788513379778,23.643751,6.9750004,-28.5375
105860637718775,1788513379788,23.71875,7.1062503,-28.781252
105860647718775,1788513379798,23.925001,7.2187505,-28.800001
105860657718775,1788513379808,24.0,7.05,-28.800001
105860667718775,1788513379818,23.8125,7.0312505,-28.66875
105860677718775,1788513379828,23.71875,6.9187503,-28.462502
105860687718775,1788513379838,23.625,7.0312505,-28.48125
105860697718775,1788513379848,23.775002,7.2375,-28.518751
105860707718775,1788513379858,23.94375,7.1250005,-28.556252
105860717718775,1788513379868,24.056252,7.1250005,-28.518751
105860727718775,1788513379878,23.8125,7.2375,-28.5375
105860737718775,1788513379888,23.8875,7.275,-28.556252
105860747718775,1788513379898,24.300001,7.4062505,-28.81875
105860757718775,1788513379908,24.525002,7.4437504,-28.725
105860767718775,1788513379918,24.712502,7.33125,-28.800001
105860777718775,1788513379928,24.69375,7.36875,-29.00625
105860787718775,1788513379938,24.712502,7.3875003,-28.837502
105860797718775,1788513379948,24.35625,7.1062503,-28.66875
105860807718775,1788513379958,24.6,6.99375,-28.44375
105860817718775,1788513379968,24.712502,7.05,-28.518751
105860827718775,1788513379978,24.54375,6.8437505,-28.312502
105860837718775,1788513379988,24.618752,6.7125,-28.368752
105860847718775,1788513379998,24.54375,7.05,-28.368752
105860857718775,1788513380008,24.468752,6.9,-28.2
105860867718775,1788513380018,24.35625,6.8437505,-28.406252
105860877718775,1788513380028,24.431252,7.0125003,-28.500002
105860887718775,1788513380038,24.16875,6.9375005,-28.650002
105860897718775,1788513380048,24.206251,6.7875004,-28.575
105860907718775,1788513380058,24.35625,6.9750004,-28.593752
105860917718775,1788513380068,24.281252,7.2937503,-28.5375
105860927718775,1788513380078,24.243752,7.0875,-28.312502
105860937718775,1788513380088,24.337502,7.0875,-28.087502
105860947718775,1788513380098,24.337502,6.8437505,-27.862501
105860957718775,1788513380108,24.35625,6.8250003,-27.7875
105860967718775,1788513380118,24.35625,6.9187503,-27.88125
105860977718775,1788513380128,24.112501,6.9375005,-27.937502
105860987718775,1788513380138,24.0,7.1062503,-27.91875
105860997718775,1788513380148,23.85,7.05,-28.050001
105861007718775,1788513380158,23.85,7.0125003,-28.06875
105861017718775,1788513380168,23.79375,7.0312505,-28.125002
105861027718775,1788513380178,23.71875,7.2375,-28.181252
105861037718775,1788513380188,23.962502,7.2937503,-28.331251
105861047718775,1788513380198,24.112501,7.2562504,-28.275002
105861057718775,1788513380208,24.300001,7.33125,-28.125002
105861067718775,1788513380218,24.075,7.1625004,-28.125002
105861077718775,1788513380228,24.13125,7.2187505,-28.050001
105861087718775,1788513380238,24.093752,7.5000005,-28.181252
105861097718775,1788513380248,24.112501,7.51875,-28.25625
105861107718775,1788513380258,23.94375,7.7812505,-28.406252
105861117718775,1788513380268,23.737501,7.89375,-28.462502
105861127718775,1788513380278,23.868752,8.08125,-28.3875
105861137718775,1788513380288,23.85,8.043751,-28.25625
105861147718775,1788513380298,23.962502,8.118751,-28.087502
105861157718775,1788513380308,23.90625,8.00625,-28.0125
105861167718775,1788513380318,23.75625,7.7812505,-27.975
105861177718775,1788513380328,23.8125,7.6125,-28.050001
105861187718775,1788513380338,24.0375,7.3500004,-27.956251
105861197718775,1788513380348,24.13125,7.3125005,-27.6
105861207718775,1788513380358,23.962502,7.1625004,-27.675001
105861217718775,1788513380368,23.94375,7.1625004,-27.843752
105861227718775,1788513380378,24.018751,7.18125,-28.050001
105861237718775,1788513380388,24.018751,7.2375,-27.91875
105861247718775,1788513380398,24.337502,7.4062505,-27.750002
105861257718775,1788513380408,24.187502,7.5000005,-27.4125
105861267718775,1788513380418,24.337502,7.5000005,-27.31875
105861277718775,1788513380428,24.4125,7.51875,-27.656252
105861287718775,1788513380438,24.375002,7.5750003,-27.6
105861297718775,1788513380448,24.206251,7.5937505,-27.525002
105861307718775,1788513380458,24.31875,7.3500004,-27.4125
105861317718775,1788513380468,24.393751,7.2187505,-27.7875
105861327718775,1788513380478,24.187502,6.95625,-27.937502
105861337718775,1788513380488,24.431252,7.0687504,-28.29375
105861347718775,1788513380498,24.187502,7.0125003,-28.050001
105861357718775,1788513380508,23.962502,6.9375005,-27.88125
105861367718775,1788513380518,23.868752,6.7875004,-27.843752
105861377718775,1788513380528,23.94375,6.9187503,-27.862501
105861387718775,1788513380538,23.79375,7.05,-28.031252
105861397718775,1788513380548,23.79375,7.14375,-27.88125
105861407718775,1788513380558,23.925001,7.2375,-27.993752
105861417718775,1788513380568,23.775002,6.9375005,-28.031252
105861427718775,1788513380578,23.75625,6.9750004,-28.368752
105861437718775,1788513380588,24.093752,6.99375,-28.462502
105861447718775,1788513380598,23.962502,7.05,-28.5375
105861457718775,1788513380608,23.79375,6.7875004,-28.518751
105861467718775,1788513380618,23.868752,6.8250003,-28.725
105861477718775,1788513380628,23.775002,6.9750004,-28.725
105861487718775,1788513380638,23.8125,6.9187503,-28.85625
105861497718775,1788513380648,23.85,7.0875,-28.612501
105861507718775,1788513380658,23.831251,6.99375,-28.66875
105861517718775,1788513380668,23.831251,7.1625004,-28.556252
105861527718775,1788513380678,23.8875,7.3125005,-28.650002
105861537718775,1788513380688,24.018751,7.5937505,-28.5375
105861547718775,1788513380698,24.112501,7.5937505,-28.050001
105861557718775,1788513380708,23.90625,7.3875003,-27.862501
105861567718775,1788513380718,23.8875,7.275,-27.468752
105861577718775,1788513380728,23.71875,7.2937503,-27.6
105861587718775,1788513380738,23.775002,7.3875003,-27.656252
105861597718775,1788513380748,23.41875,7.1062503,-27.937502
105861607718775,1788513380758,23.493752,6.8625,-27.900002
105861617718775,1788513380768,23.737501,6.80625,-28.06875
105861627718775,1788513380778,23.56875,6.8437505,-28.125002
105861637718775,1788513380788,23.8875,6.9187503,-28.25625
105861647718775,1788513380798,23.868752,7.0687504,-28.406252
105861657718775,1788513380808,24.056252,7.2562504,-28.500002
105861667718775,1788513380818,23.94375,7.2562504,-28.406252
105861677718775,1788513380828,24.31875,7.33125,-28.125002
105861687718775,1788513380838,24.45,7.55625,-28.237501
105861697718775,1788513380848,24.075,7.5000005,-28.368752
105861707718775,1788513380858,24.150002,7.4437504,-28.650002
105861717718775,1788513380868,24.13125,7.4812503,-28.593752
105861727718775,1788513380878,24.0,7.2562504,-28.687502
105861737718775,1788513380888,23.98125,7.0312505,-28.556252
105861747718775,1788513380898,24.206251,6.9375005,-28.312502
105861757718775,1788513380908,24.0,6.9375005,-28.35
105861767718775,1788513380918,23.775002,6.7500005,-28.5375
105861777718775,1788513380928,23.98125,6.6000004,-28.593752
105861787718775,1788513380938,23.7,6.61875,-28.406252
105861797718775,1788513380948,23.71875,6.4500003,-28.650002
105861807718775,1788513380958,23.85,6.80625,-28.48125
105861817718775,1788513380968,23.85,6.80625,-28.48125
105861827718775,1788513380978,23.775002,6.8812504,-28.687502
105861837718775,1788513380988,23.8125,6.7875004,-28.687502
105861847718775,1788513380998,24.0375,6.8812504,-28.087502
105861857718775,1788513381008,23.925001,6.95625,-27.937502
105861867718775,1788513381018,24.35625,6.9750004,-27.88125
105861877718775,1788513381028,24.468752,7.05,-27.825
105861887718775,1788513381038,24.393751,6.9375005,-27.900002
105861897718775,1788513381048,24.562502,6.9,-28.050001
105861907718775,1788513381058,24.487501,7.0125003,-27.975
105861917718775,1788513381068,24.54375,6.9750004,-27.91875
105861927718775,1788513381078,24.581251,6.9375005,-28.331251
105861937718775,1788513381088,24.843752,7.18125,-28.1625
105861947718775,1788513381098,24.712502,7.0687504,-28.143751
105861957718775,1788513381108,24.487501,7.275,-28.143751
105861967718775,1788513381118,24.581251,7.4437504,-28.06875
105861977718775,1788513381128,24.2625,7.55625,-27.937502
105861987718775,1788513381138,24.337502,7.5750003,-28.031252
105861997718775,1788513381148,24.13125,7.8187504,-28.031252
105862007718775,1788513381158,24.075,7.89375,-27.750002
105862017718775,1788513381168,23.8125,7.7812505,-27.768751
105862027718775,1788513381178,23.550001,7.74375,-27.843752
105862037718775,1788513381188,23.550001,7.65,-27.581251
105862047718775,1788513381198,23.60625,7.6125,-27.618752
105862057718775,1788513381208,23.75625,7.55625,-27.6
105862067718775,1788513381218,23.737501,7.3500004,-27.618752
105862077718775,1788513381228,24.0,7.2000003,-27.562502
105862087718775,1788513381238,24.16875,7.1250005,-27.618752
105862097718775,1788513381248,24.431252,7.1625004,-27.825
105862107718775,1788513381258,24.487501,7.0687504,-27.73125
105862117718775,1788513381268,24.337502,7.0312505,-28.10625
105862127718775,1788513381278,24.225,7.1062503,-28.237501
105862137718775,1788513381288,24.225,7.14375,-28.275002
105862147718775,1788513381298,24.13125,7.1625004,-28.181252
105862157718775,1788513381308,24.093752,7.0687504,-28.368752
105862167718775,1788513381318,24.018751,7.2562504,-28.500002
105862177718775,1788513381328,23.775002,7.2187505,-28.462502
105862187718775,1788513381338,23.925001,7.3125005,-28.650002
105862197718775,1788513381348,24.093752,7.18125,-28.575
105862207718775,1788513381358,24.13125,7.1625004,-28.575
105862217718775,1788513381368,23.98125,7.36875,-28.462502
105862227718775,1788513381378,24.2625,7.2375,-28.500002
105862237718775,1788513381388,24.13125,7.3500004,-28.5375
105862247718775,1788513381398,24.0375,7.3500004,-28.29375
105862257718775,1788513381408,24.35625,7.3500004,-28.29375
105862267718775,1788513381418,24.300001,7.5375004,-28.29375
105862277718775,1788513381428,24.300001,7.4812503,-28.25625
105862287718775,1788513381438,24.468752,7.3500004,-28.1625
105862297718775,1788513381448,24.6375,7.18125,-27.825
105862307718775,1788513381458,24.431252,7.8187504,-27.825
105862317718775,1788513381468,24.50625,7.7625003,-27.900002
105862327718775,1788513381478,24.50625,7.70625,-28.087502
105862337718775,1788513381488,24.4125,7.8187504,-28.181252
105862347718775,1788513381498,24.393751,7.70625,-28.3875
105862357718775,1788513381508,24.50625,8.00625,-28.181252
105862367718775,1788513381518,24.281252,7.8750005,-28.0125
105862377718775,1788513381528,24.112501,8.0625,-28.518751
105862387718775,1788513381538,24.0,7.8187504,-28.575
105862397718775,1788513381548,23.94375,8.043751,-28.331251
105862407718775,1788513381558,23.737501,7.9687505,-28.237501
105862417718775,1788513381568,23.56875,7.8375,-28.06875
105862427718775,1788513381578,23.8875,7.7625003,-27.825
105862437718775,1788513381588,23.85,7.7250004,-28.0125
105862447718775,1788513381598,24.0,8.043751,-28.35
105862457718775,1788513381608,24.16875,7.89375,-28.181252
105862467718775,1788513381618,24.581251,7.7250004,-28.087502
105862477718775,1788513381628,24.806252,7.8,-28.031252
105862487718775,1788513381638,25.06875,7.7625003,-27.862501
105862497718775,1788513381648,24.975,7.7625003,-27.993752
105862507718775,1788513381658,24.750002,8.025001,-27.900002
105862517718775,1788513381668,24.6,7.93125,-27.900002
105862527718775,1788513381678,24.337502,7.6687503,-27.73125
105862537718775,1788513381688,24.225,7.65,-27.618752
105862547718775,1788513381698,23.681252,7.5750003,-27.712502
105862557718775,1788513381708,23.456251,7.4437504,-27.806252
105862567718775,1788513381718,23.325,7.5000005,-28.0125
105862577718775,1788513381728,23.4375,7.4812503,-27.806252
105862587718775,1788513381738,23.34375,7.5750003,-27.806252
105862597718775,1788513381748,23.4375,7.5750003,-27.468752
105862607718775,1788513381758,23.550001,7.4437504,-27.2625
105862617718775,1788513381768,23.79375,7.2000003,-27.468752
105862627718775,1788513381778,24.13125,7.0875,-27.4125
105862637718775,1788513381788,24.13125,7.1625004,-27.243752
105862647718775,1788513381798,23.94375,7.14375,-27.31875
105862657718775,1788513381808,24.0,7.2375,-27.187502
105862667718775,1788513381818,24.112501,6.9375005,-27.187502
105862677718775,1788513381828,23.94375,6.8437505,-27.35625
105862687718775,1788513381838,23.868752,6.99375,-27.487501
105862697718775,1788513381848,23.7,7.51875,-27.337502
105862707718775,1788513381858,23.4375,7.6125,-27.375002
105862717718775,1788513381868,23.493752,7.4062505,-27.54375
105862727718775,1788513381878,23.7,7.55625,-27.525002
105862737718775,1788513381888,23.53125,7.5750003,-27.675001
105862747718775,1788513381898,23.362501,7.55625,-27.750002
105862757718775,1788513381908,23.7,7.70625,-27.862501
105862767718775,1788513381918,23.775002,7.6312504,-27.937502
105862777718775,1788513381928,23.6625,7.2562504,-27.88125
105862787718775,1788513381938,23.8875,7.3500004,-27.975
105862797718775,1788513381948,23.831251,7.2937503,-28.06875
105862807718775,1788513381958,23.75625,7.2187505,-28.087502
105862817718775,1788513381968,23.7,7.0687504,-28.218752
105862827718775,1788513381978,23.75625,7.0875,-28.312502
105862837718775,1788513381988,23.4375,6.9187503,-28.275002
105862847718775,1788513381998,23.587502,6.9187503,-28.48125
105862857718775,1788513382008,23.60625,6.99375,-28.556252
105862867718775,1788513382018,23.56875,6.95625,-28.425001
105862877718775,1788513382028,23.53125,6.95625,-28.331251
105862887718775,1788513382038,23.587502,6.8437505,-28.25625
105862897718775,1788513382048,23.71875,6.7500005,-28.237501
105862907718775,1788513382058,23.8125,6.8437505,-28.10625
105862917718775,1788513382068,24.018751,6.7875004,-28.2
105862927718775,1788513382078,24.13125,6.95625,-28.06875
105862937718775,1788513382088,24.243752,6.9,-28.125002
105862947718775,1788513382098,24.31875,6.9750004,-28.2
105862957718775,1788513382108,24.35625,7.2562504,-28.0125
105862967718775,1788513382118,24.35625,7.2562504,-28.10625
105862977718775,1788513382128,24.45,7.3125005,-28.218752
105862987718775,1788513382138,24.206251,7.1625004,-28.29375
105862997718775,1788513382148,24.150002,7.3125005,-28.312502
105863007718775,1788513382158,24.16875,7.1625004,-28.087502
105863017718775,1788513382168,24.243752,7.2375,-28.06875
105863027718775,1788513382178,24.187502,7.3500004,-28.087502
105863037718775,1788513382188,24.337502,7.3125005,-28.275002
105863047718775,1788513382198,24.487501,7.3500004,-28.10625
105863057718775,1788513382208,24.4125,7.2187505,-27.88125
105863067718775,1788513382218,24.675001,7.2375,-27.956251
105863077718775,1788513382228,24.468752,7.4062505,-27.675001
105863087718775,1788513382238,24.375002,7.5375004,-27.862501
105863097718775,1788513382248,24.2625,7.4062505,-27.975
105863107718775,1788513382258,24.16875,7.5000005,-27.7875
105863117718775,1788513382268,24.13125,7.5375004,-27.825
105863127718775,1788513382278,23.90625,7.4062505,-27.7875
105863137718775,1788513382288,23.868752,7.74375,-27.73125
105863147718775,1788513382298,23.868752,7.9125004,-27.50625
105863157718775,1788513382308,24.16875,7.6687503,-27.54375
105863167718775,1788513382318,24.206251,7.65,-27.431252
105863177718775,1788513382328,24.187502,7.7250004,-27.187502
105863187718775,1788513382338,24.45,7.3875003,-27.300001
105863197718775,1788513382348,24.281252,7.4062505,-27.187502
105863207718775,1788513382358,24.431252,7.5000005,-27.243752
105863217718775,1788513382368,24.487501,7.2937503,-27.31875
105863227718775,1788513382378,24.225,7.18125,-27.206251
105863237718775,1788513382388,24.225,7.2562504,-27.35625
105863247718775,1788513382398,24.018751,7.05,-27.393751
105863257718775,1788513382408,23.8875,6.9375005,-27.525002
105863267718775,1788513382418,23.79375,6.9,-27.487501
105863277718775,1788513382428,23.962502,6.4125004,-27.712502
105863287718775,1788513382438,23.90625,6.39375,-27.6375
105863297718775,1788513382448,23.925001,6.5437503,-27.750002
105863307718775,1788513382458,24.13125,6.3562503,-27.975
105863317718775,1788513382468,23.94375,6.525,-27.768751
105863327718775,1788513382478,23.681252,6.5625005,-27.750002
105863337718775,1788513382488,23.775002,6.6562505,-27.675001
105863347718775,1788513382498,23.625,6.7875004,-27.768751
105863357718775,1788513382508,23.493752,7.275,-27.54375
105863367718775,1788513382518,23.456251,7.36875,-27.6
105863377718775,1788513382528,23.325,7.275,-27.50625
105863387718775,1788513382538,23.362501,7.51875,-27.337502
105863397718775,1788513382548,23.56875,7.4812503,-27.431252
105863407718775,1788513382558,23.925001,7.55625,-27.6375
105863417718775,1788513382568,23.8875,7.5937505,-27.6375
105863427718775,1788513382578,23.643751,7.5937505,-27.69375
105863437718775,1788513382588,23.8125,7.6125,-27.656252
105863447718775,1788513382598,23.775002,7.4062505,-27.768751
105863457718775,1788513382608,23.625,7.275,-27.712502
105863467718775,1788513382618,23.456251,7.4812503,-27.862501
105863477718775,1788513382628,23.56875,7.3875003,-27.843752
105863487718775,1788513382638,23.268751,7.4437504,-27.562502
105863497718775,1788513382648,23.34375,7.5750003,-27.581251
105863507718775,1788513382658,23.71875,7.74375,-27.16875
105863517718775,1788513382668,23.6625,7.5937505,-27.281252
105863527718775,1788513382678,23.71875,7.7250004,-27.281252
105863537718775,1788513382688,23.8875,7.8375,-27.4125
105863547718775,1788513382698,23.85,7.5000005,-27.431252
105863557718775,1788513382708,23.71875,7.4437504,-27.4125
105863567718775,1788513382718,24.112501,7.425,-27.712502
105863577718775,1788513382728,23.94375,7.275,-27.6
105863587718775,1788513382738,23.94375,7.2000003,-28.06875
105863597718775,1788513382748,23.8125,7.3875003,-27.900002
105863607718775,1788513382758,23.925001,7.4625,-27.73125
105863617718775,1788513382768,24.093752,7.3875003,-27.468752
105863627718775,1788513382778,24.225,7.4062505,-27.337502
105863637718775,1788513382788,24.150002,7.33125,-27.45
105863647718775,1788513382798,24.0,7.2187505,-27.31875
105863657718775,1788513382808,24.243752,7.0875,-27.431252
105863667718775,1788513382818,24.187502,7.1625004,-27.35625
105863677718775,1788513382828,24.093752,7.1062503,-27.487501
105863687718775,1788513382838,24.13125,6.9375005,-27.843752
105863697718775,1788513382848,24.0375,7.0875,-27.937502
105863707718775,1788513382858,24.31875,7.1625004,-28.0125
105863717718775,1788513382868,24.150002,7.36875,-27.73125
105863727718775,1788513382878,24.150002,7.425,-27.768751
105863737718775,1788513382888,24.0,7.6312504,-27.956251
105863747718775,1788513382898,24.018751,7.7250004,-27.73125
105863757718775,1788513382908,24.31875,7.3500004,-27.618752
105863767718775,1788513382918,24.075,7.2375,-27.375002
105863777718775,1788513382928,24.206251,7.2000003,-27.562502
105863787718775,1788513382938,24.0,7.1250005,-27.6375
105863797718775,1788513382948,24.018751,6.99375,-27.73125
105863807718775,1788513382958,24.13125,7.14375,-27.712502
105863817718775,1788513382968,24.13125,7.1062503,-27.618752
105863827718775,1788513382978,24.093752,6.8437505,-27.69375
105863837718775,1788513382988,23.94375,7.2000003,-27.993752
105863847718775,1788513382998,24.056252,7.4625,-28.0125
105863857718775,1788513383008,24.0,7.5750003,-27.937502
105863867718775,1788513383018,23.98125,7.6875005,-27.91875
105863877718775,1788513383028,24.075,7.74375,-28.143751
105863887718775,1788513383038,23.925001,7.6125,-27.975
105863897718775,1788513383048,24.13125,7.6875005,-27.937502
105863907718775,1788513383058,24.187502,7.89375,-27.862501
105863917718775,1788513383068,24.112501,7.8562503,-27.618752
105863927718775,1788513383078,23.98125,7.55625,-27.4125
105863937718775,1788513383088,24.018751,7.4625,-27.468752
105863947718775,1788513383098,23.962502,7.65,-27.337502
105863957718775,1788513383108,24.0375,7.6312504,-27.187502
105863967718775,1788513383118,23.98125,7.6312504,-27.375002
105863977718775,1788513383128,23.94375,7.3500004,-27.375002
105863987718775,1788513383138,23.90625,7.14375,-27.525002
105863997718775,1788513383148,23.85,7.18125,-27.50625
105864007718775,1788513383158,23.94375,7.4625,-27.712502
105864017718775,1788513383168,23.868752,7.4812503,-27.45
105864027718775,1788513383178,23.925001,7.3500004,-27.45
105864037718775,1788513383188,23.625,7.4062505,-27.581251
105864047718775,1788513383198,23.53125,7.2187505,-27.6375
105864057718775,1788513383208,23.5125,7.3875003,-27.525002
105864067718775,1788513383218,23.6625,7.33125,-27.45
105864077718775,1788513383228,23.831251,7.275,-27.243752
105864087718775,1788513383238,23.90625,7.2937503,-27.225
105864097718775,1788513383248,23.962502,7.3875003,-27.525002
105864107718775,1788513383258,23.8875,7.4062505,-27.6375
105864117718775,1788513383268,24.018751,7.5375004,-27.6
105864127718775,1788513383278,24.206251,7.8375,-27.618752
105864137718775,1788513383288,24.056252,7.93125,-27.806252
105864147718775,1788513383298,23.962502,8.025001,-27.937502
105864157718775,1788513383308,23.962502,7.9875,-28.2
105864167718775,1788513383318,23.8875,8.00625,-28.125002
105864177718775,1788513383328,23.8875,7.9500003,-28.06875
105864187718775,1788513383338,23.7,7.7625003,-27.975
105864197718775,1788513383348,23.75625,7.51875,-27.862501
105864207718775,1788513383358,23.7,7.33125,-27.525002
105864217718775,1788513383368,23.85,7.2000003,-27.54375
105864227718775,1788513383378,23.75625,7.1062503,-27.525002
105864237718775,1788513383388,23.7,6.9,-27.562502
105864247718775,1788513383398,23.625,6.8812504,-27.6375
105864257718775,1788513383408,23.400002,6.80625,-27.525002
105864267718775,1788513383418,23.85,6.99375,-27.6375
105864277718775,1788513383428,23.962502,7.1625004,-27.862501
105864287718775,1788513383438,24.13125,7.1625004,-28.031252
105864297718775,1788513383448,24.112501,7.36875,-27.73125
105864307718775,1788513383458,24.018751,7.5000005,-27.73125
105864317718775,1788513383468,24.13125,7.5750003,-27.750002
105864327718775,1788513383478,24.281252,7.70625,-27.750002
105864337718775,1788513383488,24.618752,7.7625003,-27.825
105864347718775,1788513383498,24.618752,7.7625003,-27.956251
105864357718775,1788513383508,24.581251,7.4812503,-27.768751
105864367718775,1788513383518,24.393751,7.55625,-27.675001
105864377718775,1788513383528,24.225,7.5375004,-28.031252
105864387718775,1788513383538,24.2625,7.5375004,-27.975
105864397718775,1788513383548,24.018751,7.6687503,-27.91875
105864407718775,1788513383558,24.093752,7.4812503,-27.993752
105864417718775,1788513383568,23.925001,7.275,-27.975
105864427718775,1788513383578,23.71875,7.33125,-27.73125
105864437718775,1788513383588,23.737501,7.36875,-27.900002
105864447718775,1788513383598,23.75625,7.6125,-27.843752
105864457718775,1788513383608,23.8125,7.5375004,-27.806252
105864467718775,1788513383618,23.8125,7.5375004,-28.050001
105864477718775,1788513383628,23.8125,7.4437504,-27.7875
105864487718775,1788513383638,23.737501,7.4625,-27.618752
105864497718775,1788513383648,23.8125,7.74375,-27.88125
105864507718775,1788513383658,23.85,7.6125,-27.993752
105864517718775,1788513383668,23.681252,7.6125,-27.843752
105864527718775,1788513383678,23.475,7.4812503,-28.0125
105864537718775,1788513383688,23.550001,7.3875003,-27.73125
105864547718775,1788513383698,23.456251,7.33125,-27.487501
105864557718775,1788513383708,23.625,7.51875,-27.69375
105864567718775,1788513383718,23.53125,7.51875,-27.675001
105864577718775,1788513383728,23.5125,7.6312504,-27.525002
105864587718775,1788513383738,23.475,7.7812505,-27.468752
105864597718775,1788513383748,23.625,7.8750005,-27.487501
105864607718775,1788513383758,23.8125,7.8187504,-27.487501
105864617718775,1788513383768,23.60625,7.89375,-27.7875
105864627718775,1788513383778,23.831251,8.025001,-27.6375
105864637718775,1788513383788,23.493752,7.8750005,-27.6375
105864647718775,1788513383798,23.400002,7.7625003,-27.581251
105864657718775,1788513383808,23.268751,7.55625,-27.6
105864667718775,1788513383818,23.41875,7.3125005,-27.675001
105864677718775,1788513383828,23.38125,7.0875,-27.618752
105864687718775,1788513383838,23.53125,7.0875,-27.618752
105864697718775,1788513383848,23.643751,6.9375005,-27.54375
105864707718775,1788513383858,23.6625,6.6937504,-27.6375
105864717718775,1788513383868,24.0,6.80625,-27.73125
105864727718775,1788513383878,24.375002,7.1062503,-27.73125
105864737718775,1788513383888,24.16875,6.8250003,-27.843752
105864747718775,1788513383898,24.018751,6.9187503,-27.843752
105864757718775,1788513383908,24.187502,7.14375,-28.087502
105864767718775,1788513383918,24.0,7.2375,-28.087502
105864777718775,1788513383928,24.225,7.4437504,-27.975
105864787718775,1788513383938,24.206251,7.4625,-28.031252
105864797718775,1788513383948,24.018751,7.33125,-27.993752
105864807718775,1788513383958,23.737501,6.8812504,-28.0125
105864817718775,1788513383968,23.98125,7.05,-27.825
105864827718775,1788513383978,23.85,7.1250005,-27.6
105864837718775,1788513383988,23.681252,7.0875,-27.4125
105864847718775,1788513383998,23.75625,7.1062503,-27.300001
105864857718775,1788513384008,23.41875,6.95625,-27.487501
105864867718775,1788513384018,23.456251,7.1062503,-27.6375
105864877718775,1788513384028,23.587502,7.425,-27.54375
105864887718775,1788513384038,23.5125,7.74375,-27.7875
105864897718775,1788513384048,23.475,7.9500003,-27.806252
105864907718775,1788513384058,23.625,7.8562503,-27.750002
105864917718775,1788513384068,23.7,7.93125,-27.73125
105864927718775,1788513384078,23.831251,7.70625,-27.843752
105864937718775,1788513384088,23.90625,7.65,-27.937502
105864947718775,1788513384098,23.962502,7.5000005,-27.7875
105864957718775,1788513384108,23.8875,7.2562504,-27.993752
105864967718775,1788513384118,24.0,7.2562504,-28.0125
105864977718775,1788513384128,23.98125,7.275,-28.087502
105864987718775,1788513384138,23.90625,7.3500004,-28.29375
105864997718775,1788513384148,23.60625,7.4062505,-28.275002
105865007718775,1788513384158,23.60625,7.5000005,-28.275002
105865017718775,1788513384168,23.7,7.8,-28.2
105865027718775,1788513384178,23.625,7.8375,-28.368752
105865037718775,1788513384188,23.53125,7.7625003,-28.368752
105865047718775,1788513384198,23.587502,7.7812505,-28.275002
105865057718775,1788513384208,23.56875,7.5000005,-28.237501
105865067718775,1788513384218,23.737501,7.5937505,-28.237501
105865077718775,1788513384228,23.98125,7.5375004,-28.312502
105865087718775,1788513384238,24.13125,7.55625,-28.275002
105865097718775,1788513384248,24.112501,7.4437504,-28.2
105865107718775,1788513384258,23.831251,7.33125,-27.975
105865117718775,1788513384268,24.0375,7.2562504,-27.69375
105865127718775,1788513384278,24.075,7.2000003,-27.562502
105865137718775,1788513384288,24.075,7.1250005,-27.487501
105865147718775,1788513384298,24.187502,7.05,-27.562502
105865157718775,1788513384308,24.225,6.95625,-27.50625
105865167718775,1788513384318,23.94375,6.99375,-27.656252
105865177718775,1788513384328,23.94375,6.8625,-27.656252
105865187718775,1788513384338,24.150002,7.0125003,-27.900002
105865197718775,1788513384348,24.0,7.1062503,-28.143751
105865207718775,1788513384358,23.925001,7.1625004,-28.331251
105865217718775,1788513384368,23.925001,7.3500004,-28.29375
105865227718775,1788513384378,23.587502,7.3875003,-28.25625
105865237718775,1788513384388,23.60625,7.5375004,-28.1625
105865247718775,1788513384398,23.681252,7.5750003,-27.900002
105865257718775,1788513384408,23.625,7.7812505,-27.768751
105865267718775,1788513384418,23.6625,7.8562503,-27.468752
105865277718775,1788513384428,23.831251,7.8375,-27.300001
105865287718775,1788513384438,23.98125,7.70625,-27.300001
105865297718775,1788513384448,23.8875,7.7625003,-27.337502
105865307718775,1788513384458,23.8875,7.65,-27.243752
105865317718775,1788513384468,23.962502,7.425,-27.337502
105865327718775,1788513384478,23.85,7.2000003,-27.300001
105865337718775,1788513384488,23.925001,6.8812504,-27.300001
105865347718775,1788513384498,23.925001,6.76875,-27.45
105865357718775,1788513384508,23.85,6.675,-27.525002
105865367718775,1788513384518,23.681252,6.8437505,-27.54375
105865377718775,1788513384528,23.8125,6.8250003,-27.525002
105865387718775,1788513384538,23.98125,6.61875,-27.6375
105865397718775,1788513384548,23.71875,6.8625,-27.656252
105865407718775,1788513384558,23.6625,6.9375005,-28.06875
105865417718775,1788513384568,23.643751,7.0875,-28.181252
105865427718775,1788513384578,23.643751,7.0312505,-28.218752
105865437718775,1788513384588,23.79375,7.14375,-28.25625
105865447718775,1788513384598,23.625,7.0125003,-27.993752
105865457718775,1788513384608,23.550001,7.0312505,-28.0125
105865467718775,1788513384618,23.53125,6.9187503,-27.993752
105865477718775,1788513384628,23.775002,6.7312503,-27.937502
105865487718775,1788513384638,23.925001,6.9187503,-27.6375
105865497718775,1788513384648,23.831251,6.95625,-27.618752
105865507718775,1788513384658,23.8125,7.0687504,-27.4125
105865517718775,1788513384668,23.681252,7.3125005,-27.487501
105865527718775,1788513384678,24.0375,7.3500004,-27.525002
105865537718775,1788513384688,24.075,7.4062505,-27.618752
105865547718775,1788513384698,24.056252,7.8187504,-27.337502
105865557718775,1788513384708,23.925001,8.043751,-27.468752
105865567718775,1788513384718,23.962502,7.8187504,-27.50625
105865577718775,1788513384728,24.056252,7.7625003,-27.50625
105865587718775,1788513384738,23.98125,7.70625,-27.675001
105865597718775,1788513384748,23.94375,7.5000005,-27.69375
105865607718775,1788513384758,23.7,7.4625,-27.975
105865617718775,1788513384768,23.737501,7.4062505,-27.900002
105865627718775,1788513384778,23.625,7.4062505,-28.218752
105865637718775,1788513384788,23.56875,7.0875,-28.125002
105865647718775,1788513384798,23.643751,6.9187503,-28.237501
105865657718775,1788513384808,23.8125,6.8437505,-28.0125
105865667718775,1788513384818,23.962502,6.8437505,-27.956251
105865677718775,1788513384828,24.075,6.95625,-27.88125
105865687718775,1788513384838,24.300001,6.8812504,-27.618752
105865697718775,1788513384848,24.2625,6.9,-27.468752
105865707718775,1788513384858,24.45,6.675,-27.431252
105865717718775,1788513384868,24.375002,6.7500005,-27.243752
105865727718775,1788513384878,24.206251,6.9187503,-27.112501
105865737718775,1788513384888,24.093752,6.95625,-27.2625
105865747718775,1788513384898,24.150002,6.99375,-27.431252
105865757718775,1788513384908,24.281252,6.8812504,-27.4125
105865767718775,1788513384918,24.187502,7.18125,-27.525002
105865777718775,1788513384928,24.2625,7.1250005,-27.69375
105865787718775,1788513384938,24.112501,7.2375,-27.656252
105865797718775,1788513384948,24.281252,7.5375004,-27.91875
105865807718775,1788513384958,24.375002,7.6312504,-28.087502
105865817718775,1788513384968,24.375002,7.7250004,-27.956251
105865827718775,1788513384978,24.2625,7.89375,-27.88125
105865837718775,1788513384988,24.018751,7.9125004,-27.91875
105865847718775,1788513384998,23.98125,7.8375,-27.862501
105865857718775,1788513385008,23.98125,7.70625,-27.7875
105865867718775,1788513385018,24.056252,7.8750005,-27.73125
105865877718775,1788513385028,24.075,7.6312504,-27.54375
105865887718775,1788513385038,24.018751,7.74375,-27.562502
105865897718775,1788513385048,23.925001,7.6687503,-27.862501
105865907718775,1788513385058,23.868752,7.65,-27.7875
105865917718775,1788513385068,23.868752,7.6312504,-27.581251
105865927718775,1788513385078,23.90625,7.6125,-27.6375
105865937718775,1788513385088,23.962502,7.8750005,-27.656252
105865947718775,1788513385098,23.90625,7.6687503,-27.712502
105865957718775,1788513385108,23.831251,7.9500003,-27.900002
105865967718775,1788513385118,23.925001,7.8562503,-27.712502
105865977718775,1788513385128,23.962502,7.7625003,-27.525002
105865987718775,1788513385138,24.112501,7.7250004,-27.468752
105865997718775,1788513385148,24.112501,7.7250004,-27.50625
105866007718775,1788513385158,24.056252,7.5937505,-27.4125
105866017718775,1788513385168,23.85,7.4437504,-27.6375
105866027718775,1788513385178,23.6625,7.3875003,-27.73125
105866037718775,1788513385188,23.625,6.9750004,-27.712502
105866047718775,1788513385198,23.53125,6.8250003,-27.712502
105866057718775,1788513385208,23.41875,6.9750004,-27.69375
105866067718775,1788513385218,23.2875,6.9375005,-27.54375
105866077718775,1788513385228,23.212502,6.8250003,-27.618752
105866087718775,1788513385238,23.23125,7.1250005,-27.7875
105866097718775,1788513385248,23.493752,7.14375,-27.54375
105866107718775,1788513385258,23.868752,7.2562504,-27.375002
105866117718775,1788513385268,23.71875,7.2375,-27.31875
105866127718775,1788513385278,23.775002,7.4437504,-27.468752
105866137718775,1788513385288,23.94375,7.4625,-27.525002
105866147718775,1788513385298,23.962502,7.3875003,-27.73125
105866157718775,1788513385308,24.018751,7.4062505,-27.862501
105866167718775,1788513385318,24.206251,7.2187505,-27.73125
105866177718775,1788513385328,24.206251,7.275,-27.768751
105866187718775,1788513385338,23.925001,7.2187505,-27.843752
105866197718775,1788513385348,24.075,7.425,-27.712502
105866207718775,1788513385358,24.206251,7.5750003,-27.675001
105866217718775,1788513385368,24.112501,7.6687503,-27.825
105866227718775,1788513385378,23.94375,7.6687503,-27.900002
105866237718775,1788513385388,23.94375,7.7812505,-27.91875
105866247718775,1788513385398,24.018751,7.6875005,-27.993752
105866257718775,1788513385408,23.681252,7.6125,-27.975
105866267718775,1788513385418,23.456251,7.6312504,-27.900002
105866277718775,1788513385428,23.400002,7.5375004,-28.031252
105866287718775,1788513385438,23.212502,7.3875003,-28.0125
105866297718775,1788513385448,23.2875,7.14375,-27.73125
105866307718775,1788513385458,23.53125,7.1062503,-27.6
105866317718775,1788513385468,23.60625,7.1062503,-27.73125
105866327718775,1788513385478,23.15625,7.18125,-27.581251
105866337718775,1788513385488,23.325,7.275,-27.6
105866347718775,1788513385498,23.868752,7.2375,-27.768751
105866357718775,1788513385508,24.018751,7.2937503,-27.91875
105866367718775,1788513385518,23.79375,7.05,-28.0125
105866377718775,1788513385528,23.737501,7.0125003,-28.237501
105866387718775,1788513385538,23.75625,7.0125003,-28.3875
105866397718775,1788513385548,23.775002,6.9187503,-28.050001
105866407718775,1788513385558,23.94375,6.99375,-28.25625
105866417718775,1788513385568,23.98125,6.9187503,-28.462502
105866427718775,1788513385578,23.868752,7.0687504,-28.5375
105866437718775,1788513385588,23.775002,7.1250005,-28.48125
105866447718775,1788513385598,24.13125,7.1625004,-28.331251
105866457718775,1788513385608,24.187502,7.2562504,-28.368752
105866467718775,1788513385618,24.150002,7.4625,-28.331251
105866477718775,1788513385628,24.16875,7.425,-28.275002
105866487718775,1788513385638,24.337502,7.33125,-28.1625
105866497718775,1788513385648,24.281252,7.275,-27.937502
105866507718775,1788513385658,24.056252,7.0687504,-27.91875
105866517718775,1788513385668,24.2625,7.14375,-27.581251
105866527718775,1788513385678,24.0375,7.275,-27.50625
105866537718775,1788513385688,23.98125,7.3125005,-27.35625
105866547718775,1788513385698,23.868752,7.0875,-27.243752
105866557718775,1788513385708,23.831251,7.18125,-27.4125
105866567718775,1788513385718,23.75625,7.33125,-27.300001
105866577718775,1788513385728,23.868752,7.4437504,-27.187502
105866587718775,1788513385738,24.16875,7.65,-27.0375
105866597718775,1788513385748,24.150002,7.4812503,-27.337502
105866607718775,1788513385758,24.225,7.6125,-27.35625
105866617718775,1788513385768,24.243752,7.70625,-27.375002
105866627718775,1788513385778,24.45,7.7625003,-27.468752
105866637718775,1788513385788,24.375002,7.74375,-27.54375
105866647718775,1788513385798,23.98125,7.6687503,-27.750002
105866657718775,1788513385808,23.75625,7.5750003,-27.88125
105866667718775,1788513385818,23.75625,7.65,-27.806252
105866677718775,1788513385828,23.56875,7.36875,-27.618752
105866687718775,1788513385838,23.56875,7.0125003,-27.750002
105866697718775,1788513385848,23.550001,6.95625,-27.88125
105866707718775,1788513385858,23.550001,7.0875,-27.6
105866717718775,1788513385868,23.71875,7.1250005,-27.525002
105866727718775,1788513385878,23.98125,7.05,-27.54375
105866737718775,1788513385888,24.112501,7.0875,-27.54375
105866747718775,1788513385898,23.90625,6.8250003,-27.6
105866757718775,1788513385908,23.831251,7.2375,-27.806252
105866767718775,1788513385918,23.98125,7.6125,-27.806252
105866777718775,1788513385928,23.8875,7.55625,-27.806252
105866787718775,1788513385938,23.79375,7.4062505,-27.937502
105866797718775,1788513385948,23.625,7.4437504,-27.91875
105866807718775,1788513385958,23.60625,7.4437504,-27.750002
105866817718775,1788513385968,23.56875,7.3125005,-27.69375
105866827718775,1788513385978,23.643751,7.275,-27.675001
105866837718775,1788513385988,23.75625,7.0125003,-27.562502
105866847718775,1788513385998,23.6625,6.80625,-27.487501
105866857718775,1788513386008,23.737501,6.8812504,-27.35625
105866867718775,1788513386018,23.643751,6.8812504,-27.73125
105866877718775,1788513386028,23.737501,6.8437505,-27.900002
105866887718775,1788513386038,23.962502,6.8625,-28.050001
105866897718775,1788513386048,24.056252,6.76875,-28.125002
105866907718775,1788513386058,24.112501,6.9,-28.368752
105866917718775,1788513386068,24.056252,7.14375,-28.48125
105866927718775,1788513386078,24.0375,7.2562504,-28.518751
105866937718775,1788513386088,24.018751,7.14375,-28.500002
105866947718775,1788513386098,24.13125,7.0687504,-28.237501
105866957718775,1788513386108,24.093752,6.9750004,-28.087502
105866967718775,1788513386118,23.90625,6.9750004,-28.143751
105866977718775,1788513386128,23.85,7.3125005,-28.181252
105866987718775,1788513386138,23.90625,7.4062505,-27.862501
105866997718775,1788513386148,23.94375,7.51875,-27.843752
105867007718775,1788513386158,23.94375,7.425,-27.88125
105867017718775,1788513386168,24.0375,7.6312504,-27.975
105867027718775,1788513386178,24.243752,7.6687503,-27.956251
105867037718775,1788513386188,24.31875,7.74375,-27.843752
105867047718775,1788513386198,24.468752,7.8750005,-27.73125
105867057718775,1788513386208,24.618752,7.93125,-27.768751
105867067718775,1788513386218,24.54375,7.8187504,-27.843752
105867077718775,1788513386228,24.712502,7.55625,-27.862501
105867087718775,1788513386238,24.825,7.6687503,-27.937502
105867097718775,1788513386248,24.88125,7.65,-27.862501
105867107718775,1788513386258,24.50625,7.6312504,-27.91875
105867117718775,1788513386268,24.337502,7.5937505,-28.181252
105867127718775,1788513386278,24.16875,7.2937503,-28.368752
105867137718775,1788513386288,24.0375,7.1250005,-28.218752
105867147718775,1788513386298,23.831251,7.0875,-28.518751
105867157718775,1788513386308,23.737501,7.18125,-28.575
105867167718775,1788513386318,23.643751,7.1625004,-28.48125
105867177718775,1788513386328,23.7,7.0875,-28.575
105867187718775,1788513386338,23.85,7.2187505,-28.48125
105867197718775,1788513386348,23.94375,7.2187505,-28.48125
105867207718775,1788513386358,23.962502,7.2000003,-28.406252
105867217718775,1788513386368,24.0,7.2375,-28.612501
105867227718775,1788513386378,24.206251,7.4062505,-28.462502
105867237718775,1788513386388,24.45,7.4062505,-28.29375
105867247718775,1788513386398,24.525002,7.4437504,-28.312502
105867257718775,1788513386408,24.35625,7.5750003,-28.1625
105867267718775,1788513386418,24.562502,7.55625,-28.181252
105867277718775,1788513386428,24.50625,7.4062505,-28.087502
105867287718775,1788513386438,24.6375,7.8,-28.06875
105867297718775,1788513386448,24.69375,7.9500003,-27.937502
105867307718775,1788513386458,24.69375,7.9125004,-27.843752
105867317718775,1788513386468,24.45,7.7812505,-27.862501
105867327718775,1788513386478,24.13125,7.74375,-27.768751
105867337718775,1788513386488,24.056252,7.55625,-27.7875
105867347718775,1788513386498,23.7,7.5375004,-27.956251
105867357718775,1788513386508,23.775002,7.5750003,-27.975
105867367718775,1788513386518,23.681252,7.2937503,-28.10625
105867377718775,1788513386528,23.5125,7.18125,-28.331251
105867387718775,1788513386538,23.306252,7.1250005,-28.44375
105867397718775,1788513386548,23.400002,7.33125,-28.44375
105867407718775,1788513386558,23.75625,7.0125003,-28.518751
105867417718775,1788513386568,23.737501,6.95625,-28.556252
105867427718775,1788513386578,24.0,6.9750004,-28.612501
105867437718775,1788513386588,24.187502,7.2937503,-28.706251
105867447718775,1788513386598,24.281252,7.3500004,-28.706251
105867457718775,1788513386608,24.431252,7.36875,-28.575
105867467718775,1788513386618,24.618752,7.51875,-28.556252
105867477718775,1788513386628,24.4125,7.4437504,-28.743752
105867487718775,1788513386638,24.4125,7.7250004,-28.743752
105867497718775,1788513386648,24.4125,8.08125,-28.63125
105867507718775,1788513386658,24.337502,7.9125004,-28.500002
105867517718775,1788513386668,24.225,7.74375,-28.425001
105867527718775,1788513386678,24.0,7.6687503,-28.2
105867537718775,1788513386688,24.056252,7.4437504,-28.29375
105867547718775,1788513386698,24.0,7.3875003,-28.29375
105867557718775,1788513386708,24.150002,6.7312503,-27.993752
105867567718775,1788513386718,23.8875,6.58125,-28.06875
105867577718775,1788513386728,23.98125,6.39375,-28.275002
105867587718775,1788513386738,23.8875,6.4500003,-28.44375
105867597718775,1788513386748,23.625,6.3750005,-28.44375
105867607718775,1788513386758,23.7,6.4875,-28.44375
105867617718775,1788513386768,23.53125,6.6000004,-28.518751
105867627718775,1788513386778,23.8125,6.6562505,-28.612501
105867637718775,1788513386788,23.625,7.2187505,-28.81875
105867647718775,1788513386798,23.75625,7.3125005,-28.650002
105867657718775,1788513386808,23.6625,7.1625004,-28.706251
105867667718775,1788513386818,23.737501,7.18125,-28.44375
105867677718775,1788513386828,24.0375,7.3125005,-28.518751
105867687718775,1788513386838,24.112501,7.2187505,-28.687502
105867697718775,1788513386848,24.206251,7.4625,-28.650002
105867707718775,1788513386858,23.98125,7.2937503,-28.25625
105867717718775,1788513386868,24.16875,7.18125,-28.10625
105867727718775,1788513386878,24.150002,7.2937503,-28.275002
105867737718775,1788513386888,23.98125,7.33125,-28.1625
105867747718775,1788513386898,24.0,7.36875,-28.331251
105867757718775,1788513386908,23.831251,7.36875,-28.125002
105867767718775,1788513386918,23.60625,7.5750003,-28.031252
105867777718775,1788513386928,23.587502,7.2562504,-27.937502
105867787718775,1788513386938,23.41875,7.2562504,-28.237501
105867797718775,1788513386948,23.25,7.275,-28.181252
105867807718775,1788513386958,23.53125,7.0125003,-27.956251
105867817718775,1788513386968,23.962502,6.9,-27.862501
105867827718775,1788513386978,24.112501,6.7125,-27.712502
105867837718775,1788513386988,24.093752,6.6375003,-27.91875
105867847718775,1788513386998,24.2625,6.4687505,-28.06875
105867857718775,1788513387008,24.281252,6.6562505,-27.91875
105867867718775,1788513387018,24.562502,6.8437505,-27.88125
105867877718775,1788513387028,24.375002,6.99375,-28.031252
105867887718775,1788513387038,24.075,7.2187505,-28.06875
105867897718775,1788513387048,24.075,7.4625,-28.0125
105867907718775,1788513387058,23.925001,7.5750003,-28.2
105867917718775,1788513387068,23.71875,7.5000005,-28.125002
105867927718775,1788513387078,23.75625,7.4812503,-28.2
105867937718775,1788513387088,23.5125,7.3875003,-28.2
105867947718775,1788513387098,23.2875,7.2562504,-28.1625
105867957718775,1788513387108,23.587502,7.4625,-28.125002
105867967718775,1788513387118,23.6625,7.5375004,-28.143751
105867977718775,1788513387128,23.53125,7.5375004,-28.125002
105867987718775,1788513387138,23.625,7.4812503,-28.050001
105867997718775,1788513387148,23.8125,7.5375004,-28.0125
105868007718775,1788513387158,23.75625,7.5000005,-27.91875
105868017718775,1788513387168,24.075,7.5937505,-27.900002
105868027718775,1788513387178,24.056252,7.3875003,-27.69375
105868037718775,1788513387188,24.093752,7.2937503,-27.69375
105868047718775,1788513387198,24.112501,7.1625004,-27.768751
105868057718775,1788513387208,24.225,7.2187505,-27.900002
105868067718775,1788513387218,24.13125,7.2562504,-28.031252
105868077718775,1788513387228,24.281252,7.1625004,-28.10625
105868087718775,1788513387238,24.300001,7.18125,-27.975
105868097718775,1788513387248,24.31875,7.1062503,-27.993752
105868107718775,1788513387258,24.50625,7.2937503,-28.275002
105868117718775,1788513387268,24.487501,7.1625004,-28.218752
105868127718775,1788513387278,24.431252,7.3125005,-28.0125
105868137718775,1788513387288,24.16875,7.3875003,-28.0125
105868147718775,1788513387298,24.243752,7.2562504,-27.843752
105868157718775,1788513387308,24.35625,7.4625,-27.806252
105868167718775,1788513387318,24.581251,7.5000005,-27.806252
105868177718775,1788513387328,24.54375,7.5000005,-28.087502
105868187718775,1788513387338,24.618752,7.5750003,-28.125002
105868197718775,1788513387348,24.487501,7.8375,-28.331251
105868207718775,1788513387358,24.487501,7.5937505,-28.518751
105868217718775,1788513387368,24.4125,7.3500004,-28.837502
105868227718775,1788513387378,24.35625,7.70625,-28.66875
105868237718775,1788513387388,24.206251,7.6875005,-28.66875
105868247718775,1788513387398,24.13125,7.8375,-28.725
105868257718775,1788513387408,24.16875,8.025001,-28.406252
105868267718775,1788513387418,24.243752,7.89375,-28.237501
105868277718775,1788513387428,24.487501,7.6125,-27.937502
105868287718775,1788513387438,24.581251,7.7625003,-27.975
105868297718775,1788513387448,24.6375,7.7625003,-27.843752
105868307718775,1788513387458,24.54375,7.8187504,-27.843752
105868317718775,1788513387468,24.675001,7.70625,-27.73125
105868327718775,1788513387478,24.525002,7.7812505,-27.768751
105868337718775,1788513387488,24.337502,7.5937505,-27.88125
105868347718775,1788513387498,24.16875,7.6687503,-27.862501
105868357718775,1788513387508,24.112501,7.7812505,-28.06875
105868367718775,1788513387518,23.737501,7.5750003,-27.937502
105868377718775,1788513387528,23.79375,7.5375004,-27.937502
105868387718775,1788513387538,24.075,7.4062505,-28.125002
105868397718775,1788513387548,23.8875,7.4812503,-28.181252
105868407718775,1788513387558,23.831251,7.2187505,-28.275002
105868417718775,1788513387568,23.737501,7.3500004,-28.237501
105868427718775,1788513387578,23.71875,7.275,-28.35
105868437718775,1788513387588,23.5125,7.33125,-28.29375
105868447718775,1788513387598,24.0375,7.2937503,-28.29375
105868457718775,1788513387608,23.98125,7.425,-28.06875
105868467718775,1788513387618,23.75625,7.3125005,-28.218752
105868477718775,1788513387628,23.94375,7.36875,-28.312502
105868487718775,1788513387638,23.98125,7.51875,-28.143751
105868497718775,1788513387648,24.187502,7.5750003,-28.2
105868507718775,1788513387658,24.375002,7.65,-28.312502
105868517718775,1788513387668,24.50625,7.5750003,-28.1625
105868527718775,1788513387678,24.31875,7.4812503,-28.35
105868537718775,1788513387688,24.225,7.3875003,-28.3875
105868547718775,1788513387698,24.31875,7.51875,-28.031252
105868557718775,1788513387708,24.2625,7.51875,-28.031252
105868567718775,1788513387718,24.6,7.425,-28.35
105868577718775,1788513387728,24.6,7.33125,-28.218752
105868587718775,1788513387738,24.54375,7.36875,-28.125002
105868597718775,1788513387748,24.562502,7.1625004,-28.331251
105868607718775,1788513387758,24.50625,7.4812503,-28.218752
105868617718775,1788513387768,24.69375,7.5750003,-28.181252
105868627718775,1788513387778,24.712502,7.65,-28.35
105868637718775,1788513387788,24.45,7.4625,-28.275002
105868647718775,1788513387798,24.2625,7.5375004,-27.937502
105868657718775,1788513387808,24.206251,7.51875,-27.91875
105868667718775,1788513387818,24.056252,7.5000005,-27.806252
105868677718775,1788513387828,24.056252,7.5750003,-27.712502
105868687718775,1788513387838,24.300001,7.6312504,-27.900002
105868697718775,1788513387848,24.31875,7.6125,-28.25625
105868707718775,1788513387858,24.16875,7.33125,-28.050001
105868717718775,1788513387868,24.300001,7.4625,-28.181252
105868727718775,1788513387878,24.225,7.5375004,-28.3875
105868737718775,1788513387888,24.337502,7.4437504,-28.63125
105868747718775,1788513387898,24.300001,7.425,-28.743752
105868757718775,1788513387908,24.45,7.65,-28.837502
105868767718775,1788513387918,24.300001,7.51875,-28.500002
105868777718775,1788513387928,24.300001,7.3500004,-28.031252
105868787718775,1788513387938,24.431252,7.4437504,-28.25625
105868797718775,1788513387948,24.618752,7.5375004,-28.125002
105868807718775,1788513387958,24.525002,7.33125,-28.1625
105868817718775,1788513387968,24.525002,7.4062505,-27.91875
105868827718775,1788513387978,24.6,7.0687504,-27.843752
105868837718775,1788513387988,24.54375,7.0687504,-27.975
105868847718775,1788513387998,24.35625,7.0687504,-28.125002
105868857718775,1788513388008,24.35625,7.0312505,-28.218752
105868867718775,1788513388018,24.300001,7.1250005,-28.125002
105868877718775,1788513388028,24.150002,6.8812504,-28.1625
105868887718775,1788513388038,24.075,7.0125003,-27.768751
105868897718775,1788513388048,23.962502,7.2187505,-27.975
105868907718775,1788513388058,23.85,7.36875,-27.91875
105868917718775,1788513388068,23.8125,7.14375,-27.91875
105868927718775,1788513388078,23.8875,7.18125,-28.031252
105868937718775,1788513388088,23.8875,7.2187505,-28.1625
105868947718775,1788513388098,23.90625,7.2375,-28.331251
105868957718775,1788513388108,23.79375,7.33125,-28.35
105868967718775,1788513388118,24.018751,7.1250005,-28.66875
105868977718775,1788513388128,23.98125,6.8625,-28.612501
105868987718775,1788513388138,24.150002,7.0312505,-28.66875
105868997718775,1788513388148,24.187502,7.1625004,-28.593752
105869007718775,1788513388158,24.187502,7.2000003,-28.425001
105869017718775,1788513388168,24.187502,7.2375,-28.35
105869027718775,1788513388178,24.0375,7.0875,-28.29375
105869037718775,1788513388188,24.16875,7.0125003,-28.25625
105869047718775,1788513388198,23.8875,6.99375,-28.1625
105869057718775,1788513388208,24.0375,7.18125,-27.937502
105869067718775,1788513388218,24.018751,7.2562504,-27.975
105869077718775,1788513388228,23.8875,7.2375,-27.937502
105869087718775,1788513388238,24.093752,7.1250005,-28.125002
105869097718775,1788513388248,24.16875,7.0875,-28.143751
105869107718775,1788513388258,24.243752,7.18125,-28.125002
105869117718775,1788513388268,24.2625,7.5000005,-28.125002
105869127718775,1788513388278,24.487501,7.74375,-28.143751
105869137718775,1788513388288,24.393751,7.6875005,-28.368752
105869147718775,1788513388298,24.2625,7.6875005,-28.29375
105869157718775,1788513388308,24.281252,7.70625,-28.312502
105869167718775,1788513388318,24.018751,7.8187504,-28.1625
105869177718775,1788513388328,23.8875,7.6125,-28.0125
105869187718775,1788513388338,23.737501,7.51875,-27.825
105869197718775,1788513388348,23.625,7.4437504,-27.900002
105869207718775,1788513388358,23.550001,7.5750003,-27.937502
105869217718775,1788513388368,23.7,7.55625,-27.806252
105869227718775,1788513388378,23.6625,7.4812503,-27.88125
105869237718775,1788513388388,23.85,7.3875003,-27.7875
105869247718775,1788513388398,23.94375,7.4812503,-27.88125
105869257718775,1788513388408,23.737501,7.6875005,-28.125002
105869267718775,1788513388418,24.075,7.8,-28.425001
105869277718775,1788513388428,24.056252,7.70625,-28.368752
105869287718775,1788513388438,24.150002,7.4625,-28.425001
105869297718775,1788513388448,24.13125,7.3875003,-28.500002
105869307718775,1788513388458,24.337502,7.3875003,-28.518751
105869317718775,1788513388468,24.243752,7.3500004,-28.556252
105869327718775,1788513388478,24.375002,7.2562504,-28.687502
105869337718775,1788513388488,24.6,7.4437504,-28.725
105869347718775,1788513388498,24.375002,7.2562504,-28.556252
105869357718775,1788513388508,24.393751,7.14375,-28.48125
105869367718775,1788513388518,24.337502,7.1250005,-28.462502
105869377718775,1788513388528,24.300001,7.14375,-28.612501
105869387718775,1788513388538,24.112501,6.99375,-28.687502
105869397718775,1788513388548,24.112501,6.99375,-28.687502
105869407718775,1788513388558,23.8875,7.0687504,-28.462502
105869417718775,1788513388568,23.868752,7.0312505,-28.368752
105869427718775,1788513388578,23.962502,7.3875003,-28.593752
105869437718775,1788513388588,24.0375,7.4625,-28.743752
105869447718775,1788513388598,24.0,7.5375004,-28.612501
105869457718775,1788513388608,23.737501,7.5000005,-28.48125
105869467718775,1788513388618,23.8125,7.74375,-28.3875
105869477718775,1788513388628,23.75625,7.65,-28.35
105869487718775,1788513388638,23.71875,7.5375004,-28.275002
105869497718775,1788513388648,23.587502,7.4062505,-28.2
105869507718775,1788513388658,23.587502,7.2187505,-28.10625
105869517718775,1788513388668,23.587502,7.2187505,-28.10625
105869527718775,1788513388678,23.71875,7.3875003,-28.143751
105869537718775,1788513388688,23.962502,7.4062505,-28.0125
105869547718775,1788513388698,23.831251,7.18125,-28.125002
105869557718775,1788513388708,23.8125,7.3875003,-28.10625
105869567718775,1788513388718,24.150002,7.36875,-28.3875
105869577718775,1788513388728,24.431252,7.4437504,-28.500002
105869587718775,1788513388738,24.150002,7.51875,-28.29375
105869597718775,1788513388748,23.94375,7.5375004,-28.25625
105869607718775,1788513388758,23.8875,7.4625,-28.10625
105869617718775,1788513388768,23.8125,7.4812503,-28.125002
105869627718775,1788513388778,23.94375,7.4437504,-28.0125
105869637718775,1788513388788,24.056252,7.4812503,-28.031252
105869647718775,1788513388798,23.737501,7.425,-27.862501
105869657718775,1788513388808,23.587502,7.2562504,-27.937502
105869667718775,1788513388818,23.85,7.2187505,-27.91875
105869677718775,1788513388828,24.150002,7.2187505,-27.806252
105869687718775,1788513388838,23.8125,7.2562504,-27.900002
105869697718775,1788513388848,24.075,7.2187505,-27.91875
105869707718775,1788513388858,24.093752,7.3500004,-27.993752
105869717718775,1788513388868,24.056252,7.1625004,-27.956251
105869727718775,1788513388878,24.018751,7.4437504,-27.862501
105869737718775,1788513388888,24.0375,7.6312504,-27.69375
105869747718775,1788513388898,23.98125,7.4062505,-27.768751
105869757718775,1788513388908,24.093752,7.4437504,-28.031252
105869767718775,1788513388918,24.337502,7.1062503,-28.10625
105869777718775,1788513388928,24.018751,7.18125,-28.06875
105869787718775,1788513388938,24.056252,7.0875,-28.06875
105869797718775,1788513388948,24.075,7.18125,-28.10625
105869807718775,1788513388958,24.2625,7.05,-28.087502
105869817718775,1788513388968,24.337502,7.1250005,-28.1625
105869827718775,1788513388978,24.375002,7.14375,-28.050001
105869837718775,1788513388988,24.112501,7.3125005,-27.956251
105869847718775,1788513388998,24.0375,7.425,-27.975
105869857718775,1788513389008,24.093752,7.275,-27.975
105869867718775,1788513389018,23.94375,7.3500004,-27.91875
105869877718775,1788513389028,23.8125,7.6312504,-28.050001
105869887718775,1788513389038,23.625,7.4625,-28.1625
105869897718775,1788513389048,23.587502,7.0687504,-28.125002
105869907718775,1788513389058,23.60625,7.2375,-28.425001
105869917718775,1788513389068,23.4375,7.0312505,-28.35
105869927718775,1788513389078,23.56875,6.95625,-28.556252
105869937718775,1788513389088,23.5125,6.95625,-28.687502
105869947718775,1788513389098,23.5125,6.7875004,-28.612501
105869957718775,1788513389108,23.6625,6.4875,-28.95
105869967718775,1788513389118,23.71875,6.525,-29.04375
105869977718775,1788513389128,23.79375,7.0312505,-29.325
105869987718775,1788513389138,23.6625,6.9,-29.250002
105869997718775,1788513389148,24.16875,6.9375005,-29.2875
105870007718775,1788513389158,24.0,7.1062503,-29.081251
105870017718775,1788513389168,24.206251,7.0687504,-29.04375
105870027718775,1788513389178,24.281252,7.05,-28.931252
105870037718775,1788513389188,24.075,7.2187505,-28.800001
105870047718775,1788513389198,24.093752,7.425,-28.781252
105870057718775,1788513389208,24.0375,7.05,-28.48125
105870067718775,1788513389218,24.093752,7.1062503,-28.612501
105870077718775,1788513389228,23.550001,7.0125003,-28.7625
105870087718775,1788513389238,23.625,7.0125003,-28.743752
105870097718775,1788513389248,23.475,7.2187505,-28.781252
105870107718775,1788513389258,23.400002,7.2375,-28.987501
105870117718775,1788513389268,23.4375,7.1062503,-28.781252
105870127718775,1788513389278,23.41875,7.0312505,-28.5375
105870137718775,1788513389288,23.475,7.2375,-28.556252
105870147718775,1788513389298,23.625,7.2375,-28.368752
105870157718775,1788513389308,23.925001,7.2375,-28.10625
105870167718775,1788513389318,23.94375,7.1625004,-28.275002
105870177718775,1788513389328,23.94375,7.2562504,-28.275002
105870187718775,1788513389338,23.925001,7.36875,-28.312502
105870197718775,1788513389348,24.0375,7.5000005,-28.3875
105870207718775,1788513389358,24.243752,7.5000005,-28.706251
105870217718775,1788513389368,23.98125,7.65,-28.687502
105870227718775,1788513389378,24.0,7.4812503,-28.612501
105870237718775,1788513389388,23.75625,7.3500004,-28.593752
105870247718775,1788513389398,23.831251,7.51875,-28.612501
105870257718775,1788513389408,24.0375,7.5375004,-28.48125
105870267718775,1788513389418,24.225,7.4437504,-28.331251
105870277718775,1788513389428,24.2625,7.2187505,-28.425001
105870287718775,1788513389438,24.225,7.2187505,-28.406252
105870297718775,1788513389448,24.487501,7.1062503,-28.500002
105870307718775,1788513389458,24.562502,7.4437504,-28.66875
105870317718775,1788513389468,24.806252,7.6875005,-28.95
105870327718775,1788513389478,24.91875,7.6687503,-28.650002
105870337718775,1788513389488,24.618752,7.4437504,-28.63125
105870347718775,1788513389498,24.45,7.3500004,-28.743752
105870357718775,1788513389508,24.618752,7.5750003,-28.63125
105870367718775,1788513389518,24.768751,7.6312504,-28.556252
105870377718775,1788513389528,24.7875,7.55625,-28.5375
105870387718775,1788513389538,24.656252,7.33125,-28.237501
105870397718775,1788513389548,24.468752,7.3125005,-28.050001
105870407718775,1788513389558,24.431252,7.3500004,-28.050001
105870417718775,1788513389568,24.656252,7.4625,-28.1625
105870427718775,1788513389578,24.6375,7.65,-28.031252
105870437718775,1788513389588,24.31875,7.6312504,-27.73125
105870447718775,1788513389598,24.0375,7.70625,-27.768751
105870457718775,1788513389608,23.831251,7.7250004,-27.7875
105870467718775,1788513389618,23.831251,7.7250004,-28.2
105870477718775,1788513389628,23.8875,7.70625,-28.218752
105870487718775,1788513389638,23.775002,7.51875,-28.406252
105870497718775,1788513389648,23.5125,7.2562504,-28.425001
105870507718775,1788513389658,23.643751,7.1625004,-28.425001
105870517718775,1788513389668,23.775002,6.99375,-28.518751
105870527718775,1788513389678,23.625,6.76875,-28.48125
105870537718775,1788513389688,23.737501,7.0125003,-28.575
105870547718775,1788513389698,23.775002,7.05,-28.275002
105870557718775,1788513389708,23.79375,6.9375005,-28.2
105870567718775,1788513389718,23.7,7.1062503,-28.10625
105870577718775,1788513389728,23.868752,7.2562504,-28.35
105870587718775,1788513389738,23.775002,7.3875003,-28.218752
105870597718775,1788513389748,23.587502,7.6125,-28.29375
105870607718775,1788513389758,23.831251,7.5375004,-28.275002
105870617718775,1788513389768,23.775002,7.4625,-28.25625
105870627718775,1788513389778,23.325,7.3125005,-28.275002
105870637718775,1788513389788,23.306252,7.5750003,-28.5375
105870647718775,1788513389798,23.60625,7.2937503,-28.650002
105870657718775,1788513389808,23.625,7.1250005,-28.35
105870667718775,1788513389818,23.681252,7.05,-28.612501
105870677718775,1788513389828,23.681252,6.7875004,-28.500002
105870687718775,1788513389838,23.475,6.9375005,-28.425001
105870697718775,1788513389848,23.550001,6.80625,-28.368752
105870707718775,1788513389858,24.0,6.8625,-28.500002
105870717718775,1788513389868,24.13125,6.6562505,-28.06875
105870727718775,1788513389878,23.94375,6.9187503,-27.88125
105870737718775,1788513389888,23.98125,7.2187505,-28.0125
105870747718775,1788513389898,23.90625,7.2187505,-27.806252
105870757718775,1788513389908,24.0375,7.3500004,-28.10625
105870767718775,1788513389918,24.300001,7.1250005,-28.050001
105870777718775,1788513389928,24.4125,6.95625,-28.1625
105870787718775,1788513389938,24.150002,6.9750004,-28.406252
105870797718775,1788513389948,24.187502,6.7500005,-28.35
105870807718775,1788513389958,24.018751,6.7312503,-28.518751
105870817718775,1788513389968,24.018751,6.5062504,-28.425001
105870827718775,1788513389978,24.225,6.61875,-28.81875
105870837718775,1788513389988,24.225,6.6000004,-28.650002
105870847718775,1788513389998,24.093752,6.7312503,-29.00625
105870857718775,1788513390008,23.925001,6.8437505,-28.893751
105870867718775,1788513390018,24.13125,6.8625,-28.743752
105870877718775,1788513390028,24.075,7.1250005,-29.118752
105870887718775,1788513390038,24.2625,7.0687504,-29.025002
105870897718775,1788513390048,24.0375,7.2562504,-29.062502
105870907718775,1788513390058,23.85,7.2937503,-28.85625
105870917718775,1788513390068,23.75625,7.2000003,-28.987501
105870927718775,1788513390078,23.8125,7.2187505,-28.63125
105870937718775,1788513390088,23.85,7.0312505,-28.781252
105870947718775,1788513390098,23.85,7.1062503,-28.612501
105870957718775,1788513390108,23.8875,7.2000003,-28.556252
105870967718775,1788513390118,23.79375,7.1625004,-28.462502
105870977718775,1788513390128,24.0375,6.9,-28.25625
105870987718775,1788513390138,24.16875,6.9,-28.050001
105870997718775,1788513390148,24.468752,6.9750004,-27.937502
105871007718775,1788513390158,24.300001,6.99375,-28.0125
105871017718775,1788513390168,24.393751,7.0875,-27.73125
105871027718775,1788513390178,24.393751,7.0875,-27.73125
105871037718775,1788513390188,24.45,7.18125,-27.825
105871047718775,1788513390198,24.562502,7.3875003,-27.993752
105871057718775,1788513390208,24.73125,7.6125,-27.956251
105871067718775,1788513390218,24.581251,7.65,-28.237501
105871077718775,1788513390228,24.581251,7.7812505,-28.10625
105871087718775,1788513390238,24.525002,7.9500003,-28.125002
105871097718775,1788513390248,24.6375,8.231251,-28.25625
105871107718775,1788513390258,24.712502,8.4375,-28.35
105871117718775,1788513390268,24.618752,8.19375,-28.10625
105871127718775,1788513390278,24.750002,7.9500003,-28.10625
105871137718775,1788513390288,24.581251,7.93125,-28.25625
105871147718775,1788513390298,24.73125,7.55625,-28.1625
105871157718775,1788513390308,24.54375,7.4625,-28.1625
105871167718775,1788513390318,24.900002,7.51875,-27.993752
105871177718775,1788513390328,24.468752,7.36875,-27.88125
105871187718775,1788513390338,24.50625,7.0875,-27.73125
105871197718775,1788513390348,24.525002,6.8812504,-27.937502
105871207718775,1788513390358,24.337502,6.9375005,-27.993752
105871217718775,1788513390368,24.31875,7.0125003,-28.1625
105871227718775,1788513390378,24.431252,6.99375,-28.143751
105871237718775,1788513390388,24.581251,6.9187503,-28.1625
105871247718775,1788513390398,24.31875,6.8812504,-28.2
105871257718775,1788513390408,24.581251,6.9187503,-28.575
105871267718775,1788513390418,24.4125,7.0125003,-28.556252
105871277718775,1788513390428,24.393751,7.18125,-28.5375
105871287718775,1788513390438,24.468752,7.1625004,-28.331251
105871297718775,1788513390448,24.281252,6.9750004,-28.218752
105871307718775,1788513390458,23.94375,7.3125005,-28.29375
105871317718775,1788513390468,23.868752,7.4625,-28.275002
105871327718775,1788513390478,23.868752,7.0687504,-28.518751
105871337718775,1788513390488,23.925001,6.80625,-28.48125
105871347718775,1788513390498,23.737501,6.76875,-28.575
105871357718775,1788513390508,23.775002,6.76875,-28.706251
105871367718775,1788513390518,23.550001,6.6937504,-28.85625
105871377718775,1788513390528,23.550001,6.8812504,-28.893751
105871387718775,1788513390538,23.75625,6.80625,-28.9125
105871397718775,1788513390548,23.737501,6.7312503,-29.062502
105871407718775,1788513390558,23.7,7.0125003,-28.875002
105871417718775,1788513390568,23.475,7.1062503,-28.500002
105871427718775,1788513390578,23.737501,7.2000003,-28.518751
105871437718775,1788513390588,23.587502,7.275,-28.48125
105871447718775,1788513390598,23.8125,7.3500004,-28.331251
105871457718775,1788513390608,24.13125,7.3125005,-28.2
105871467718775,1788513390618,24.206251,7.2187505,-28.10625
105871477718775,1788513390628,24.093752,7.51875,-28.087502
105871487718775,1788513390638,24.0,7.36875,-28.125002
105871497718775,1788513390648,24.0375,7.5937505,-28.275002
105871507718775,1788513390658,24.0,7.5375004,-28.143751
105871517718775,1788513390668,24.2625,7.5937505,-27.975
105871527718775,1788513390678,24.35625,7.65,-28.218752
105871537718775,1788513390688,24.300001,7.70625,-28.331251
105871547718775,1788513390698,24.431252,7.51875,-28.35
105871557718775,1788513390708,24.468752,7.33125,-28.35
105871567718775,1788513390718,24.656252,7.5375004,-28.143751
105871577718775,1788513390728,24.4125,7.275,-28.406252
105871587718775,1788513390738,24.225,7.33125,-28.5375
105871597718775,1788513390748,24.13125,7.3125005,-28.237501
105871607718775,1788513390758,23.8875,7.3500004,-28.10625
105871617718775,1788513390768,24.0,7.4625,-27.900002
105871627718775,1788513390778,23.625,7.6687503,-27.862501
105871637718775,1788513390788,23.71875,7.5937505,-27.900002
105871647718775,1788513390798,23.643751,7.5375004,-28.0125
105871657718775,1788513390808,23.868752,7.8,-27.656252
105871667718775,1788513390818,24.2625,7.8375,-27.675001
105871677718775,1788513390828,24.35625,7.8,-27.7875
105871687718775,1788513390838,24.35625,7.74375,-27.88125
105871697718775,1788513390848,24.2625,7.65,-28.1625
105871707718775,1788513390858,24.243752,7.5750003,-27.975
105871717718775,1788513390868,24.13125,7.65,-28.0125
105871727718775,1788513390878,23.94375,7.5750003,-28.06875
105871737718775,1788513390888,23.962502,7.425,-28.181252
105871747718775,1788513390898,23.98125,7.5000005,-28.06875
105871757718775,1788513390908,23.8875,7.4437504,-28.35
105871767718961,1788513390918,23.8875,7.4062505,-28.2
105871777718961,1788513390928,23.8875,7.275,-28.29375
105871787718961,1788513390938,24.112501,7.5375004,-28.575
105871797718961,1788513390948,24.13125,7.6125,-28.406252
105871807718961,1788513390958,24.525002,7.5375004,-28.406252
105871817718961,1788513390968,24.337502,7.6125,-28.237501
105871827718961,1788513390978,24.431252,7.5375004,-28.331251
105871837718961,1788513390988,24.4125,7.5750003,-28.25625
105871847718961,1788513390998,24.393751,7.6875005,-28.518751
105871857718961,1788513391008,24.375002,7.70625,-28.25625
105871867718961,1788513391018,24.150002,7.70625,-28.10625
105871877718961,1788513391028,24.16875,7.5375004,-28.29375
105871887718961,1788513391038,24.225,7.70625,-28.500002
105871897718961,1788513391048,24.4125,7.7625003,-28.575
105871907718961,1788513391058,24.018751,7.70625,-28.593752
105871917718961,1788513391068,24.0375,7.6687503,-28.7625
105871927718961,1788513391078,24.2625,7.4062505,-28.66875
105871937718961,1788513391088,24.206251,7.4625,-28.66875
105871947718961,1788513391098,24.431252,7.4062505,-28.837502
105871957718961,1788513391108,24.35625,7.4812503,-28.706251
105871967718961,1788513391118,24.093752,7.2937503,-28.48125
105871977718961,1788513391128,24.187502,7.3125005,-28.556252
105871987718961,1788513391138,24.375002,7.2562504,-28.63125
105871997718961,1788513391148,24.16875,7.05,-28.25625
105872007718961,1788513391158,23.962502,7.1250005,-28.3875
105872017718961,1788513391168,23.79375,7.05,-28.500002
105872027718961,1788513391178,23.75625,7.0125003,-28.331251
105872037718961,1788513391188,23.79375,6.95625,-28.575
105872047718961,1788513391198,23.94375,7.1250005,-28.781252
105872057718961,1788513391208,23.925001,7.1625004,-28.612501
105872067718961,1788513391218,23.8875,7.3500004,-28.331251
105872077718961,1788513391228,23.8125,7.7625003,-28.331251
105872087718961,1788513391238,23.8875,7.7812505,-28.125002
105872097718961,1788513391248,23.79375,7.7812505,-28.031252
105872107718961,1788513391258,23.587502,7.51875,-27.91875
105872117718961,1788513391268,23.60625,7.5000005,-27.843752
105872127718961,1788513391278,23.475,7.51875,-27.712502
105872137718961,1788513391288,23.400002,7.4812503,-27.88125
105872147718961,1788513391298,23.34375,7.3500004,-28.050001
105872157718961,1788513391308,23.737501,7.425,-28.181252
105872167718961,1788513391318,23.868752,7.3125005,-28.275002
105872177718961,1788513391328,24.018751,7.4437504,-28.275002
105872187718961,1788513391338,24.13125,7.3125005,-28.3875
105872197718961,1788513391348,23.98125,7.3125005,-28.25625
105872207718961,1788513391358,24.187502,7.275,-28.1625
105872217718961,1788513391368,24.187502,7.33125,-28.29375
105872227718961,1788513391378,24.13125,7.275,-28.312502
105872237718961,1788513391388,23.925001,7.0687504,-28.44375
105872247718961,1788513391398,23.85,7.275,-28.425001
105872257718961,1788513391408,24.225,7.2937503,-28.687502
105872267718961,1788513391418,24.35625,7.6125,-28.81875
105872277718961,1788513391428,24.431252,7.6875005,-28.931252
105872287718961,1788513391438,24.431252,7.6875005,-29.025002
105872297718961,1788513391448,24.618752,7.55625,-28.893751
105872307718961,1788513391458,24.487501,7.4625,-28.81875
105872317718961,1788513391468,24.50625,7.4812503,-28.650002
105872327718961,1788513391478,24.206251,7.3125005,-28.66875
105872337718961,1788513391488,23.831251,7.2937503,-28.462502
105872347718961,1788513391498,23.681252,6.99375,-28.050001
105872357718961,1788513391508,23.75625,7.0125003,-28.031252
105872367718961,1788513391518,23.643751,6.76875,-27.825
105872377718961,1788513391528,23.493752,6.4500003,-27.69375
105872387718961,1788513391538,23.6625,6.7500005,-27.73125
105872397718961,1788513391548,23.6625,6.61875,-28.0125
105872407718961,1788513391558,23.94375,6.7875004,-27.843752
105872417718961,1788513391568,23.98125,6.7875004,-27.843752
105872427718961,1788513391578,24.018751,7.36875,-28.275002
105872437718961,1788513391588,23.831251,7.3125005,-28.218752
105872447718961,1788513391598,23.831251,7.3875003,-28.406252
105872457718961,1788513391608,23.85,7.6875005,-28.5375
105872467718961,1788513391618,23.79375,7.55625,-28.3875
105872477718961,1788513391628,23.868752,7.5750003,-28.218752
105872487718961,1788513391638,24.150002,7.5000005,-28.125002
105872497718961,1788513391648,24.056252,7.4625,-28.06875
105872507718961,1788513391658,24.281252,7.3500004,-28.050001
105872517718961,1788513391668,24.50625,7.3125005,-28.1625
105872527718961,1788513391678,24.581251,7.55625,-28.031252
105872537718961,1788513391688,24.6,7.4062505,-27.862501
105872547718961,1788513391698,24.712502,7.275,-27.843752
105872557718961,1788513391708,24.675001,7.425,-27.806252
105872567718961,1788513391718,24.31875,7.5375004,-27.975
105872577718961,1788513391728,24.281252,7.5375004,-27.975
105872587718961,1788513391738,24.056252,7.2187505,-27.843752
105872597718961,1788513391748,24.056252,7.1062503,-27.768751
105872607718961,1788513391758,24.093752,6.95625,-27.900002
105872617718961,1788513391768,24.018751,7.1062503,-28.29375
105872627718961,1788513391778,23.85,7.2562504,-28.35
105872637718961,1788513391788,24.0375,7.1250005,-28.312502
105872647718961,1788513391798,23.962502,6.8250003,-28.29375
105872657718961,1788513391808,24.31875,6.76875,-28.331251
105872667718961,1788513391818,24.4125,6.8250003,-28.29375
105872677718961,1788513391828,24.2625,7.0125003,-27.937502
105872687718961,1788513391838,24.018751,7.0875,-27.69375
105872697718961,1788513391848,23.90625,7.2375,-27.281252
105872707718961,1788513391858,24.018751,7.2187505,-27.6
105872717718961,1788513391868,23.775002,7.1250005,-27.581251
105872727718961,1788513391878,23.94375,7.2375,-27.487501
105872737718961,1788513391888,23.8125,7.4062505,-27.45
105872747718961,1788513391898,23.8125,7.2562504,-27.54375
105872757718961,1788513391908,23.8125,7.2562504,-27.993752
105872767718961,1788513391918,23.79375,7.1250005,-28.10625
105872777718961,1788513391928,23.681252,6.80625,-28.10625
105872787718961,1788513391938,23.643751,6.8437505,-27.937502
105872797718961,1788513391948,23.79375,6.9750004,-27.993752
105872807718961,1788513391958,23.8125,7.18125,-28.2
105872817718961,1788513391968,23.831251,6.99375,-28.275002
105872827718961,1788513391978,23.831251,7.2562504,-28.29375
105872837718961,1788513391988,23.925001,7.2562504,-28.1625
105872847718961,1788513391998,24.243752,7.5000005,-28.237501
105872857718961,1788513392008,24.487501,7.70625,-28.612501
105872867718961,1788513392018,24.2625,7.6875005,-28.725
105872877718961,1788513392028,24.093752,7.5937505,-28.781252
105872887718961,1788513392038,24.187502,7.6125,-28.781252
105872897718961,1788513392048,24.13125,7.7250004,-28.593752
105872907718961,1788513392058,24.13125,7.6312504,-28.687502
105872917718961,1788513392068,24.187502,7.5937505,-28.725
105872927718961,1788513392078,24.225,7.4812503,-28.837502
105872937718961,1788513392088,24.206251,7.5000005,-28.725
105872947718961,1788513392098,24.45,7.5000005,-28.687502
105872957718961,1788513392108,24.618752,7.6125,-28.575
105872967718961,1788513392118,24.525002,7.425,-28.518751
105872977718961,1788513392128,24.50625,7.33125,-28.518751
105872987718961,1788513392138,24.4125,7.2375,-28.331251
105872997718961,1788513392148,24.187502,7.2000003,-28.1625
105873007718961,1788513392158,24.0,7.0125003,-28.218752
105873017718961,1788513392168,23.925001,6.9375005,-28.050001
105873027718961,1788513392178,23.925001,6.9375005,-27.825
105873037718961,1788513392188,24.018751,6.7125,-27.69375
105873047718961,1788513392198,24.112501,6.8625,-27.69375
105873057718961,1788513392208,24.206251,6.9750004,-28.06875
105873067718961,1788513392218,24.13125,7.1625004,-27.956251
105873077718961,1788513392228,24.45,7.0687504,-28.1625
105873087718961,1788513392238,24.300001,7.3500004,-28.087502
105873097718961,1788513392248,24.300001,7.5000005,-27.956251
105873107718961,1788513392258,24.281252,7.7625003,-28.275002
105873117718961,1788513392268,24.225,7.9125004,-28.35
105873127718961,1788513392278,24.056252,7.74375,-28.29375
105873137718961,1788513392288,23.98125,7.7812505,-28.050001
105873147718961,1788513392298,23.94375,7.7812505,-28.050001
105873157718961,1788513392308,23.7,7.7625003,-27.825
105873167718961,1788513392318,23.85,7.5750003,-27.562502
105873177718961,1788513392328,23.79375,7.5750003,-27.750002
105873187718961,1788513392338,23.925001,7.33125,-27.562502
105873197718961,1788513392348,23.831251,7.4812503,-27.825
105873207718961,1788513392358,23.79375,7.5937505,-27.937502
105873217718961,1788513392368,23.868752,7.6875005,-28.125002
105873227718961,1788513392378,24.112501,7.6875005,-28.2
105873237718961,1788513392388,24.35625,7.74375,-28.44375
105873247718961,1788513392398,24.31875,7.70625,-28.556252
105873257718961,1788513392408,24.35625,7.4812503,-28.800001
105873267718961,1788513392418,24.243752,7.36875,-28.63125
105873277718961,1788513392428,24.0,7.05,-28.406252
105873287718961,1788513392438,24.187502,7.0312505,-28.35
105873297718961,1788513392448,24.056252,6.7875004,-28.218752
105873307718961,1788513392458,23.737501,6.58125,-28.237501
105873317718961,1788513392468,23.53125,6.5437503,-28.331251
105873327718961,1788513392478,23.587502,6.7125,-28.500002
105873337718961,1788513392488,23.5125,6.9750004,-28.2
105873347718961,1788513392498,23.456251,7.0125003,-28.25625
105873357718961,1788513392508,23.60625,7.3875003,-28.368752
105873367718961,1788513392518,23.493752,7.5000005,-28.275002
105873377718961,1788513392528,23.550001,7.51875,-28.368752
105873387718961,1788513392538,23.737501,7.70625,-28.500002
105873397718961,1788513392548,23.925001,7.8562503,-28.218752
105873407718961,1788513392558,23.831251,7.9500003,-27.993752
105873417718961,1788513392568,23.868752,7.6687503,-27.993752
105873427718961,1788513392578,23.868752,7.7250004,-27.900002
105873437718961,1788513392588,24.0,7.6687503,-27.900002
105873447718961,1788513392598,24.0,7.5375004,-27.862501
105873457718961,1788513392608,23.94375,7.5937505,-27.6375
105873467718961,1788513392618,23.925001,7.6125,-27.675001
105873477718961,1788513392628,23.737501,7.425,-27.54375
105873487718961,1788513392638,23.94375,7.3125005,-27.69375
105873497718961,1788513392648,24.093752,7.425,-27.656252
105873507718961,1788513392658,24.093752,7.51875,-27.7875
105873517718961,1788513392668,23.94375,7.3125005,-27.7875
105873527718961,1788513392678,23.868752,7.51875,-27.806252
105873537718961,1788513392688,24.018751,7.4625,-27.806252
105873547718961,1788513392698,24.225,7.4062505,-27.6375
105873557718961,1788513392708,24.0,7.7250004,-27.975
105873567718961,1788513392718,24.075,7.7625003,-27.956251
105873577718961,1788513392728,24.093752,7.70625,-28.031252
105873587718961,1788513392738,24.243752,7.65,-28.031252
105873597718961,1788513392748,24.431252,7.3875003,-27.843752
105873607718961,1788513392758,24.431252,7.18125,-28.0125
105873617718961,1788513392768,24.45,7.3500004,-28.050001
105873627718961,1788513392778,24.31875,7.425,-28.10625
105873637718961,1788513392788,24.487501,7.2937503,-27.88125
105873647718961,1788513392798,24.243752,7.4437504,-27.806252
105873657718961,1788513392808,24.13125,7.4062505,-27.768751
105873667718961,1788513392818,23.98125,7.36875,-27.900002
105873677718961,1788513392828,23.79375,7.70625,-27.843752
105873687718961,1788513392838,23.85,7.74375,-27.656252
105873697718961,1788513392848,23.493752,7.74375,-27.825
105873707718961,1788513392858,23.4375,7.55625,-27.618752
105873717718961,1788513392868,23.493752,7.5000005,-27.656252
105873727718961,1788513392878,23.85,7.275,-27.768751
105873737718961,1788513392888,23.8875,7.275,-27.91875
105873747718961,1788513392898,24.056252,7.4062505,-27.993752
105873757718961,1788513392908,24.0,7.4437504,-28.125002
105873767718961,1788513392918,24.0,7.4062505,-28.25625
105873777718961,1788513392928,24.093752,7.4062505,-28.25625
105873787718961,1788513392938,24.093752,7.65,-28.25625
105873797718961,1788513392948,24.16875,7.5937505,-28.143751
105873807718961,1788513392958,23.94375,7.5000005,-28.2
105873817718961,1788513392968,23.868752,7.6125,-28.125002
105873827718961,1788513392978,23.625,7.4812503,-28.031252
105873837718961,1788513392988,23.79375,7.4625,-28.10625
105873847718961,1788513392998,23.7,7.4625,-27.975
105873857718961,1788513393008,24.0375,7.2000003,-27.88125
105873867718961,1788513393018,24.093752,7.0687504,-27.993752
105873877718961,1788513393028,24.31875,7.2187505,-28.237501
105873887718961,1788513393038,24.243752,7.2937503,-28.087502
105873897718961,1788513393048,24.45,7.2375,-28.087502
105873907718961,1788513393058,24.581251,7.2000003,-27.862501
105873917718961,1788513393068,24.50625,7.1250005,-27.88125
105873927718961,1788513393078,24.581251,7.2937503,-28.1625
105873937718961,1788513393088,24.243752,7.3500004,-28.031252
105873947718961,1788513393098,24.300001,7.2562504,-28.143751
105873957718961,1788513393108,23.962502,7.1250005,-27.975
105873967718961,1788513393118,23.94375,7.0312505,-27.88125
105873977718961,1788513393128,23.8875,6.9750004,-28.0125
105873987718961,1788513393138,23.737501,6.9375005,-28.181252
105873997718961,1788513393148,23.85,6.9375005,-27.975
105874007718961,1788513393158,23.90625,6.80625,-27.656252
105874017718961,1788513393168,24.018751,6.7875004,-27.69375
105874027718961,1788513393178,23.94375,6.8625,-27.712502
105874037718961,1788513393188,24.075,6.8437505,-27.7875
105874047718961,1788513393198,24.075,6.80625,-27.937502
105874057718961,1788513393208,24.2625,6.9,-27.750002
105874067718961,1788513393218,24.337502,6.8437505,-27.675001
105874077718961,1788513393228,24.281252,6.8437505,-27.675001
105874087718961,1788513393238,24.112501,6.95625,-27.73125
105874097718961,1788513393248,24.337502,6.99375,-27.900002
105874107718961,1788513393258,24.45,7.1062503,-27.7875
105874117718961,1788513393268,24.31875,7.1062503,-27.750002
105874127718961,1788513393278,24.35625,7.2000003,-27.6
105874137718961,1788513393288,24.150002,7.2562504,-27.69375
105874147718961,1788513393298,24.31875,7.2562504,-27.88125
105874157718961,1788513393308,24.337502,7.1625004,-27.900002
105874167718961,1788513393318,24.50625,7.0875,-28.0125
105874177718961,1788513393328,24.35625,6.99375,-27.91875
105874187718961,1788513393338,24.375002,6.9750004,-27.900002
105874197718961,1788513393348,24.50625,7.18125,-28.143751
105874207718961,1788513393358,24.243752,7.2375,-28.331251
105874217718961,1788513393368,24.375002,7.275,-28.25625
105874227718961,1788513393378,24.300001,7.3500004,-27.91875
105874237718961,1788513393388,24.281252,7.65,-28.10625
105874247718961,1788513393398,24.35625,7.5750003,-27.993752
105874257718961,1788513393408,24.093752,7.5937505,-27.993752
105874267718961,1788513393418,23.8875,7.5937505,-28.0125
105874277718961,1788513393428,23.737501,7.5000005,-27.91875
105874287718961,1788513393438,23.925001,7.7250004,-27.768751
105874297718961,1788513393448,23.737501,7.5937505,-27.69375
105874307718961,1788513393458,23.643751,7.7250004,-27.825
105874317718961,1788513393468,23.643751,7.7250004,-27.862501
105874327718961,1788513393478,23.38125,7.74375,-27.88125
105874337718961,1788513393488,23.75625,8.025001,-27.656252
105874347718961,1788513393498,23.737501,7.8562503,-27.6375
105874357718961,1788513393508,23.8125,7.9500003,-27.7875
105874367718961,1788513393518,23.868752,7.8,-28.0125
105874377718961,1788513393528,23.775002,7.9875,-28.143751
105874387718961,1788513393538,23.90625,7.70625,-28.143751
105874397718961,1788513393548,23.8875,7.51875,-28.10625
105874407718961,1788513393558,23.8875,7.74375,-27.993752
105874417718961,1788513393568,23.775002,7.51875,-28.087502
105874427718961,1788513393578,23.775002,7.5750003,-28.181252
105874437718961,1788513393588,23.643751,7.36875,-27.843752
105874447718961,1788513393598,23.60625,7.275,-27.525002
105874457718961,1788513393608,23.6625,7.1062503,-27.431252
105874467718961,1788513393618,23.550001,7.2937503,-27.825
105874477718961,1788513393628,23.268751,7.2000003,-27.91875
105874487718961,1788513393638,23.550001,7.1625004,-27.975
105874497718961,1788513393648,23.38125,7.1625004,-28.218752
105874507718961,1788513393658,23.56875,7.2187505,-28.10625
105874517718961,1788513393668,23.775002,7.3500004,-28.2
105874527718961,1788513393678,23.868752,7.33125,-28.331251
105874537718961,1788513393688,23.8125,7.33125,-28.425001
105874547718961,1788513393698,23.8875,7.05,-27.843752
105874557718961,1788513393708,24.31875,7.2000003,-27.956251
105874567718961,1788513393718,24.13125,7.0875,-28.181252
105874577718961,1788513393728,24.375002,7.0125003,-27.900002
105874587718961,1788513393738,24.375002,6.9187503,-28.125002
105874597718961,1788513393748,24.300001,6.8437505,-28.143751
105874607718961,1788513393758,24.187502,6.9187503,-28.218752
105874617718961,1788513393768,24.337502,7.0125003,-28.218752
105874627718961,1788513393778,24.187502,7.2375,-28.63125
105874637718961,1788513393788,23.868752,7.0687504,-28.5375
105874647718961,1788513393798,23.868752,6.99375,-28.425001
105874657718961,1788513393808,23.71875,7.1062503,-28.593752
105874667718961,1788513393818,23.6625,7.1062503,-28.687502
105874677718961,1788513393828,23.7,7.0125003,-28.875002
105874687718961,1788513393838,23.85,7.0312505,-28.800001
105874697718961,1788513393848,23.625,7.0125003,-28.612501
105874707718961,1788513393858,23.71875,7.2187505,-28.612501
105874717718961,1788513393868,23.71875,7.425,-28.48125
105874727718961,1788513393878,23.71875,7.5750003,-28.25625
105874737718961,1788513393888,23.85,7.4625,-28.181252
105874747718961,1788513393898,23.60625,7.5937505,-28.237501
105874757718961,1788513393908,23.475,7.7625003,-28.143751
105874767718961,1788513393918,23.25,7.7812505,-28.218752
105874777718961,1788513393928,23.400002,7.8187504,-28.275002
105874787718961,1788513393938,23.400002,7.4437504,-28.181252
105874797718961,1788513393948,23.53125,7.2375,-28.031252
105874807718961,1788513393958,23.7,7.0687504,-28.331251
105874817718961,1788513393968,23.475,7.05,-28.1625
105874827718961,1788513393978,23.831251,7.0687504,-27.806252
105874837718961,1788513393988,23.925001,7.2375,-27.993752
105874847718961,1788513393998,24.0375,6.9375005,-27.7875
105874857718961,1788513394008,23.962502,6.7312503,-27.900002
105874867718961,1788513394018,23.831251,6.99375,-27.806252
105874877718961,1788513394028,23.8875,7.1062503,-27.993752
105874887718961,1788513394038,23.53125,6.99375,-27.675001
105874897718961,1788513394048,23.550001,7.18125,-28.087502
105874907718961,1788513394058,23.4375,7.14375,-28.087502
105874917718961,1788513394068,23.38125,6.95625,-27.937502
105874927718961,1788513394078,23.56875,7.0687504,-28.031252
105874937718961,1788513394088,23.643751,7.0875,-28.10625
105874947718961,1788513394098,23.775002,7.0312505,-28.218752
105874957718961,1788513394108,23.737501,7.1250005,-28.06875
105874967718961,1788513394118,23.925001,7.1062503,-28.237501
105874977718961,1788513394128,24.150002,7.05,-28.087502
105874987718961,1788513394138,24.13125,6.7500005,-28.2
105874997718961,1788513394148,24.056252,6.6562505,-28.050001
105875007718961,1788513394158,23.85,6.8250003,-28.312502
105875017718961,1788513394168,23.8875,7.05,-28.25625
105875027718961,1788513394178,23.925001,7.14375,-28.031252
105875037718961,1788513394188,23.6625,7.14375,-28.181252
105875047718961,1788513394198,23.831251,7.4062505,-28.06875
105875057718961,1788513394208,23.90625,7.3500004,-28.087502
105875067718961,1788513394218,23.79375,7.6875005,-28.06875
105875077718961,1788513394228,23.868752,7.7625003,-28.125002
105875087718961,1788513394238,23.79375,7.6312504,-27.900002
105875097718961,1788513394248,23.831251,7.3500004,-27.993752
105875107718961,1788513394258,23.8875,7.1250005,-28.050001
105875117718961,1788513394268,24.0375,7.0125003,-27.975
105875127718961,1788513394278,23.868752,6.9750004,-28.331251
105875137718961,1788513394288,23.831251,7.0687504,-28.1625
105875147718961,1788513394298,23.85,6.95625,-28.368752
105875157718961,1788513394308,23.85,6.76875,-28.2
105875167718961,1788513394318,23.962502,6.9375005,-28.237501
105875177718961,1788513394328,23.868752,7.1250005,-28.368752
105875187718961,1788513394338,23.7,7.425,-28.518751
105875197718961,1788513394348,23.681252,7.5000005,-28.500002
105875207718961,1788513394358,23.625,7.5750003,-28.29375
105875217718961,1788513394368,23.475,7.4625,-28.5375
105875227718961,1788513394378,23.737501,7.5937505,-28.3875
105875237718961,1788513394388,24.0,7.8,-28.44375
105875247718961,1788513394398,24.0375,7.6125,-28.44375
105875257718961,1788513394408,24.150002,7.70625,-28.312502
105875267718961,1788513394418,24.31875,7.7250004,-28.0125
105875277718961,1788513394428,24.4125,7.8562503,-28.06875
105875287718961,1788513394438,24.525002,7.6875005,-27.88125
105875297718961,1788513394448,24.4125,7.7250004,-27.843752
105875307718961,1788513394458,24.2625,7.8187504,-27.6
105875317718961,1788513394468,24.0,7.8,-27.6375
105875327718961,1788513394478,23.75625,8.025001,-27.675001
105875337718961,1788513394488,23.775002,7.8187504,-27.7875
105875347718961,1788513394498,23.643751,7.6125,-28.181252
105875357718961,1788513394508,23.681252,7.2375,-27.993752
105875367718961,1788513394518,23.643751,7.1625004,-28.331251
105875377718961,1788513394528,23.71875,7.4062505,-28.29375
105875387718961,1788513394538,23.550001,7.2000003,-28.275002
105875397718961,1788513394548,23.6625,7.0312505,-28.218752
105875407718961,1788513394558,23.8125,7.1625004,-28.031252
105875417718961,1788513394568,23.71875,7.2562504,-27.6375
105875427718961,1788513394578,23.98125,7.1250005,-27.4125
105875437718961,1788513394588,24.187502,7.5000005,-27.656252
105875447718961,1788513394598,24.50625,7.8187504,-27.50625
105875457718961,1788513394608,24.54375,7.5750003,-27.300001
105875467718961,1788513394618,24.712502,7.51875,-27.375002
105875477718961,1788513394628,24.468752,7.5937505,-27.562502
105875487718961,1788513394638,24.45,7.2375,-27.656252
105875497718961,1788513394648,24.45,7.1062503,-27.7875
105875507718961,1788513394658,24.337502,7.14375,-27.843752
105875517718961,1788513394668,24.075,6.9187503,-27.73125
105875527718961,1788513394678,23.681252,6.6562505,-27.750002
105875537718961,1788513394688,23.60625,6.76875,-27.69375
105875547718961,1788513394698,23.493752,6.9375005,-27.73125
105875557718961,1788513394708,23.90625,7.2187505,-27.487501
105875567718961,1788513394718,23.681252,7.3125005,-27.31875
105875577718961,1788513394728,23.79375,7.51875,-27.206251
105875587718961,1788513394738,23.962502,7.7250004,-27.225
105875597718961,1788513394748,23.8875,7.7625003,-27.243752
105875607718961,1788513394758,24.0,7.8375,-27.112501
105875617718961,1788513394768,24.300001,7.8562503,-27.375002
105875627718961,1788513394778,24.4125,7.8,-27.54375
105875637718961,1788513394788,24.13125,7.6125,-27.768751
105875647718961,1788513394798,24.487501,7.6125,-27.993752
105875657718961,1788513394808,24.54375,7.4812503,-27.993752
105875667718961,1788513394818,24.281252,7.2937503,-28.087502
105875677718961,1788513394828,24.525002,7.4625,-28.06875
105875687718961,1788513394838,24.487501,7.5750003,-28.218752
105875697718961,1788513394848,24.300001,7.55625,-28.275002
105875707718961,1788513394858,24.487501,7.6687503,-28.181252
105875717718961,1788513394868,24.7875,7.4437504,-28.143751
105875727718961,1788513394878,24.54375,7.3875003,-28.237501
105875737718961,1788513394888,24.50625,7.4812503,-28.425001
105875747718961,1788513394898,24.54375,7.4812503,-28.3875
105875757718961,1788513394908,24.337502,7.2937503,-28.48125
105875767718961,1788513394918,24.31875,7.0875,-28.218752
105875777718961,1788513394928,24.187502,7.0687504,-27.993752
105875787718961,1788513394938,23.85,7.0125003,-27.993752
105875797718961,1788513394948,23.456251,7.1625004,-27.975
105875807718961,1788513394958,23.71875,7.0125003,-28.0125
105875817718961,1788513394968,23.7,6.9375005,-27.88125
105875827718961,1788513394978,23.831251,6.8812504,-27.806252
105875837718961,1788513394988,23.831251,6.7500005,-27.73125
105875847718961,1788513394998,23.8875,6.8812504,-27.7875
105875857718961,1788513395008,23.831251,6.95625,-27.825
105875867718961,1788513395018,24.0375,6.9375005,-27.825
105875877718961,1788513395028,24.093752,6.8812504,-27.900002
105875887718961,1788513395038,24.093752,7.1062503,-27.806252
105875897718961,1788513395048,23.94375,7.1625004,-27.7875
105875907718961,1788513395058,23.53125,7.3125005,-27.843752
105875917718961,1788513395068,23.625,7.55625,-28.1625
105875927718961,1788513395078,23.493752,7.36875,-28.312502
105875937718961,1788513395088,23.625,7.2937503,-28.3875
105875947718961,1788513395098,23.56875,7.2375,-28.3875
105875957718961,1788513395108,23.56875,7.275,-28.2
105875967718961,1788513395118,23.41875,7.2375,-28.10625
105875977718961,1788513395128,23.60625,7.2937503,-28.031252
105875987718961,1788513395138,24.150002,7.2375,-27.91875
105875997718961,1788513395148,24.018751,7.0875,-27.487501
105876007718961,1788513395158,24.093752,7.3125005,-27.54375
105876017718961,1788513395168,24.281252,7.2000003,-27.468752
105876027718961,1788513395178,24.300001,7.3500004,-27.4125
105876037718961,1788513395188,24.50625,7.4062505,-27.50625
105876047718961,1788513395198,24.45,7.4062505,-27.562502
105876057718961,1788513395208,24.35625,7.4062505,-27.69375
105876067718961,1788513395218,23.8875,7.3875003,-27.6
105876077718961,1788513395228,23.868752,7.36875,-27.675001
105876087718961,1788513395238,24.0,7.3500004,-27.618752
105876097718961,1788513395248,23.681252,7.4625,-27.73125
105876107718961,1788513395258,23.56875,7.3125005,-27.73125
105876117718961,1788513395268,23.7,7.14375,-27.6375
105876127718961,1788513395278,23.75625,7.2000003,-27.750002
105876137718961,1788513395288,23.90625,7.2937503,-27.843752
105876147718961,1788513395298,24.056252,7.1062503,-27.956251
105876157718961,1788513395308,24.0,7.4062505,-28.1625
105876167718961,1788513395318,24.0,7.275,-28.0125
105876177718961,1788513395328,24.187502,7.18125,-28.1625
105876187718961,1788513395338,24.54375,7.33125,-28.218752
105876197718961,1788513395348,24.225,7.4062505,-28.237501
105876207718961,1788513395358,24.150002,7.55625,-28.06875
105876217718961,1788513395368,24.0,7.275,-27.937502
105876227718961,1788513395378,24.075,7.4812503,-28.087502
105876237718961,1788513395388,24.16875,7.2937503,-27.937502
105876247718961,1788513395398,24.2625,7.33125,-28.031252
105876257718961,1788513395408,24.018751,7.2000003,-27.7875
105876267718961,1788513395418,23.681252,7.1250005,-27.88125
105876277718961,1788513395428,23.643751,7.0312505,-27.91875
105876287718961,1788513395438,23.71875,6.7125,-28.0125
105876297718961,1788513395448,23.737501,6.80625,-28.087502
105876307718961,1788513395458,23.681252,6.8437505,-28.237501
105876317718961,1788513395468,23.60625,6.7312503,-28.312502
105876327718961,1788513395478,23.4375,6.7500005,-28.275002
105876337718961,1788513395488,23.7,7.0687504,-28.3875
105876347718961,1788513395498,23.94375,7.0875,-28.29375
105876357718961,1788513395508,24.0375,7.3125005,-28.237501
105876367718961,1788513395518,23.962502,7.51875,-28.1625
105876377718961,1788513395528,24.0,7.3500004,-28.2
105876387718961,1788513395538,24.093752,7.2562504,-28.10625
105876397718961,1788513395548,24.075,7.275,-27.862501
105876407718961,1788513395558,24.018751,7.36875,-27.862501
105876417718961,1788513395568,23.868752,7.3125005,-27.768751
105876427718961,1788513395578,23.550001,7.2000003,-27.806252
105876437718961,1788513395588,23.7,7.1625004,-27.975
105876447718961,1788513395598,23.493752,7.0875,-28.06875
105876457718961,1788513395608,23.587502,7.33125,-28.125002
105876467718961,1788513395618,23.2875,7.3125005,-27.88125
105876477718961,1788513395628,23.25,7.5937505,-28.10625
105876487718961,1788513395638,23.325,7.4437504,-28.2
105876497718961,1788513395648,23.15625,7.4625,-28.2
105876507718961,1788513395658,23.175001,7.4437504,-28.143751
105876517718961,1788513395668,23.04375,7.4812503,-27.975
105876527718961,1788513395678,23.306252,7.6687503,-27.91875
105876537718961,1788513395688,23.00625,7.6875005,-27.7875
105876547718961,1788513395698,23.19375,7.6312504,-27.862501
105876557718961,1788513395708,23.325,7.36875,-27.6375
105876567718961,1788513395718,23.2875,7.3125005,-27.54375
105876577718961,1788513395728,23.53125,7.14375,-27.487501
105876587718961,1788513395738,23.775002,7.4437504,-27.393751
105876597718961,1788513395748,23.8125,7.2937503,-27.4125
105876607718961,1788513395758,23.775002,6.99375,-27.300001
105876617718961,1788513395768,23.71875,6.8625,-27.337502
105876627718961,1788513395778,23.925001,7.2375,-27.300001
105876637718961,1788513395788,24.018751,7.33125,-27.35625
105876647718961,1788513395798,24.0375,7.4437504,-27.4125
105876657718961,1788513395808,23.85,7.3500004,-27.50625
105876667718961,1788513395818,23.75625,7.4437504,-27.6375
105876677718961,1788513395828,23.643751,7.8187504,-27.656252
105876687718961,1788513395838,23.8875,8.025001,-27.69375
105876697718961,1788513395848,24.225,8.118751,-27.656252
105876707718961,1788513395858,24.0,7.7812505,-27.768751
105876717718961,1788513395868,23.90625,7.93125,-27.862501
105876727718961,1788513395878,24.0375,7.93125,-28.0125
105876737718961,1788513395888,24.056252,7.9500003,-28.031252
105876747718961,1788513395898,24.018751,7.6125,-27.956251
105876757718961,1788513395908,24.225,7.2187505,-28.087502
105876767718961,1788513395918,24.13125,7.2375,-28.35
105876777718961,1788513395928,23.925001,7.275,-28.35
105876787718961,1788513395938,24.13125,7.36875,-28.218752
105876797718961,1788513395948,24.056252,7.2937503,-28.29375
105876807718961,1788513395958,24.018751,7.2937503,-28.3875
105876817718961,1788513395968,24.375002,7.4437504,-28.237501
105876827718961,1788513395978,24.300001,7.33125,-28.462502
105876837718961,1788513395988,24.300001,7.2937503,-28.331251
105876847718961,1788513395998,24.0375,7.0125003,-28.050001
105876857718961,1788513396008,24.150002,6.9750004,-27.900002
105876867718961,1788513396018,24.0,6.9750004,-27.937502
105876877718961,1788513396028,24.075,6.76875,-27.993752
105876887718961,1788513396038,23.98125,6.9187503,-27.843752
105876897718961,1788513396048,23.94375,6.95625,-27.993752
105876907718961,1788513396058,23.98125,7.2375,-27.6375
105876917718961,1788513396068,23.868752,7.3125005,-27.431252
105876927718961,1788513396078,23.962502,7.4625,-27.562502
105876937718961,1788513396088,23.737501,7.5750003,-27.768751
105876947718961,1788513396098,23.85,7.5375004,-28.031252
105876957718961,1788513396108,23.90625,7.5750003,-27.712502
105876967718961,1788513396118,23.737501,7.3125005,-27.69375
105876977718961,1788513396128,23.681252,7.275,-27.712502
105876987718961,1788513396138,23.90625,7.18125,-27.993752
105876997718961,1788513396148,24.018751,7.2937503,-28.2
105877007718961,1788513396158,24.187502,7.1062503,-28.1625
105877017718961,1788513396168,24.50625,6.8812504,-28.406252
105877027718961,1788513396178,24.337502,6.8437505,-28.087502
105877037718961,1788513396188,24.2625,7.0125003,-28.48125
105877047718961,1788513396198,24.431252,7.1062503,-28.66875
105877057718961,1788513396208,24.35625,7.05,-28.593752
105877067718961,1788513396218,24.281252,6.8812504,-28.44375
105877077718961,1788513396228,24.2625,6.6375003,-28.612501
105877087718961,1788513396238,24.187502,6.9,-28.44375
105877097718961,1788513396248,23.962502,7.05,-28.406252
105877107718961,1788513396258,24.018751,7.05,-28.500002
105877117718961,1788513396268,24.225,6.80625,-28.3875
105877127718961,1788513396278,24.431252,6.7312503,-28.181252
105877137718961,1788513396288,24.487501,6.675,-27.975
