timestamp_ns,timestamp_ms,x,y,z
66649901516408,1788474169053,-3.3375,28.275002,-22.143751
66649911516408,1788474169063,-3.2250001,28.0125,-22.06875
66649921516408,1788474169073,-3.2062502,27.993752,-21.993752
66649931516408,1788474169083,-3.16875,28.2,-21.84375
66649941516408,1788474169093,-3.16875,28.44375,-22.06875
66649951516408,1788474169103,-3.5062501,28.406252,-22.368752
66649961516408,1788474169113,-3.4687502,28.518751,-22.612501
66649971516408,1788474169123,-3.54375,28.425001,-22.5375
66649981516408,1788474169133,-3.4875002,28.275002,-22.462502
66649991516408,1788474169143,-3.54375,28.518751,-22.66875
66650001516408,1788474169153,-3.4687502,28.968752,-22.706251
66650011516408,1788474169163,-3.6000001,28.706251,-22.706251
66650021516408,1788474169173,-3.45,28.3875,-22.612501
66650031516408,1788474169183,-3.3937502,28.275002,-22.44375
66650041516408,1788474169193,-3.4125001,28.29375,-22.143751
66650051516408,1788474169203,-3.2625,28.406252,-21.956251
66650061516408,1788474169213,-3.24375,28.3875,-22.03125
66650071516408,1788474169223,-3.0375001,28.2,-22.087502
66650081516408,1788474169233,-3.075,27.862501,-22.10625
66650091516408,1788474169243,-3.0187502,27.91875,-22.143751
66650101516408,1788474169253,-3.0937502,27.937502,-21.956251
66650111516408,1788474169263,-2.9437501,28.06875,-22.1625
66650121516408,1788474169273,-2.7,27.993752,-22.10625
66650131516408,1788474169283,-2.8312502,28.031252,-22.125
66650141516408,1788474169293,-2.8125,28.125002,-21.975
66650151516408,1788474169303,-2.71875,28.368752,-21.9375
66650161516408,1788474169313,-2.5875,28.612501,-22.03125
66650171516408,1788474169323,-2.5500002,28.556252,-22.087502
66650181516408,1788474169333,-2.4750001,28.706251,-22.3125
66650191516408,1788474169343,-2.5687501,28.556252,-22.3125
66650201516408,1788474169353,-2.7,28.650002,-22.518751
66650211516408,1788474169363,-2.625,28.5375,-22.63125
66650221516408,1788474169373,-2.7,28.63125,-22.650002
66650231516408,1788474169383,-3.075,28.612501,-22.518751
66650241516408,1788474169393,-3.24375,28.63125,-22.650002
66650251516408,1788474169403,-3.3375,28.687502,-22.6875
66650261516408,1788474169413,-3.5625002,28.593752,-22.5375
66650271516408,1788474169423,-3.5062501,28.931252,-22.800001
66650281516408,1788474169433,-3.3750002,29.1,-22.893751
66650291516408,1788474169443,-3.4875002,29.250002,-23.00625
66650301516408,1788474169453,-3.3000002,29.025002,-22.78125
66650311516408,1788474169463,-3.1312501,29.081251,-22.7625
66650321516408,1788474169473,-3.0,29.00625,-22.63125
66650331516408,1788474169483,-2.8312502,29.212502,-22.48125
66650341516408,1788474169493,-2.5875,29.475,-22.40625
66650351516408,1788474169503,-2.3812501,29.268751,-22.03125
66650361516408,1788474169513,-2.3625002,29.325,-21.825
66650371516408,1788474169523,-2.34375,29.400002,-21.712502
66650381516408,1788474169533,-2.5500002,29.7,-22.0125
66650391516408,1788474169543,-2.53125,29.56875,-22.125
66650401516408,1788474169553,-2.8875,29.475,-21.825
66650411516408,1788474169563,-3.05625,29.400002,-21.88125
66650421516408,1788474169573,-3.0937502,29.250002,-21.88125
66650431516408,1788474169583,-2.8125,29.362501,-21.7875
66650441516408,1788474169593,-2.8125,29.343752,-21.900002
66650451516408,1788474169603,-2.625,29.268751,-22.087502
66650461516408,1788474169613,-2.6437502,29.1,-22.0125
66650471516408,1788474169623,-2.5125,29.062502,-22.03125
66650481516408,1788474169633,-2.3625002,29.118752,-22.3125
66650491516408,1788474169643,-2.23125,29.1375,-22.29375
66650501516408,1788474169653,-2.3812501,29.081251,-22.237501
66650511516408,1788474169663,-2.9625,29.081251,-22.35
66650521516408,1788474169673,-2.9625,28.893751,-22.25625
66650531516408,1788474169683,-2.7,28.7625,-21.88125
66650541516408,1788474169693,-2.7375002,28.85625,-21.9375
66650551516408,1788474169703,-2.79375,28.931252,-21.75
66650561516408,1788474169713,-2.7375002,28.706251,-21.73125
66650571516408,1788474169723,-2.86875,28.5375,-21.73125
66650581516408,1788474169733,-2.8500001,28.500002,-21.712502
66650591516408,1788474169743,-2.8312502,28.35,-21.75
66650601516408,1788474169753,-2.9437501,28.312502,-21.825
66650611516408,1788474169763,-3.1875002,28.3875,-22.06875
66650621516408,1788474169773,-3.15,28.312502,-22.087502
66650631516408,1788474169783,-3.1875002,28.275002,-22.181252
66650641516408,1788474169793,-3.3375,28.518751,-22.0125
66650651516408,1788474169803,-3.3000002,28.63125,-21.862501
66650661516408,1788474169813,-3.24375,28.593752,-21.862501
66650671516408,1788474169823,-3.15,28.612501,-21.900002
66650681516408,1788474169833,-3.075,28.556252,-21.84375
66650691516408,1788474169843,-3.1125002,28.5375,-21.825
66650701516408,1788474169853,-3.15,28.518751,-21.900002
66650711516408,1788474169863,-3.1875002,28.518751,-21.806252
66650721516408,1788474169873,-3.2812502,28.500002,-21.806252
66650731516408,1788474169883,-3.2812502,28.556252,-21.993752
66650741516408,1788474169893,-3.5062501,28.48125,-22.0125
66650751516408,1788474169903,-3.3187501,28.63125,-21.975
66650761516408,1788474169913,-3.45,28.7625,-21.993752
66650771516408,1788474169923,-3.4875002,28.687502,-21.54375
66650781516408,1788474169933,-3.525,28.781252,-21.35625
66650791516408,1788474169943,-3.3937502,28.725,-21.393751
66650801516408,1788474169953,-3.15,28.556252,-21.675001
66650811516408,1788474169963,-2.8875,28.406252,-21.581251
66650821516408,1788474169973,-2.6437502,28.66875,-21.5625
66650831516408,1788474169983,-2.8125,28.48125,-21.5625
66650841516408,1788474169993,-2.7562501,28.35,-21.712502
66650851516408,1788474170003,-2.71875,28.406252,-22.143751
66650861516408,1788474170013,-2.49375,28.275002,-22.10625
66650871516408,1788474170023,-2.41875,28.3875,-22.125
66650881516408,1788474170033,-2.5687501,28.650002,-21.900002
66650891516408,1788474170043,-2.775,28.781252,-22.0125
66650901516408,1788474170053,-2.775,28.743752,-22.03125
66650911516408,1788474170063,-2.68125,28.81875,-21.862501
66650921516408,1788474170073,-2.6437502,28.7625,-21.54375
66650931516408,1788474170083,-2.79375,28.725,-21.581251
66650941516408,1788474170093,-2.79375,28.837502,-21.525002
66650951516408,1788474170103,-2.9250002,28.800001,-21.75
66650961516408,1788474170113,-2.8500001,28.781252,-21.581251
66650971516408,1788474170123,-2.8125,28.706251,-21.46875
66650981516408,1788474170133,-2.7375002,28.66875,-21.5625
66650991516408,1788474170143,-2.8312502,28.875002,-21.69375
66651001516408,1788474170153,-2.9437501,28.931252,-21.7875
66651011516408,1788474170163,-2.7,28.781252,-21.65625
66651021516408,1788474170173,-3.0,28.81875,-22.03125
66651031516408,1788474170183,-3.0937502,28.81875,-21.825
66651041516408,1788474170193,-3.075,28.650002,-22.275002
66651051516408,1788474170203,-3.1312501,28.593752,-22.10625
66651061516408,1788474170213,-3.2625,28.575,-21.91875
66651071516408,1788474170223,-3.24375,28.25625,-21.84375
66651081516408,1788474170233,-3.16875,28.368752,-22.050001
66651091516408,1788474170243,-3.24375,28.5375,-21.91875
66651101516408,1788474170253,-3.0187502,28.518751,-21.45
66651111516408,1788474170263,-2.90625,28.500002,-21.337502
66651121516408,1788474170273,-2.6625001,28.85625,-21.13125
66651131516408,1788474170283,-2.49375,29.025002,-21.1875
66651141516408,1788474170293,-2.53125,29.00625,-21.431252
66651151516408,1788474170303,-2.2875001,29.1375,-21.375
66651161516408,1788474170313,-2.49375,28.95,-21.243752
66651171516408,1788474170323,-2.4,28.968752,-21.46875
66651181516408,1788474170333,-2.34375,29.062502,-21.65625
66651191516408,1788474170343,-2.30625,28.95,-21.84375
66651201516408,1788474170353,-2.5875,28.518751,-21.9375
66651211516408,1788474170363,-2.775,28.3875,-22.03125
66651221516408,1788474170373,-2.8312502,28.518751,-21.712502
66651231516408,1788474170383,-3.0,28.44375,-21.825
66651241516408,1788474170393,-2.8312502,28.44375,-21.806252
66651251516408,1788474170403,-2.8312502,28.29375,-21.712502
66651261516408,1788474170413,-2.98125,28.06875,-21.675001
66651271516408,1788474170423,-3.1125002,28.237501,-21.6
66651281516408,1788474170433,-3.0,28.556252,-21.45
66651291516408,1788474170443,-3.0,28.556252,-21.581251
66651301516408,1788474170453,-2.9437501,28.63125,-21.65625
66651311516408,1788474170463,-3.2250001,28.575,-21.6375
66651321516408,1788474170473,-3.2812502,28.85625,-21.54375
66651331516408,1788474170483,-3.3000002,29.1,-21.50625
66651341516408,1788474170493,-3.3187501,29.175001,-21.75
66651351516408,1788474170503,-3.3000002,29.250002,-21.825
66651361516408,1788474170513,-3.24375,28.837502,-21.7875
66651371516408,1788474170523,-3.24375,28.875002,-21.7875
66651381516408,1788474170533,-3.24375,28.66875,-22.10625
66651391516408,1788474170543,-2.98125,28.800001,-21.956251
66651401516408,1788474170553,-2.90625,28.837502,-21.993752
66651411516408,1788474170563,-3.0375001,28.556252,-22.21875
66651421516408,1788474170573,-3.05625,28.687502,-21.993752
66651431516408,1788474170583,-2.9437501,28.612501,-22.03125
66651441516408,1788474170593,-2.8125,28.931252,-22.143751
66651451516408,1788474170603,-2.6437502,28.968752,-22.03125
66651461516408,1788474170613,-2.4750001,29.175001,-21.825
66651471516408,1788474170623,-2.5125,29.19375,-22.125
66651481516408,1788474170633,-2.6625001,29.1,-22.35
66651491516408,1788474170643,-2.5875,29.212502,-22.237501
66651501516408,1788474170653,-2.2875001,29.081251,-22.1625
66651511516408,1788474170663,-2.4375,28.968752,-22.050001
66651521516408,1788474170673,-2.5875,28.7625,-22.2
66651531516408,1788474170683,-2.68125,28.725,-22.050001
66651541516408,1788474170693,-2.90625,28.425001,-21.9375
66651551516408,1788474170703,-2.90625,28.3875,-21.806252
66651561516408,1788474170713,-2.60625,28.25625,-21.712502
66651571516408,1788474170723,-2.775,28.237501,-21.50625
66651581516408,1788474170733,-2.8500001,28.237501,-21.618752
66651591516408,1788474170743,-2.9250002,28.275002,-21.69375
66651601516408,1788474170753,-2.9625,28.5375,-21.618752
66651611516408,1788474170763,-3.0,28.66875,-21.675001
66651621516408,1788474170773,-2.9625,28.63125,-21.75
66651631516408,1788474170783,-3.0375001,28.63125,-21.712502
66651641516408,1788474170793,-3.1312501,28.63125,-21.712502
66651651516408,1788474170803,-2.7562501,28.743752,-21.825
66651661516408,1788474170813,-2.8125,28.650002,-22.0125
66651671516408,1788474170823,-2.71875,28.5375,-22.10625
66651681516408,1788474170833,-2.71875,28.44375,-21.975
66651691516408,1788474170843,-2.7,28.181252,-22.050001
66651701516408,1788474170853,-2.90625,28.125002,-21.956251
66651711516408,1788474170863,-2.9250002,28.050001,-22.06875
66651721516408,1788474170873,-2.9625,28.1625,-21.993752
66651731516408,1788474170883,-3.05625,28.050001,-22.125
66651741516408,1788474170893,-3.16875,28.368752,-22.143751
66651751516408,1788474170903,-3.2062502,28.48125,-21.825
66651761516408,1788474170913,-3.2812502,28.556252,-22.0125
66651771516408,1788474170923,-3.3187501,28.7625,-22.143751
66651781516408,1788474170933,-3.24375,29.062502,-22.237501
66651791516408,1788474170943,-3.0937502,29.081251,-21.993752
66651801516408,1788474170953,-2.9437501,28.800001,-22.143751
66651811516408,1788474170963,-3.3000002,28.85625,-22.0125
66651821516408,1788474170973,-3.15,28.725,-21.88125
66651831516408,1788474170983,-2.9437501,28.875002,-22.237501
66651841516408,1788474170993,-2.86875,28.7625,-22.10625
66651851516408,1788474171003,-2.8875,28.66875,-22.10625
66651861516408,1788474171013,-2.68125,28.518751,-22.3125
66651871516408,1788474171023,-2.86875,28.462502,-22.40625
66651881516408,1788474171033,-3.0,28.725,-22.40625
66651891516408,1788474171043,-2.6437502,28.85625,-22.331251
66651901516408,1788474171053,-2.86875,28.9125,-22.25625
66651911516408,1788474171063,-2.8875,28.706251,-22.0125
66651921516408,1788474171073,-2.8312502,28.706251,-22.087502
66651931516408,1788474171083,-2.68125,28.743752,-22.087502
66651941516408,1788474171093,-2.5125,28.875002,-21.84375
66651951516408,1788474171103,-2.325,28.968752,-21.9375
66651961516408,1788474171113,-2.23125,29.1,-21.6375
66651971516408,1788474171123,-2.4,28.987501,-21.712502
66651981516408,1788474171133,-2.2687502,28.893751,-21.675001
66651991516408,1788474171143,-2.4375,29.081251,-21.768751
66652001516408,1788474171153,-2.68125,29.062502,-21.581251
66652011516408,1788474171163,-2.8125,29.081251,-21.50625
66652021516408,1788474171173,-3.0187502,28.987501,-21.6
66652031516408,1788474171183,-2.8875,29.00625,-21.768751
66652041516408,1788474171193,-2.98125,28.9125,-21.993752
66652051516408,1788474171203,-2.9625,28.893751,-22.050001
66652061516408,1788474171213,-2.7,28.987501,-22.1625
66652071516408,1788474171223,-2.5125,28.875002,-22.275002
66652081516408,1788474171233,-2.5125,28.650002,-22.331251
66652091516408,1788474171243,-2.49375,28.48125,-22.03125
66652101516408,1788474171253,-2.4,28.556252,-21.712502
66652111516408,1788474171263,-2.5125,28.63125,-21.768751
66652121516408,1788474171273,-2.625,28.368752,-21.88125
66652131516408,1788474171283,-2.6437502,28.518751,-21.6375
66652141516408,1788474171293,-2.9437501,28.500002,-21.712502
66652151516408,1788474171303,-3.1312501,28.500002,-21.84375
66652161516408,1788474171313,-2.8312502,28.743752,-21.862501
66652171516408,1788474171323,-2.775,28.9125,-22.143751
66652181516408,1788474171333,-2.79375,28.725,-22.40625
66652191516408,1788474171343,-2.68125,28.462502,-22.25625
66652201516408,1788474171353,-2.8312502,28.893751,-22.050001
66652211516408,1788474171363,-2.79375,28.781252,-22.331251
66652221516408,1788474171373,-2.8125,28.687502,-22.143751
66652231516408,1788474171383,-2.625,28.725,-21.825
66652241516408,1788474171393,-2.79375,28.725,-21.88125
66652251516408,1788474171403,-2.86875,28.650002,-21.900002
66652261516408,1788474171413,-3.075,28.612501,-21.862501
66652271516408,1788474171423,-3.0937502,28.9125,-21.825
66652281516408,1788474171433,-2.79375,28.7625,-21.73125
66652291516408,1788474171443,-2.8875,28.63125,-21.6375
66652301516408,1788474171453,-2.7562501,28.9125,-21.5625
66652311516408,1788474171463,-2.68125,29.04375,-21.54375
66652321516408,1788474171473,-2.625,29.1375,-21.54375
66652331516408,1788474171483,-2.5500002,29.175001,-21.487501
66652341516408,1788474171493,-2.4750001,29.493752,-21.4125
66652351516408,1788474171503,-2.5500002,29.456251,-21.2625
66652361516408,1788474171513,-2.6625001,29.2875,-21.50625
66652371516408,1788474171523,-2.68125,29.325,-21.487501
66652381516408,1788474171533,-2.9437501,29.081251,-21.45
66652391516408,1788474171543,-2.98125,29.00625,-21.675001
66652401516408,1788474171553,-3.0,28.800001,-21.618752
66652411516408,1788474171563,-2.98125,28.95,-21.581251
66652421516408,1788474171573,-2.98125,28.706251,-21.73125
66652431516408,1788474171583,-3.075,28.575,-21.768751
66652441516408,1788474171593,-3.075,28.725,-21.675001
66652451516408,1788474171603,-3.0,28.743752,-21.7875
66652461516408,1788474171613,-2.8125,28.800001,-21.84375
66652471516408,1788474171623,-3.2250001,28.743752,-21.806252
66652481516408,1788474171633,-3.0937502,28.85625,-21.900002
66652491516408,1788474171643,-3.1312501,28.7625,-21.993752
66652501516408,1788474171653,-3.0375001,28.85625,-21.806252
66652511516408,1788474171663,-3.0375001,29.025002,-21.712502
66652521516408,1788474171673,-3.1875002,28.781252,-21.54375
66652531516408,1788474171683,-3.2812502,28.968752,-21.581251
66652541516408,1788474171693,-3.24375,28.875002,-21.825
66652551516408,1788474171703,-3.0937502,28.837502,-21.6375
66652561516408,1788474171713,-3.2812502,28.875002,-21.54375
66652571516408,1788474171723,-3.2625,28.95,-21.65625
66652581516408,1788474171733,-3.0937502,28.743752,-21.675001
66652591516408,1788474171743,-3.0375001,28.66875,-21.825
66652601516408,1788474171753,-3.075,28.612501,-21.956251
66652611516408,1788474171763,-3.1312501,28.612501,-21.91875
66652621516408,1788474171773,-3.3000002,28.66875,-21.88125
66652631516408,1788474171783,-3.3750002,28.650002,-22.03125
66652641516408,1788474171793,-3.15,28.743752,-22.181252
66652651516408,1788474171803,-3.2250001,28.706251,-22.03125
66652661516408,1788474171813,-3.3375,28.968752,-22.237501
66652671516408,1788474171823,-3.43125,29.00625,-21.91875
66652681516408,1788474171833,-3.0,29.081251,-21.84375
66652691516408,1788474171843,-2.79375,28.95,-21.75
66652701516408,1788474171853,-2.71875,28.875002,-21.69375
66652711516408,1788474171863,-2.4562502,28.837502,-21.75
66652721516408,1788474171873,-2.5125,28.743752,-21.618752
66652731516408,1788474171883,-2.4375,28.575,-21.73125
66652741516408,1788474171893,-2.41875,28.556252,-21.806252
66652751516408,1788474171903,-2.30625,28.518751,-22.10625
66652761516408,1788474171913,-2.5500002,28.612501,-22.331251
66652771516408,1788474171923,-2.5500002,28.5375,-22.237501
66652781516408,1788474171933,-2.5875,28.312502,-22.181252
66652791516408,1788474171943,-2.775,28.29375,-22.050001
66652801516408,1788474171953,-2.90625,28.031252,-22.0125
66652811516408,1788474171963,-2.79375,28.125002,-21.73125
66652821516408,1788474171973,-2.9625,27.806252,-21.54375
66652831516408,1788474171983,-2.8500001,27.7875,-21.69375
66652841516408,1788474171993,-2.7375002,27.806252,-21.6375
66652851516408,1788474172003,-2.8125,27.88125,-21.75
66652861516408,1788474172013,-2.71875,28.125002,-21.75
66652871516408,1788474172023,-2.60625,27.91875,-21.581251
66652881516408,1788474172033,-2.4375,28.237501,-21.525002
66652891516408,1788474172043,-2.60625,28.29375,-21.65625
66652901516408,1788474172053,-2.60625,28.3875,-21.618752
66652911516408,1788474172063,-2.7375002,28.3875,-21.525002
66652921516408,1788474172073,-2.68125,28.5375,-21.431252
66652931516408,1788474172083,-2.60625,28.518751,-21.31875
66652941516408,1788474172093,-2.6625001,28.331251,-21.50625
66652951516408,1788474172103,-2.60625,28.518751,-21.806252
66652961516408,1788474172113,-2.9437501,28.5375,-21.975
66652971516408,1788474172123,-2.7562501,28.593752,-22.03125
66652981516408,1788474172133,-2.625,28.931252,-21.88125
66652991516408,1788474172143,-2.775,28.893751,-22.125
66653001516408,1788474172153,-2.7562501,28.612501,-22.25625
66653011516408,1788474172163,-2.8875,28.48125,-22.331251
66653021516408,1788474172173,-2.8875,28.612501,-22.143751
66653031516408,1788474172183,-3.24375,28.593752,-22.125
66653041516408,1788474172193,-3.0187502,28.25625,-21.900002
66653051516408,1788474172203,-3.16875,27.91875,-21.862501
66653061516408,1788474172213,-3.3375,27.6375,-22.181252
66653071516408,1788474172223,-3.15,27.675001,-21.9375
66653081516408,1788474172233,-3.43125,27.937502,-22.10625
66653091516408,1788474172243,-3.43125,27.993752,-22.0125
66653101516408,1788474172253,-3.4687502,27.862501,-22.1625
66653111516408,1788474172263,-3.1125002,27.862501,-22.0125
66653121516408,1788474172273,-3.24375,28.1625,-22.237501
66653131516408,1788474172283,-3.1312501,28.312502,-22.462502
66653141516408,1788474172293,-3.1125002,28.237501,-22.3125
66653151516408,1788474172303,-3.1875002,28.1625,-21.975
66653161516408,1788474172313,-3.0187502,28.181252,-21.862501
66653171516408,1788474172323,-3.1125002,28.181252,-21.900002
66653181516408,1788474172333,-2.98125,28.312502,-21.900002
66653191516408,1788474172343,-2.79375,28.462502,-21.975
66653201516408,1788474172353,-2.86875,28.2,-22.06875
66653211516408,1788474172363,-3.0187502,28.181252,-22.06875
66653221516408,1788474172373,-3.0187502,28.275002,-22.10625
66653231516408,1788474172383,-3.0187502,28.35,-22.48125
66653241516408,1788474172393,-2.8125,28.237501,-22.275002
66653251516408,1788474172403,-2.6437502,28.5375,-22.1625
66653261516408,1788474172413,-2.8500001,28.518751,-22.087502
66653271516408,1788474172423,-2.9250002,28.35,-22.2
66653281516408,1788474172433,-2.8125,28.612501,-22.181252
66653291516408,1788474172443,-2.79375,28.781252,-21.993752
66653301516408,1788474172453,-2.6625001,28.875002,-22.1625
66653311516408,1788474172463,-2.5500002,28.85625,-22.29375
66653321516408,1788474172473,-2.68125,28.800001,-22.425001
66653331516408,1788474172483,-2.7562501,28.63125,-22.63125
66653341516408,1788474172493,-2.4750001,28.593752,-22.44375
66653351516408,1788474172503,-2.6625001,28.893751,-22.368752
66653361516408,1788474172513,-2.4375,28.85625,-22.275002
66653371516408,1788474172523,-2.2687502,28.687502,-22.1625
66653381516408,1788474172533,-2.25,28.95,-22.087502
66653391516408,1788474172543,-2.34375,28.987501,-22.03125
66653401516408,1788474172553,-2.4750001,29.118752,-21.9375
66653411516408,1788474172563,-2.325,29.118752,-21.712502
66653421516408,1788474172573,-2.41875,29.268751,-21.768751
66653431516408,1788474172583,-2.25,28.9125,-21.825
66653441516408,1788474172593,-2.25,28.9125,-21.862501
66653451516408,1788474172603,-2.41875,28.987501,-21.993752
66653461516408,1788474172613,-2.4375,28.743752,-21.993752
66653471516408,1788474172623,-2.30625,28.725,-21.900002
66653481516408,1788474172633,-2.23125,28.650002,-22.0125
66653491516408,1788474172643,-2.25,28.5375,-22.125
66653501516408,1788474172653,-2.41875,28.518751,-22.275002
66653511516408,1788474172663,-2.4750001,28.462502,-22.181252
66653521516408,1788474172673,-2.775,28.368752,-22.25625
66653531516408,1788474172683,-2.8500001,28.25625,-22.462502
66653541516408,1788474172693,-3.0,28.25625,-22.462502
66653551516408,1788474172703,-3.3187501,28.368752,-22.40625
66653561516408,1788474172713,-3.1875002,28.500002,-22.40625
66653571516408,1788474172723,-3.3000002,28.518751,-22.48125
66653581516408,1788474172733,-3.1312501,28.462502,-22.5
66653591516408,1788474172743,-3.3750002,28.612501,-22.3125
66653601516408,1788474172753,-3.24375,28.593752,-22.3125
66653611516408,1788474172763,-3.3000002,28.66875,-21.993752
66653621516408,1788474172773,-3.24375,28.725,-21.806252
66653631516408,1788474172783,-3.1312501,28.66875,-21.69375
66653641516408,1788474172793,-3.3187501,28.5375,-21.50625
66653651516408,1788474172803,-3.2250001,28.5375,-21.4125
66653661516408,1788474172813,-3.0,28.575,-21.112501
66653671516408,1788474172823,-2.90625,28.837502,-21.2625
66653681516408,1788474172833,-3.075,28.837502,-21.1875
66653691516408,1788474172843,-2.9437501,28.781252,-21.35625
66653701516408,1788474172853,-2.86875,28.85625,-21.46875
66653711516408,1788474172863,-2.68125,29.04375,-21.618752
66653721516408,1788474172873,-2.6625001,29.156252,-21.7875
66653731516408,1788474172883,-2.7375002,29.325,-21.993752
66653741516408,1788474172893,-2.8875,29.325,-21.993752
66653751516408,1788474172903,-2.9250002,29.1375,-22.1625
66653761516408,1788474172913,-2.8312502,29.19375,-21.9375
66653771516408,1788474172923,-2.8125,29.118752,-21.862501
66653781516408,1788474172933,-3.0187502,28.931252,-21.768751
66653791516408,1788474172943,-3.16875,28.7625,-21.675001
66653801516408,1788474172953,-3.1125002,28.66875,-21.487501
66653811516408,1788474172963,-3.1312501,28.500002,-21.28125
66653821516408,1788474172973,-3.3375,28.556252,-21.581251
66653831516408,1788474172983,-3.3937502,28.556252,-21.35625
66653841516408,1788474172993,-3.4125001,28.3875,-21.525002
66653851516408,1788474173003,-3.43125,28.29375,-21.375
66653861516408,1788474173013,-3.2250001,28.3875,-21.393751
66653871516408,1788474173023,-3.5062501,28.29375,-21.5625
66653881516408,1788474173033,-3.5625002,28.275002,-21.675001
66653891516408,1788474173043,-3.4875002,28.312502,-21.618752
66653901516408,1788474173053,-3.3375,28.25625,-21.50625
66653911516408,1788474173063,-3.1875002,28.35,-21.5625
66653921516408,1788474173073,-3.2062502,28.462502,-21.487501
66653931516408,1788474173083,-3.2062502,28.63125,-21.6
66653941516408,1788474173093,-3.2062502,28.462502,-21.525002
66653951516408,1788474173103,-3.0187502,28.48125,-21.46875
66653961516408,1788474173113,-3.0937502,28.462502,-21.487501
66653971516408,1788474173123,-3.2625,28.63125,-21.6375
66653981516408,1788474173133,-3.3937502,28.556252,-21.712502
66653991516408,1788474173143,-3.4125001,28.518751,-21.581251
66654001516408,1788474173153,-3.3375,28.500002,-21.5625
66654011516408,1788474173163,-3.35625,28.312502,-21.375
66654021516408,1788474173173,-3.3187501,28.425001,-21.487501
66654031516408,1788474173183,-3.1125002,28.612501,-21.4125
66654041516408,1788474173193,-2.9437501,28.743752,-21.393751
66654051516408,1788474173203,-2.7,28.612501,-21.35625
66654061516408,1788474173213,-2.4750001,28.800001,-21.300001
66654071516408,1788474173223,-2.5125,28.837502,-21.65625
66654081516408,1788474173233,-2.2687502,29.025002,-21.6
66654091516408,1788474173243,-2.3625002,29.268751,-21.91875
66654101516408,1788474173253,-2.4750001,29.343752,-21.993752
66654111516408,1788474173263,-2.71875,29.41875,-21.9375
66654121516408,1788474173273,-2.71875,29.268751,-22.21875
66654131516408,1788474173283,-2.79375,29.081251,-22.29375
66654141516408,1788474173293,-3.0,29.00625,-22.29375
66654151516408,1788474173303,-3.1312501,28.85625,-22.143751
66654161516408,1788474173313,-3.35625,28.687502,-22.181252
66654171516408,1788474173323,-3.15,28.5375,-21.975
66654181516408,1788474173333,-3.0375001,28.44375,-22.06875
66654191516408,1788474173343,-2.9437501,28.125002,-22.1625
66654201516408,1788474173353,-2.8500001,28.368752,-21.9375
66654211516408,1788474173363,-2.9437501,28.63125,-21.712502
66654221516408,1788474173373,-3.05625,28.518751,-21.73125
66654231516408,1788474173383,-2.86875,28.612501,-21.7875
66654241516408,1788474173393,-3.0,28.800001,-21.88125
66654251516408,1788474173403,-2.9250002,28.81875,-21.975
66654261516408,1788474173413,-2.98125,28.687502,-21.91875
66654271516408,1788474173423,-2.8875,28.837502,-21.9375
66654281516408,1788474173433,-3.075,28.650002,-22.0125
66654291516408,1788474173443,-3.0187502,28.44375,-22.1625
66654301516408,1788474173453,-3.0937502,28.275002,-22.0125
66654311516408,1788474173463,-3.15,28.181252,-21.825
66654321516408,1788474173473,-2.98125,28.125002,-21.75
66654331516408,1788474173483,-3.0,28.3875,-21.768751
66654341516408,1788474173493,-3.075,28.368752,-21.712502
66654351516408,1788474173503,-3.24375,28.35,-21.88125
66654361516408,1788474173513,-3.1875002,28.25625,-21.6
66654371516408,1788474173523,-3.1125002,28.368752,-21.675001
66654381516408,1788474173533,-2.775,28.518751,-21.862501
66654391516408,1788474173543,-2.775,28.612501,-21.825
66654401516408,1788474173553,-2.6625001,28.48125,-22.087502
66654411516408,1788474173563,-2.8125,28.3875,-21.88125
66654421516408,1788474173573,-2.90625,28.556252,-21.73125
66654431516408,1788474173583,-2.8500001,28.593752,-21.675001
66654441516408,1788474173593,-2.90625,28.593752,-21.581251
66654451516408,1788474173603,-3.05625,28.556252,-21.581251
66654461516408,1788474173613,-3.05625,28.556252,-21.73125
66654471516408,1788474173623,-3.2625,28.44375,-21.88125
66654481516408,1788474173633,-3.6000001,28.406252,-21.712502
66654491516408,1788474173643,-3.6562502,28.5375,-21.806252
66654501516408,1788474173653,-3.825,28.518751,-22.10625
66654511516408,1788474173663,-3.7687502,28.556252,-21.993752
66654521516408,1788474173673,-3.7687502,28.650002,-22.275002
66654531516408,1788474173683,-3.7125,28.875002,-22.275002
66654541516408,1788474173693,-3.91875,28.9125,-22.29375
66654551516408,1788474173703,-3.61875,28.893751,-22.237501
66654561516408,1788474173713,-3.3937502,28.9125,-22.125
66654571516408,1788474173723,-3.3375,28.81875,-22.25625
66654581516408,1788474173733,-3.15,28.800001,-22.125
66654591516408,1788474173743,-3.16875,28.81875,-22.21875
66654601516408,1788474173753,-3.0187502,28.7625,-22.125
66654611516408,1788474173763,-2.90625,28.518751,-22.10625
66654621516408,1788474173773,-2.775,28.518751,-21.712502
66654631516408,1788474173783,-2.9250002,28.500002,-21.88125
66654641516408,1788474173793,-2.9625,28.63125,-22.0125
66654651516408,1788474173803,-2.98125,28.406252,-21.9375
66654661516408,1788474173813,-2.7375002,28.312502,-21.712502
66654671516408,1788474173823,-2.71875,28.237501,-21.6375
66654681516408,1788474173833,-2.79375,28.275002,-21.75
66654691516408,1788474173843,-2.98125,28.35,-21.9375
66654701516408,1788474173853,-2.8500001,28.331251,-22.1625
66654711516408,1788474173863,-2.775,28.462502,-22.050001
66654721516408,1788474173873,-2.775,28.462502,-21.993752
66654731516408,1788474173883,-2.8125,28.63125,-22.0125
66654741516408,1788474173893,-2.9437501,28.66875,-22.368752
66654751516408,1788474173903,-3.0187502,28.500002,-22.10625
66654761516408,1788474173913,-2.7562501,28.5375,-22.10625
66654771516408,1788474173923,-2.8125,28.312502,-21.900002
66654781516408,1788474173933,-2.86875,28.44375,-21.675001
66654791516408,1788474173943,-2.7,28.29375,-21.862501
66654801516408,1788474173953,-2.5875,28.29375,-21.91875
66654811516408,1788474173963,-2.5125,28.218752,-21.956251
66654821516408,1788474173973,-2.6625001,28.275002,-21.69375
66654831516408,1788474173983,-2.7375002,28.44375,-22.050001
66654841516408,1788474173993,-3.0,28.500002,-21.993752
66654851516408,1788474174003,-2.8875,28.612501,-21.9375
66654861516408,1788474174013,-3.0375001,28.63125,-22.03125
66654871516408,1788474174023,-3.35625,28.81875,-21.825
66654881516408,1788474174033,-3.4125001,28.725,-21.6375
66654891516408,1788474174043,-3.35625,28.725,-21.5625
66654901516408,1788474174053,-3.1312501,28.706251,-21.618752
66654911516408,1788474174063,-2.86875,28.743752,-21.50625
66654921516408,1788474174073,-2.86875,28.743752,-21.6
66654931516408,1788474174083,-2.7562501,28.743752,-21.712502
66654941516408,1788474174093,-2.8125,28.650002,-21.768751
66654951516408,1788474174103,-2.7,28.725,-21.65625
66654961516408,1788474174113,-2.49375,28.85625,-21.73125
66654971516408,1788474174123,-2.49375,28.968752,-21.7875
66654981516408,1788474174133,-2.53125,28.931252,-21.825
66654991516408,1788474174143,-2.6437502,28.706251,-21.91875
66655001516408,1788474174153,-2.5875,28.650002,-21.825
66655011516408,1788474174163,-2.6625001,28.48125,-21.84375
66655021516408,1788474174173,-2.71875,28.3875,-21.88125
66655031516408,1788474174183,-2.60625,28.3875,-22.10625
66655041516408,1788474174193,-2.9625,28.275002,-22.237501
66655051516408,1788474174203,-3.0187502,28.087502,-22.2
66655061516408,1788474174213,-3.0187502,28.143751,-22.143751
66655071516408,1788474174223,-3.075,28.35,-21.993752
66655081516408,1788474174233,-3.075,28.406252,-21.956251
66655091516408,1788474174243,-3.0375001,28.63125,-21.975
66655101516408,1788474174253,-2.7375002,28.781252,-21.9375
66655111516408,1788474174263,-2.86875,28.593752,-21.956251
66655121516408,1788474174273,-2.7,28.44375,-22.03125
66655131516408,1788474174283,-2.5500002,28.593752,-21.975
66655141516408,1788474174293,-2.41875,28.35,-21.993752
66655151516408,1788474174303,-2.3625002,28.331251,-22.06875
66655161516408,1788474174313,-2.2125,28.125002,-22.050001
66655171516408,1788474174323,-2.325,28.1625,-21.900002
66655181516408,1788474174333,-2.625,28.2,-22.1625
66655191516408,1788474174343,-2.6625001,28.2,-22.25625
66655201516408,1788474174353,-2.5687501,28.3875,-22.0125
66655211516408,1788474174363,-2.71875,28.3875,-22.25625
66655221516408,1788474174373,-2.9250002,28.612501,-22.21875
66655231516408,1788474174383,-3.1125002,28.518751,-22.1625
66655241516408,1788474174393,-3.3937502,28.575,-22.368752
66655251516408,1788474174403,-3.2250001,28.312502,-22.59375
66655261516408,1788474174413,-3.0187502,28.29375,-22.48125
66655271516408,1788474174423,-2.90625,28.462502,-22.181252
66655281516408,1788474174433,-3.05625,28.312502,-22.40625
66655291516408,1788474174443,-2.775,28.406252,-22.3125
66655301516408,1788474174453,-2.775,28.500002,-22.3125
66655311516408,1788474174463,-2.3812501,28.63125,-22.368752
66655321516408,1788474174473,-2.2875001,28.575,-22.21875
66655331516408,1788474174483,-2.3625002,28.800001,-22.0125
66655341516408,1788474174493,-2.4375,28.800001,-22.03125
66655351516408,1788474174503,-2.5875,28.800001,-22.3125
66655361516408,1788474174513,-2.60625,28.781252,-22.331251
66655371516408,1788474174523,-2.7,28.781252,-22.237501
66655381516408,1788474174533,-2.625,28.9125,-22.275002
66655391516408,1788474174543,-2.775,28.987501,-22.29375
66655401516408,1788474174553,-2.68125,29.23125,-22.3875
66655411516408,1788474174563,-2.7,29.250002,-22.556252
66655421516408,1788474174573,-2.7375002,29.268751,-22.5375
66655431516408,1788474174583,-2.775,29.118752,-22.25625
66655441516408,1788474174593,-2.625,29.19375,-22.03125
66655451516408,1788474174603,-2.98125,29.062502,-22.050001
66655461516408,1788474174613,-2.9250002,28.687502,-22.0125
66655471516408,1788474174623,-3.0,28.556252,-21.91875
66655481516408,1788474174633,-3.075,28.48125,-21.862501
66655491516408,1788474174643,-3.0375001,28.518751,-21.862501
66655501516408,1788474174653,-3.0,28.5375,-21.88125
66655511516408,1788474174663,-2.79375,28.612501,-22.1625
66655521516408,1788474174673,-2.8312502,28.743752,-22.2
66655531516408,1788474174683,-2.60625,28.781252,-22.29375
66655541516408,1788474174693,-2.5687501,28.893751,-22.21875
66655551516408,1788474174703,-2.3812501,29.04375,-22.5
66655561516408,1788474174713,-2.2687502,29.025002,-22.462502
66655571516408,1788474174723,-2.2875001,28.968752,-22.3875
66655581516408,1788474174733,-2.1937501,28.837502,-22.2
66655591516408,1788474174743,-2.41875,28.743752,-22.125
66655601516408,1788474174753,-2.53125,28.725,-22.425001
66655611516408,1788474174763,-2.53125,28.800001,-22.237501
66655621516408,1788474174773,-2.60625,28.725,-22.5
66655631516408,1788474174783,-2.8875,28.706251,-22.29375
66655641516408,1788474174793,-3.15,28.706251,-22.518751
66655651516408,1788474174803,-3.16875,28.81875,-22.78125
66655661516408,1788474174813,-3.1312501,28.95,-22.78125
66655671516408,1788474174823,-3.0187502,29.118752,-22.63125
66655681516408,1788474174833,-2.98125,29.175001,-22.35
66655691516408,1788474174843,-3.2250001,28.987501,-22.48125
66655701516408,1788474174853,-3.2062502,29.156252,-22.5
66655711516408,1788474174863,-3.0187502,29.1,-22.650002
66655721516408,1788474174873,-2.9250002,28.743752,-22.462502
66655731516408,1788474174883,-3.0187502,28.85625,-22.21875
66655741516408,1788474174893,-3.1312501,28.800001,-22.1625
66655751516408,1788474174903,-3.05625,28.687502,-22.368752
66655761516408,1788474174913,-3.0187502,28.612501,-22.3125
66655771516408,1788474174923,-3.0,28.593752,-22.1625
66655781516408,1788474174933,-3.0937502,28.66875,-21.9375
66655791516408,1788474174943,-2.98125,28.650002,-21.768751
66655801516408,1788474174953,-2.8500001,28.706251,-21.618752
66655811516408,1788474174963,-2.775,28.44375,-21.675001
66655821516408,1788474174973,-2.71875,28.5375,-21.73125
66655831516408,1788474174983,-2.71875,28.44375,-21.618752
66655841516408,1788474174993,-2.7562501,28.556252,-21.7875
66655851516408,1788474175003,-2.49375,28.518751,-21.862501
66655861516408,1788474175013,-2.30625,28.368752,-21.9375
66655871516408,1788474175023,-2.5500002,28.237501,-21.862501
66655881516408,1788474175033,-2.7375002,28.518751,-21.862501
66655891516408,1788474175043,-2.6437502,28.837502,-21.975
66655901516408,1788474175053,-2.71875,28.85625,-22.275002
66655911516408,1788474175063,-2.7562501,29.1,-22.10625
66655921516408,1788474175073,-2.6625001,28.781252,-22.25625
66655931516408,1788474175083,-2.53125,28.9125,-22.3125
66655941516408,1788474175093,-2.7562501,28.81875,-22.35
66655951516408,1788474175103,-2.6625001,28.95,-22.3125
66655961516408,1788474175113,-2.60625,29.04375,-22.5
66655971516408,1788474175123,-2.5875,28.9125,-22.425001
66655981516408,1788474175133,-2.7,28.7625,-22.3875
66655991516408,1788474175143,-2.625,28.518751,-22.59375
66656001516408,1788474175153,-2.6625001,28.81875,-22.3875
66656011516408,1788474175163,-2.8312502,28.95,-22.35
66656021516408,1788474175173,-2.775,29.268751,-22.425001
66656031516408,1788474175183,-2.79375,29.306252,-22.743752
66656041516408,1788474175193,-2.7,29.306252,-22.800001
66656051516408,1788474175203,-2.71875,28.95,-22.7625
66656061516408,1788474175213,-2.71875,28.9125,-22.706251
66656071516408,1788474175223,-2.6625001,28.95,-22.48125
66656081516408,1788474175233,-2.7375002,28.837502,-22.40625
66656091516408,1788474175243,-2.68125,28.781252,-22.331251
66656101516408,1788474175253,-2.71875,28.63125,-22.181252
66656111516408,1788474175263,-2.5500002,28.687502,-22.0125
66656121516408,1788474175273,-2.8125,28.518751,-21.7875
66656131516408,1788474175283,-2.775,28.500002,-21.6
66656141516408,1788474175293,-2.6625001,28.48125,-21.487501
66656151516408,1788474175303,-2.53125,28.44375,-21.50625
66656161516408,1788474175313,-2.41875,28.44375,-21.4125
66656171516408,1788474175323,-2.49375,28.237501,-21.300001
66656181516408,1788474175333,-2.30625,28.312502,-21.375
66656191516408,1788474175343,-2.3812501,28.1625,-21.581251
66656201516408,1788474175353,-2.1375,28.218752,-21.581251
66656211516408,1788474175363,-2.11875,28.706251,-21.675001
66656221516408,1788474175373,-2.1937501,28.743752,-21.84375
66656231516408,1788474175383,-2.2875001,28.968752,-22.03125
66656241516408,1788474175393,-2.3812501,29.062502,-22.331251
66656251516408,1788474175403,-2.71875,29.343752,-22.40625
66656261516408,1788474175413,-2.9250002,29.156252,-22.425001
66656271516408,1788474175423,-3.0,29.212502,-22.275002
66656281516408,1788474175433,-3.15,29.00625,-22.35
66656291516408,1788474175443,-3.15,28.66875,-22.2
66656301516408,1788474175453,-3.2250001,28.85625,-22.06875
66656311516408,1788474175463,-3.3187501,28.81875,-21.91875
66656321516408,1788474175473,-3.24375,28.650002,-21.900002
66656331516408,1788474175483,-2.775,28.35,-22.050001
66656341516408,1788474175493,-2.8500001,28.425001,-21.88125
66656351516408,1788474175503,-3.0187502,28.143751,-21.581251
66656361516408,1788474175513,-3.075,28.143751,-21.31875
66656371516408,1788474175523,-3.16875,28.425001,-21.6375
66656381516408,1788474175533,-3.1875002,28.25625,-21.581251
66656391516408,1788474175543,-3.1312501,28.06875,-21.73125
66656401516408,1788474175553,-3.075,28.2,-21.825
66656411516408,1788474175563,-3.16875,28.48125,-21.825
66656421516408,1788474175573,-3.05625,28.500002,-21.84375
66656431516408,1788474175583,-3.0,28.556252,-22.125
66656441516408,1788474175593,-2.8125,28.893751,-22.331251
66656451516408,1788474175603,-2.79375,28.81875,-22.21875
66656461516408,1788474175613,-2.6437502,28.968752,-22.35
66656471516408,1788474175623,-2.71875,29.081251,-22.181252
66656481516408,1788474175633,-2.86875,29.156252,-21.9375
66656491516408,1788474175643,-2.7375002,29.062502,-21.993752
66656501516408,1788474175653,-2.49375,29.081251,-22.181252
66656511516408,1788474175663,-2.4750001,29.2875,-22.21875
66656521516408,1788474175673,-2.49375,29.062502,-22.368752
66656531516408,1788474175683,-2.5125,29.04375,-22.59375
66656541516408,1788474175693,-2.5875,29.062502,-22.425001
66656551516408,1788474175703,-2.6625001,28.95,-22.44375
66656561516408,1788474175713,-2.41875,28.612501,-22.425001
66656571516408,1788474175723,-2.60625,28.650002,-22.425001
66656581516408,1788474175733,-2.7562501,28.556252,-22.275002
66656591516408,1788474175743,-2.625,28.44375,-22.237501
66656601516408,1788474175753,-2.6437502,28.66875,-22.21875
66656611516408,1788474175763,-2.49375,28.5375,-21.900002
66656621516408,1788474175773,-2.4,28.425001,-22.06875
66656631516408,1788474175783,-2.325,28.44375,-22.181252
66656641516408,1788474175793,-2.5687501,28.66875,-22.3125
66656651516408,1788474175803,-2.4750001,28.5375,-22.25625
66656661516408,1788474175813,-2.5687501,28.63125,-22.40625
66656671516408,1788474175823,-2.60625,28.556252,-22.5375
66656681516408,1788474175833,-2.5687501,28.500002,-22.59375
66656691516408,1788474175843,-2.775,28.575,-22.59375
66656701516408,1788474175853,-2.8875,28.5375,-22.725
66656711516408,1788474175863,-2.79375,28.893751,-22.706251
66656721516408,1788474175873,-2.7375002,28.893751,-22.66875
66656731516408,1788474175883,-3.075,28.875002,-22.725
66656741516408,1788474175893,-3.1125002,28.81875,-22.725
66656751516408,1788474175903,-2.98125,28.800001,-22.462502
66656761516408,1788474175913,-3.1875002,28.48125,-22.3875
66656771516408,1788474175923,-3.2250001,28.593752,-22.556252
66656781516408,1788474175933,-3.1312501,28.518751,-22.3875
66656791516408,1788474175943,-3.2812502,28.143751,-22.237501
66656801516408,1788474175953,-3.2812502,27.956251,-22.275002
66656811516408,1788474175963,-3.1125002,27.91875,-22.3125
66656821516408,1788474175973,-3.2625,27.806252,-22.3125
66656831516408,1788474175983,-3.4875002,28.050001,-22.59375
66656841516408,1788474175993,-3.4125001,28.406252,-22.48125
66656851516408,1788474176003,-3.1312501,28.125002,-22.35
66656861516408,1788474176013,-3.2250001,28.087502,-22.3875
66656871516408,1788474176023,-3.2625,28.125002,-22.575
66656881516408,1788474176033,-3.3187501,28.1625,-22.575
66656891516408,1788474176043,-3.1875002,28.2,-22.368752
66656901516408,1788474176053,-3.0,28.368752,-22.21875
66656911516408,1788474176063,-2.79375,28.2,-21.91875
66656921516408,1788474176073,-2.6437502,28.237501,-22.06875
66656931516408,1788474176083,-2.71875,28.35,-21.900002
66656941516408,1788474176093,-2.5500002,28.518751,-21.75
66656951516408,1788474176103,-2.325,28.593752,-21.7875
66656961516408,1788474176113,-2.34375,28.66875,-21.768751
66656971516408,1788474176123,-2.34375,28.66875,-21.956251
66656981516408,1788474176133,-2.15625,28.612501,-22.050001
66656991516408,1788474176143,-2.53125,28.725,-22.237501
66657001516408,1788474176153,-2.7,28.518751,-22.21875
66657011516408,1788474176163,-2.8125,28.5375,-22.3875
66657021516408,1788474176173,-3.05625,28.35,-22.518751
66657031516408,1788474176183,-3.05625,28.1625,-22.275002
66657041516408,1788474176193,-2.8875,28.331251,-22.21875
66657051516408,1788474176203,-2.86875,28.5375,-22.0125
66657061516408,1788474176213,-3.0,28.48125,-21.956251
66657071516408,1788474176223,-2.9250002,28.66875,-22.1625
66657081516408,1788474176233,-3.16875,28.893751,-22.050001
66657091516408,1788474176243,-3.0375001,28.85625,-22.1625
66657101516408,1788474176253,-2.8875,28.7625,-22.21875
66657111516408,1788474176263,-2.98125,28.7625,-22.35
66657121516408,1788474176273,-2.9250002,28.575,-22.237501
66657131516408,1788474176283,-2.9625,28.44375,-22.29375
66657141516408,1788474176293,-2.8312502,28.66875,-22.3875
66657151516408,1788474176303,-2.5687501,28.518751,-22.1625
66657161516408,1788474176313,-2.30625,28.425001,-22.143751
66657171516408,1788474176323,-2.5125,28.35,-22.1625
66657181516408,1788474176333,-2.41875,28.575,-22.10625
66657191516408,1788474176343,-2.49375,28.63125,-22.275002
66657201516408,1788474176353,-2.6437502,28.800001,-22.368752
66657211516408,1788474176363,-2.7375002,28.837502,-22.59375
66657221516408,1788474176373,-2.90625,28.725,-22.612501
66657231516408,1788474176383,-3.2062502,28.800001,-22.706251
66657241516408,1788474176393,-3.1875002,28.725,-22.63125
66657251516408,1788474176403,-3.0937502,28.968752,-22.575
66657261516408,1788474176413,-3.2250001,28.893751,-22.59375
66657271516408,1788474176423,-3.5062501,28.875002,-22.425001
66657281516408,1788474176433,-3.54375,28.687502,-22.575
66657291516408,1788474176443,-3.5812502,28.781252,-22.48125
66657301516408,1788474176453,-3.6937501,28.612501,-22.275002
66657311516408,1788474176463,-3.4687502,28.44375,-22.44375
66657321516408,1788474176473,-3.6562502,28.44375,-22.63125
66657331516408,1788474176483,-3.54375,28.462502,-22.66875
66657341516408,1788474176493,-3.43125,28.593752,-22.63125
66657351516408,1788474176503,-2.9625,28.575,-22.706251
66657361516408,1788474176513,-2.9437501,28.650002,-22.35
66657371516408,1788474176523,-2.9437501,28.556252,-22.48125
66657381516408,1788474176533,-2.625,28.725,-22.5375
66657391516408,1788474176543,-2.7375002,28.800001,-22.556252
66657401516408,1788474176553,-2.49375,28.968752,-22.518751
66657411516408,1788474176563,-2.9625,28.875002,-22.518751
66657421516408,1788474176573,-3.0937502,29.025002,-22.44375
66657431516408,1788474176583,-3.3187501,29.081251,-22.275002
66657441516408,1788474176593,-3.3000002,29.306252,-22.6875
66657451516408,1788474176603,-3.1312501,29.343752,-22.5375
66657461516408,1788474176613,-3.0187502,29.550001,-22.66875
66657471516408,1788474176623,-2.9250002,29.493752,-22.25625
66657481516408,1788474176633,-3.0187502,29.175001,-22.143751
66657491516408,1788474176643,-2.71875,28.987501,-22.1625
66657501516408,1788474176653,-2.5500002,28.931252,-22.181252
66657511516408,1788474176663,-2.4750001,29.1375,-22.25625
66657521516408,1788474176673,-2.49375,29.062502,-22.143751
66657531516408,1788474176683,-2.4375,28.893751,-22.10625
66657541516408,1788474176693,-2.5500002,28.743752,-22.25625
66657551516408,1788474176703,-2.5687501,28.66875,-22.331251
66657561516408,1788474176713,-2.4562502,28.987501,-22.575
66657571516408,1788474176723,-2.2687502,29.04375,-22.29375
66657581516408,1788474176733,-2.4375,28.95,-22.25625
66657591516408,1788474176743,-2.5500002,28.837502,-22.143751
66657601516408,1788474176753,-2.53125,28.575,-21.9375
66657611516408,1788474176763,-2.9625,28.687502,-21.900002
66657621516408,1788474176773,-3.2250001,28.63125,-21.46875
66657631516408,1788474176783,-3.05625,28.706251,-21.525002
66657641516408,1788474176793,-3.0,28.500002,-21.45
66657651516408,1788474176803,-3.075,28.368752,-21.618752
66657661516408,1788474176813,-3.0187502,28.275002,-21.675001
66657671516408,1788474176823,-2.8125,28.368752,-21.88125
66657681516408,1788474176833,-2.8312502,28.406252,-22.0125
66657691516408,1788474176843,-2.79375,28.5375,-22.0125
66657701516408,1788474176853,-2.7,28.406252,-22.143751
66657711516408,1788474176863,-2.775,28.612501,-22.125
66657721516408,1788474176873,-3.0,28.687502,-22.03125
66657731516408,1788474176883,-3.16875,28.837502,-21.9375
66657741516408,1788474176893,-3.3000002,28.85625,-22.050001
66657751516408,1788474176903,-3.3187501,28.81875,-22.03125
66657761516408,1788474176913,-3.3750002,28.85625,-22.125
66657771516408,1788474176923,-3.16875,28.66875,-22.237501
66657781516408,1788474176933,-3.16875,28.612501,-22.143751
66657791516408,1788474176943,-3.35625,28.312502,-22.125
66657801516408,1788474176953,-3.35625,28.425001,-22.0125
66657811516408,1788474176963,-3.35625,28.48125,-22.10625
66657821516408,1788474176973,-3.0187502,28.331251,-21.900002
66657831516408,1788474176983,-3.0937502,28.275002,-21.69375
66657841516408,1788474176993,-3.0375001,28.518751,-21.50625
66657851516408,1788474177003,-2.98125,28.725,-21.45
66657861516408,1788474177013,-2.90625,28.85625,-21.712502
66657871516408,1788474177023,-2.9250002,29.062502,-21.618752
66657881516408,1788474177033,-2.8312502,28.85625,-21.712502
66657891516408,1788474177043,-2.5875,28.706251,-21.69375
66657901516408,1788474177053,-2.71875,28.800001,-21.75
66657911516408,1788474177063,-2.625,28.837502,-21.806252
66657921516408,1788474177073,-2.7562501,28.81875,-21.806252
66657931516408,1788474177083,-2.8312502,28.593752,-21.7875
66657941516408,1788474177093,-2.7562501,28.743752,-21.581251
66657951516408,1788474177103,-2.6625001,28.556252,-21.712502
66657961516408,1788474177113,-2.6437502,28.593752,-21.73125
66657971516408,1788474177123,-2.86875,28.593752,-21.6375
66657981516408,1788474177133,-3.0,28.650002,-21.6375
66657991516408,1788474177143,-3.2625,28.556252,-21.618752
66658001516408,1788474177153,-3.2062502,28.3875,-21.6
66658011516408,1788474177163,-3.15,28.406252,-21.6375
66658021516408,1788474177173,-3.4125001,28.331251,-21.618752
66658031516408,1788474177183,-3.3375,28.518751,-21.525002
66658041516408,1788474177193,-3.16875,28.462502,-21.581251
66658051516408,1788474177203,-3.2062502,28.48125,-21.69375
66658061516408,1788474177213,-3.16875,28.725,-21.5625
66658071516408,1788474177223,-3.075,28.743752,-21.65625
66658081516408,1788474177233,-3.0375001,28.650002,-21.75
66658091516408,1788474177243,-2.9625,28.500002,-21.75
66658101516408,1788474177253,-2.86875,28.406252,-21.65625
66658111516408,1788474177263,-3.05625,28.1625,-21.88125
66658121516408,1788474177273,-3.05625,28.218752,-21.825
66658131516408,1788474177283,-2.8500001,28.1625,-21.712502
66658141516408,1788474177293,-2.8500001,28.06875,-21.84375
66658151516408,1788474177303,-2.90625,28.25625,-21.768751
66658161516408,1788474177313,-2.68125,28.3875,-21.806252
66658171516408,1788474177323,-2.7375002,28.743752,-21.768751
66658181516408,1788474177333,-2.7562501,28.931252,-21.993752
66658191516408,1788474177343,-2.625,29.156252,-21.900002
66658201516408,1788474177353,-2.7562501,29.1375,-21.862501
66658211516408,1788474177363,-2.9250002,29.38125,-21.91875
66658221516408,1788474177373,-2.9625,29.325,-21.88125
66658231516408,1788474177383,-2.86875,29.062502,-22.087502
66658241516408,1788474177393,-3.05625,28.968752,-22.087502
66658251516408,1788474177403,-3.05625,28.931252,-22.087502
66658261516408,1788474177413,-3.05625,28.837502,-21.975
66658271516408,1788474177423,-3.0,28.63125,-21.84375
66658281516408,1788474177433,-3.1312501,28.875002,-21.862501
66658291516408,1788474177443,-2.98125,28.95,-21.712502
66658301516408,1788474177453,-2.8875,28.95,-21.862501
66658311516408,1788474177463,-2.86875,29.081251,-21.712502
66658321516408,1788474177473,-2.9250002,29.23125,-21.768751
66658331516408,1788474177483,-2.8875,29.118752,-21.6
66658341516408,1788474177493,-2.8125,29.081251,-21.712502
66658351516408,1788474177503,-2.86875,29.23125,-21.900002
66658361516408,1788474177513,-2.6625001,29.00625,-21.993752
66658371516408,1788474177523,-2.7562501,28.743752,-22.0125
66658381516408,1788474177533,-2.8125,28.706251,-22.0125
66658391516408,1788474177543,-2.8312502,28.743752,-22.237501
66658401516408,1788474177553,-2.7375002,28.931252,-22.143751
66658411516408,1788474177563,-2.71875,28.987501,-22.3125
66658421516408,1788474177573,-2.625,29.04375,-22.275002
66658431516408,1788474177583,-2.68125,29.062502,-22.35
66658441516408,1788474177593,-2.8312502,29.19375,-22.3875
66658451516408,1788474177603,-2.6437502,29.343752,-22.556252
66658461516408,1788474177613,-2.68125,29.19375,-22.368752
66658471516408,1788474177623,-2.6625001,28.893751,-22.25625
66658481516408,1788474177633,-2.6437502,28.462502,-22.462502
66658491516408,1788474177643,-2.5687501,28.35,-22.48125
66658501516408,1788474177653,-2.6625001,28.29375,-22.743752
66658511516408,1788474177663,-2.5687501,28.35,-22.5
66658521516408,1788474177673,-2.34375,28.35,-22.368752
66658531516408,1788474177683,-2.5687501,28.35,-22.40625
66658541516408,1788474177693,-2.41875,28.593752,-22.5375
66658551516408,1788474177703,-2.60625,28.66875,-22.25625
66658561516408,1788474177713,-2.5687501,28.875002,-22.050001
66658571516408,1788474177723,-2.86875,28.7625,-21.862501
66658581516408,1788474177733,-2.8125,28.556252,-21.28125
66658591516408,1788474177743,-2.625,28.612501,-21.375
66658601516408,1788474177753,-2.98125,28.518751,-21.393751
66658611516408,1788474177763,-2.8500001,28.406252,-21.4125
66658621516408,1788474177773,-2.8125,28.25625,-21.225
66658631516408,1788474177783,-2.625,28.312502,-21.375
66658641516408,1788474177793,-2.60625,28.25625,-21.487501
66658651516408,1788474177803,-2.5687501,28.331251,-21.5625
66658661516408,1788474177813,-2.5500002,28.312502,-21.7875
66658671516408,1788474177823,-2.90625,28.237501,-21.7875
66658681516408,1788474177833,-2.9437501,28.312502,-21.768751
66658691516408,1788474177843,-2.9250002,28.237501,-21.65625
66658701516408,1788474177853,-2.8312502,28.500002,-21.84375
66658711516408,1788474177863,-2.775,28.725,-21.768751
66658721516408,1788474177873,-3.15,28.725,-21.54375
66658731516408,1788474177883,-2.9625,28.875002,-21.581251
66658741516408,1788474177893,-2.86875,28.9125,-21.69375
66658751516408,1788474177903,-2.86875,28.85625,-21.50625
66658761516408,1788474177913,-2.7,28.9125,-21.50625
66658771516408,1788474177923,-2.7562501,29.156252,-21.337502
66658781516408,1788474177933,-3.24375,28.81875,-21.206251
66658791516408,1788474177943,-3.1875002,29.025002,-21.225
66658801516408,1788474177953,-3.1875002,29.118752,-21.31875
66658811516408,1788474177963,-3.2062502,29.00625,-21.2625
66658821516408,1788474177973,-3.2625,29.04375,-21.16875
66658831516408,1788474177983,-3.2625,29.062502,-21.431252
66658841516408,1788474177993,-3.24375,28.800001,-21.487501
66658851516408,1788474178003,-3.3750002,28.650002,-21.806252
66658861516408,1788474178013,-3.2250001,28.66875,-21.69375
66658871516408,1788474178023,-3.43125,28.35,-21.69375
66658881516408,1788474178033,-3.3000002,28.29375,-21.69375
66658891516408,1788474178043,-3.3375,28.5375,-21.69375
66658901516408,1788474178053,-3.825,28.687502,-21.84375
66658911516408,1788474178063,-3.7125,28.7625,-21.69375
66658921516408,1788474178073,-3.5625002,28.931252,-21.73125
66658931516408,1788474178083,-3.3937502,29.156252,-21.618752
66658941516408,1788474178093,-3.1875002,29.475,-21.73125
66658951516408,1788474178103,-2.9437501,29.2875,-21.768751
66658961516408,1788474178113,-2.8500001,29.2875,-21.69375
66658971516408,1788474178123,-3.0187502,29.118752,-21.806252
66658981516408,1788474178133,-2.8125,29.175001,-21.6
66658991516408,1788474178143,-2.7375002,28.95,-21.712502
66659001516408,1788474178153,-2.53125,29.00625,-21.45
66659011516408,1788474178163,-2.7,28.81875,-21.46875
66659021516408,1788474178173,-2.53125,28.593752,-21.6
66659031516408,1788474178183,-2.68125,28.63125,-21.487501
66659041516408,1788474178193,-2.5500002,28.650002,-21.581251
66659051516408,1788474178203,-2.5500002,28.743752,-21.675001
66659061516408,1788474178213,-2.3812501,28.500002,-21.88125
66659071516408,1788474178223,-2.4,28.556252,-21.806252
66659081516408,1788474178233,-2.8500001,28.575,-22.10625
66659091516408,1788474178243,-2.71875,28.331251,-22.143751
66659101516408,1788474178253,-2.9625,28.462502,-22.03125
66659111516408,1788474178263,-3.1312501,28.612501,-22.087502
66659121516408,1788474178273,-3.2625,28.81875,-22.143751
66659131516408,1788474178283,-3.2062502,28.781252,-22.050001
66659141516408,1788474178293,-3.2812502,28.800001,-21.9375
66659151516408,1788474178303,-3.15,28.95,-21.900002
66659161516408,1788474178313,-2.8875,28.743752,-21.75
66659171516408,1788474178323,-3.16875,28.81875,-21.712502
66659181516408,1788474178333,-3.075,29.04375,-21.862501
66659191516408,1788474178343,-2.9250002,29.00625,-21.862501
66659201516408,1788474178353,-2.79375,28.781252,-21.75
66659211516408,1788474178363,-2.8312502,28.725,-21.65625
66659221516408,1788474178373,-2.5125,28.875002,-21.675001
66659231516408,1788474178383,-2.68125,28.781252,-21.6
66659241516408,1788474178393,-2.68125,28.9125,-21.618752
66659251516408,1788474178403,-2.68125,29.2875,-21.618752
66659261516408,1788474178413,-2.8500001,28.931252,-21.54375
66659271516408,1788474178423,-2.68125,28.81875,-21.6375
66659281516408,1788474178433,-2.625,28.781252,-21.806252
66659291516408,1788474178443,-2.4750001,28.9125,-21.900002
66659301516408,1788474178453,-2.90625,28.66875,-22.087502
66659311516408,1788474178463,-2.90625,28.687502,-22.3125
66659321516408,1788474178473,-3.15,28.593752,-22.3125
66659331516408,1788474178483,-2.90625,28.25625,-22.3875
66659341516408,1788474178493,-2.8500001,28.25625,-22.518751
66659351516408,1788474178503,-3.075,28.35,-22.44375
66659361516408,1788474178513,-2.9250002,28.425001,-22.368752
66659371516408,1788474178523,-2.98125,28.143751,-22.29375
66659381516408,1788474178533,-2.8125,28.5375,-22.143751
66659391516408,1788474178543,-2.8125,28.44375,-22.10625
66659401516408,1788474178553,-2.71875,28.5375,-21.88125
66659411516408,1788474178563,-2.90625,28.743752,-21.91875
66659421516408,1788474178573,-2.7562501,28.725,-21.75
66659431516408,1788474178583,-2.625,28.725,-21.768751
66659441516408,1788474178593,-3.05625,28.837502,-21.825
66659451516408,1788474178603,-2.9250002,29.1,-21.54375
66659461516408,1788474178613,-2.90625,28.837502,-21.581251
66659471516408,1788474178623,-2.9437501,29.081251,-21.525002
66659481516408,1788474178633,-2.8500001,29.04375,-21.806252
66659491516408,1788474178643,-2.7,28.931252,-21.6375
66659501516408,1788474178653,-2.86875,29.04375,-21.581251
66659511516408,1788474178663,-2.90625,29.212502,-21.88125
66659521516408,1788474178673,-2.8312502,28.95,-21.993752
66659531516408,1788474178683,-2.79375,29.04375,-22.25625
66659541516408,1788474178693,-2.7562501,29.04375,-22.181252
66659551516408,1788474178703,-2.7375002,28.81875,-22.1625
66659561516408,1788474178713,-2.7375002,28.85625,-22.03125
66659571516408,1788474178723,-2.5687501,28.9125,-22.050001
66659581516408,1788474178733,-2.625,28.875002,-22.087502
66659591516408,1788474178743,-2.60625,28.800001,-21.75
66659601516408,1788474178753,-2.49375,28.931252,-21.5625
66659611516408,1788474178763,-2.53125,28.66875,-21.4125
66659621516408,1788474178773,-2.5875,28.725,-21.375
66659631516408,1788474178783,-2.60625,28.781252,-21.112501
66659641516408,1788474178793,-2.775,28.575,-21.13125
66659651516408,1788474178803,-2.7562501,28.81875,-21.225
66659661516408,1788474178813,-2.8312502,28.931252,-21.206251
66659671516408,1788474178823,-3.0375001,28.81875,-21.337502
66659681516408,1788474178833,-3.2062502,28.893751,-21.45
66659691516408,1788474178843,-3.1125002,28.95,-21.581251
66659701516408,1788474178853,-2.9625,28.968752,-21.712502
66659711516408,1788474178863,-2.9250002,29.025002,-22.050001
66659721516408,1788474178873,-2.8312502,29.306252,-22.143751
66659731516408,1788474178883,-2.9250002,28.968752,-22.143751
66659741516408,1788474178893,-2.625,28.893751,-22.181252
66659751516408,1788474178903,-2.3812501,29.1,-22.29375
66659761516408,1788474178913,-2.25,28.968752,-22.2
66659771516408,1788474178923,-2.4,29.025002,-22.35
66659781516408,1788474178933,-2.5500002,29.1,-22.29375
66659791516408,1788474178943,-2.4375,29.1,-21.975
66659801516408,1788474178953,-2.30625,29.081251,-21.73125
66659811516408,1788474178963,-2.34375,29.175001,-21.73125
66659821516408,1788474178973,-2.6625001,29.23125,-21.487501
66659831516408,1788474178983,-2.8500001,29.1375,-21.375
66659841516408,1788474178993,-2.8500001,29.081251,-21.337502
66659851516408,1788474179003,-2.7562501,29.081251,-21.150002
66659861516408,1788474179013,-2.8125,28.931252,-21.018751
66659871516408,1788474179023,-2.8875,28.800001,-21.16875
66659881516408,1788474179033,-3.0,28.706251,-21.487501
66659891516408,1788474179043,-3.0937502,28.5375,-21.5625
66659901516408,1788474179053,-2.9437501,28.5375,-21.69375
66659911516408,1788474179063,-3.0375001,28.3875,-21.6
66659921516408,1788474179073,-3.15,28.462502,-21.712502
66659931516408,1788474179083,-3.3375,28.406252,-21.712502
66659941516408,1788474179093,-3.15,28.5375,-21.7875
66659951516408,1788474179103,-3.3375,28.48125,-21.88125
66659961516408,1788474179113,-3.3000002,28.44375,-21.712502
66659971516408,1788474179123,-3.3000002,28.500002,-21.618752
66659981516408,1788474179133,-3.4687502,28.25625,-21.581251
66659991516408,1788474179143,-3.4875002,28.29375,-21.7875
66660001516408,1788474179153,-3.2062502,28.1625,-21.75
66660011516408,1788474179163,-3.2812502,28.275002,-21.806252
66660021516408,1788474179173,-3.6375,27.862501,-21.581251
66660031516408,1788474179183,-3.61875,27.88125,-21.65625
66660041516408,1788474179193,-3.8625002,27.91875,-21.712502
66660051516408,1788474179203,-3.9375002,27.993752,-21.6
66660061516408,1788474179213,-4.1062503,28.050001,-21.825
66660071516408,1788474179223,-4.275,28.29375,-21.525002
66660081516408,1788474179233,-4.7250004,28.5375,-21.50625
66660091516408,1788474179243,-5.025,28.275002,-21.45
66660101516408,1788474179253,-5.08125,28.63125,-21.5625
66660111516408,1788474179263,-5.4187503,28.66875,-21.35625
66660121516408,1788474179273,-5.55,28.66875,-21.150002
66660131516408,1788474179283,-6.01875,28.556252,-21.09375
66660141516408,1788474179293,-6.2812505,28.725,-20.8875
66660151516408,1788474179303,-6.6375003,28.66875,-20.90625
66660161516408,1788474179313,-6.9,28.687502,-20.643751
66660171516408,1788474179323,-7.3125005,28.63125,-20.400002
66660181516408,1788474179333,-7.9125004,28.7625,-20.400002
66660191516408,1788474179343,-8.19375,28.781252,-20.325
66660201516408,1788474179353,-8.7375,28.95,-20.212502
66660211516408,1788474179363,-8.981251,29.04375,-20.1375
66660221516408,1788474179373,-9.262501,28.968752,-19.9125
66660231516408,1788474179383,-9.637501,28.85625,-19.7625
66660241516408,1788474179393,-10.012501,28.331251,-19.7625
66660251516408,1788474179403,-10.44375,28.518751,-19.85625
66660261516408,1788474179413,-10.89375,28.275002,-19.612501
66660271516408,1788474179423,-11.212501,28.29375,-19.275002
66660281516408,1788474179433,-11.625,27.937502,-19.181252
66660291516408,1788474179443,-12.0375,27.862501,-18.9375
66660301516408,1788474179453,-12.431251,27.91875,-18.712502
66660311516408,1788474179463,-12.58125,27.91875,-18.525002
66660321516408,1788474179473,-12.806251,28.181252,-18.243752
66660331516408,1788474179483,-12.88125,28.331251,-17.8875
66660341516408,1788474179493,-12.843751,28.25625,-17.831251
66660351516408,1788474179503,-13.05,28.181252,-17.90625
66660361516408,1788474179513,-13.125001,28.237501,-17.90625
66660371516408,1788474179523,-13.275001,28.218752,-17.831251
66660381516408,1788474179533,-13.593751,27.993752,-17.7
66660391516408,1788474179543,-13.743751,28.031252,-17.493752
66660401516408,1788474179553,-14.231251,28.031252,-17.2875
66660411516408,1788474179563,-14.45625,27.937502,-17.15625
66660421516408,1788474179573,-15.20625,27.900002,-16.78125
66660431516408,1788474179583,-15.468751,27.656252,-16.66875
66660441516408,1788474179593,-15.731251,27.750002,-16.3125
66660451516408,1788474179603,-16.143751,27.618752,-16.25625
66660461516408,1788474179613,-16.40625,27.712502,-16.21875
66660471516408,1788474179623,-16.743752,27.712502,-16.21875
66660481516408,1788474179633,-16.893751,27.825,-16.1625
66660491516408,1788474179643,-17.212502,27.806252,-16.06875
66660501516408,1788474179653,-17.025002,28.0125,-16.0125
66660511516408,1788474179663,-17.15625,28.35,-15.76875
66660521516408,1788474179673,-17.400002,28.500002,-15.637501
66660531516408,1788474179683,-17.587502,28.743752,-15.150001
66660541516408,1788474179693,-17.831251,28.706251,-15.1125
66660551516408,1788474179703,-18.018751,28.781252,-14.925
66660561516408,1788474179713,-18.300001,28.687502,-14.906251
66660571516408,1788474179723,-18.54375,28.63125,-14.681251
66660581516408,1788474179733,-18.84375,28.800001,-14.343751
66660591516408,1788474179743,-19.331251,28.781252,-14.043751
66660601516408,1788474179753,-19.66875,28.743752,-13.81875
66660611516408,1788474179763,-19.85625,28.650002,-13.500001
66660621516408,1788474179773,-19.987501,28.556252,-13.05
66660631516408,1788474179783,-20.362501,28.44375,-12.675
66660641516408,1788474179793,-20.53125,28.575,-12.281251
66660651516408,1788474179803,-20.625,28.63125,-12.075001
66660661516408,1788474179813,-20.6625,28.5375,-11.775001
66660671516408,1788474179823,-20.737501,28.3875,-11.45625
66660681516408,1788474179833,-20.79375,28.237501,-11.212501
66660691516408,1788474179843,-20.737501,28.143751,-11.175
66660701516408,1788474179853,-20.775002,28.237501,-10.668751
66660711516408,1788474179863,-20.681252,28.275002,-10.6125
66660721516408,1788474179873,-20.7,28.2,-10.1625
66660731516408,1788474179883,-20.8125,28.143751,-9.95625
66660741516408,1788474179893,-20.925001,27.956251,-10.012501
66660751516408,1788474179903,-20.925001,28.143751,-10.1625
66660761516408,1788474179913,-20.775002,28.143751,-9.993751
66660771516408,1788474179923,-20.8875,28.29375,-10.03125
66660781516408,1788474179933,-20.94375,28.48125,-10.200001
66660791516408,1788474179943,-20.94375,28.44375,-10.03125
66660801516408,1788474179953,-21.0375,28.3875,-10.125
66660811516408,1788474179963,-20.71875,28.500002,-10.06875
66660821516408,1788474179973,-20.831251,28.500002,-9.8625
66660831516408,1788474179983,-20.681252,28.35,-9.75
66660841516408,1788474179993,-20.79375,28.518751,-9.8625
66660851516408,1788474180003,-21.075,28.44375,-9.637501
66660861516408,1788474180013,-21.056252,28.48125,-9.431251
66660871516408,1788474180023,-21.375,28.575,-9.243751
66660881516408,1788474180033,-21.2625,28.650002,-9.01875
66660891516408,1788474180043,-21.65625,28.612501,-8.6625
66660901516408,1788474180053,-21.581251,28.725,-8.53125
66660911516408,1788474180063,-21.9375,28.987501,-8.137501
66660921516408,1788474180073,-22.050001,28.893751,-7.8375
66660931516408,1788474180083,-21.825,28.875002,-7.9687505
66660941516408,1788474180093,-22.0125,28.81875,-7.8750005
66660951516408,1788474180103,-22.050001,28.725,-7.7812505
66660961516408,1788474180113,-22.331251,28.612501,-7.8187504
66660971516408,1788474180123,-22.143751,28.44375,-7.9687505
66660981516408,1788474180133,-22.40625,28.556252,-7.93125
66660991516408,1788474180143,-22.368752,28.368752,-8.0625
66661001516408,1788474180153,-22.5,28.125002,-8.00625
66661011516408,1788474180163,-22.48125,28.143751,-7.8
66661021516408,1788474180173,-22.612501,28.050001,-7.74375
66661031516408,1788474180183,-22.425001,28.050001,-7.7812505
66661041516408,1788474180193,-22.48125,28.368752,-7.7250004
66661051516408,1788474180203,-22.706251,28.275002,-7.6125
66661061516408,1788474180213,-22.59375,27.937502,-7.5937505
66661071516408,1788474180223,-22.650002,27.993752,-7.425
66661081516408,1788474180233,-22.59375,28.1625,-7.2937503
66661091516408,1788474180243,-22.81875,28.1625,-7.14375
66661101516408,1788474180253,-22.59375,28.06875,-7.05
66661111516408,1788474180263,-22.7625,28.143751,-7.0312505
66661121516408,1788474180273,-22.556252,27.843752,-6.9750004
66661131516408,1788474180283,-22.59375,28.050001,-6.8625
66661141516408,1788474180293,-22.59375,28.181252,-6.8250003
66661151516408,1788474180303,-22.63125,28.237501,-6.8812504
66661161516408,1788474180313,-22.650002,28.218752,-6.99375
66661171516408,1788474180323,-22.800001,28.181252,-7.18125
66661181516408,1788474180333,-22.78125,28.25625,-7.3125005
66661191516408,1788474180343,-22.518751,28.218752,-7.275
66661201516408,1788474180353,-22.462502,28.29375,-7.1062503
66661211516408,1788474180363,-22.3125,28.331251,-7.0875
66661221516408,1788474180373,-22.3125,28.425001,-7.3125005
66661231516408,1788474180383,-22.087502,28.275002,-6.9375005
66661241516408,1788474180393,-22.29375,28.368752,-6.8625
66661251516408,1788474180403,-22.03125,28.5375,-6.7500005
66661261516408,1788474180413,-21.9375,28.44375,-6.6937504
66661271516408,1788474180423,-22.2,28.518751,-6.7500005
66661281516408,1788474180433,-22.275002,28.687502,-6.9
66661291516408,1788474180443,-22.275002,28.687502,-6.99375
66661301516408,1788474180453,-22.35,28.575,-6.6375003
66661311516408,1788474180463,-22.3125,28.48125,-6.8625
66661321516408,1788474180473,-21.956251,28.63125,-6.7875004
66661331516408,1788474180483,-21.862501,28.63125,-6.8625
66661341516408,1788474180493,-21.7875,28.837502,-6.8812504
66661351516408,1788474180503,-21.712502,28.837502,-6.8625
66661361516408,1788474180513,-22.050001,28.800001,-6.8250003
66661371516408,1788474180523,-22.06875,28.85625,-6.99375
66661381516408,1788474180533,-22.0125,29.118752,-7.0687504
66661391516408,1788474180543,-22.050001,29.212502,-7.2187505
66661401516408,1788474180553,-22.087502,29.081251,-7.2937503
66661411516408,1788474180563,-22.237501,28.987501,-7.33125
66661421516408,1788474180573,-22.462502,28.837502,-7.3875003
66661431516408,1788474180583,-22.518751,28.968752,-7.3875003
66661441516408,1788474180593,-22.143751,28.987501,-7.4625
66661451516408,1788474180603,-22.2,29.081251,-7.3125005
66661461516408,1788474180613,-22.237501,29.025002,-7.5000005
66661471516408,1788474180623,-22.237501,29.025002,-7.4625
66661481516408,1788474180633,-22.143751,28.893751,-7.6687503
66661491516408,1788474180643,-22.0125,28.968752,-7.4625
66661501516408,1788474180653,-22.0125,28.968752,-7.5937505
66661511516408,1788474180663,-21.993752,28.743752,-7.70625
66661521516408,1788474180673,-21.9375,28.612501,-7.8187504
66661531516408,1788474180683,-21.69375,28.368752,-7.9875
66661541516408,1788474180693,-21.46875,28.237501,-7.8562503
66661551516408,1788474180703,-21.45,28.218752,-8.19375
66661561516408,1788474180713,-21.581251,28.312502,-8.38125
66661571516408,1788474180723,-21.806252,28.218752,-8.587501
66661581516408,1788474180733,-21.712502,28.35,-8.681251
66661591516408,1788474180743,-21.75,28.44375,-8.7375
66661601516408,1788474180753,-21.9375,28.312502,-8.64375
66661611516408,1788474180763,-22.237501,28.500002,-8.700001
66661621516408,1788474180773,-22.25625,28.425001,-8.90625
66661631516408,1788474180783,-22.425001,28.462502,-8.606251
66661641516408,1788474180793,-22.3125,28.3875,-8.4375
66661651516408,1788474180803,-22.275002,28.462502,-8.325001
66661661516408,1788474180813,-22.3125,28.425001,-8.1
66661671516408,1788474180823,-22.125,28.3875,-8.0625
66661681516408,1788474180833,-22.087502,28.593752,-8.08125
66661691516408,1788474180843,-21.900002,28.312502,-7.89375
66661701516408,1788474180853,-21.900002,28.406252,-7.89375
66661711516408,1788474180863,-21.65625,28.44375,-7.9125004
66661721516408,1788474180873,-21.675001,28.725,-7.9125004
66661731516408,1788474180883,-21.393751,28.725,-8.025001
66661741516408,1788474180893,-21.2625,28.593752,-8.212501
66661751516408,1788474180903,-21.206251,28.556252,-8.26875
66661761516408,1788474180913,-21.018751,28.35,-8.325001
66661771516408,1788474180923,-20.90625,28.425001,-8.400001
66661781516408,1788474180933,-20.90625,28.518751,-8.25
66661791516408,1788474180943,-20.90625,28.650002,-8.587501
66661801516408,1788474180953,-21.075,28.5375,-8.606251
66661811516408,1788474180963,-21.4125,28.575,-8.45625
66661821516408,1788474180973,-21.69375,28.63125,-8.512501
66661831516408,1788474180983,-21.581251,28.743752,-8.45625
66661841516408,1788474180993,-21.581251,28.781252,-8.306251
66661851516408,1788474181003,-21.581251,28.837502,-8.15625
66661861516408,1788474181013,-21.7875,28.63125,-8.325001
66661871516408,1788474181023,-22.087502,28.406252,-8.118751
66661881516408,1788474181033,-21.84375,28.25625,-8.2875
66661891516408,1788474181043,-21.54375,28.143751,-8.55
66661901516408,1788474181053,-21.2625,28.125002,-8.418751
66661911516408,1788474181063,-21.300001,28.050001,-8.212501
66661921516408,1788474181073,-21.618752,28.218752,-8.512501
66661931516408,1788474181083,-21.7875,28.312502,-8.625
66661941516408,1788474181093,-21.862501,28.406252,-8.53125
66661951516408,1788474181103,-21.675001,28.556252,-8.53125
66661961516408,1788474181113,-21.956251,28.725,-8.34375
66661971516408,1788474181123,-22.0125,28.66875,-8.26875
66661981516408,1788474181133,-22.181252,28.687502,-8.38125
66661991516408,1788474181143,-22.425001,28.800001,-8.55
66662001516408,1788474181153,-22.35,28.612501,-8.418751
66662011516408,1788474181163,-22.48125,28.518751,-8.512501
66662021516408,1788474181173,-22.3875,28.556252,-8.45625
66662031516408,1788474181183,-22.29375,28.48125,-8.45625
66662041516408,1788474181193,-22.29375,28.3875,-8.512501
66662051516408,1788474181203,-22.29375,28.612501,-8.512501
66662061516408,1788474181213,-22.3125,28.63125,-8.45625
66662071516408,1788474181223,-22.44375,28.63125,-8.512501
66662081516408,1788474181233,-22.462502,28.66875,-8.38125
66662091516408,1788474181243,-22.48125,28.875002,-8.212501
66662101516408,1788474181253,-22.35,28.875002,-8.26875
66662111516408,1788474181263,-22.575,28.9125,-8.19375
66662121516408,1788474181273,-22.63125,28.875002,-8.08125
66662131516408,1788474181283,-22.725,28.875002,-8.08125
66662141516408,1788474181293,-22.78125,29.025002,-8.08125
66662151516408,1788474181303,-22.725,28.781252,-8.137501
66662161516408,1788474181313,-22.6875,28.931252,-8.38125
66662171516408,1788474181323,-22.48125,28.743752,-8.493751
66662181516408,1788474181333,-22.48125,28.743752,-8.587501
66662191516408,1788474181343,-22.44375,28.687502,-8.700001
66662201516408,1788474181353,-22.29375,28.875002,-8.606251
66662211516408,1788474181363,-22.331251,29.04375,-8.587501
66662221516408,1788474181373,-22.143751,28.81875,-8.4375
66662231516408,1788474181383,-21.956251,28.800001,-8.512501
66662241516408,1788474181393,-21.91875,28.687502,-8.4375
66662251516408,1788474181403,-22.0125,28.81875,-8.26875
66662261516408,1788474181413,-22.125,28.66875,-7.9687505
66662271516408,1788474181423,-22.087502,28.612501,-7.8750005
66662281516408,1788474181433,-22.03125,28.3875,-7.9875
66662291516408,1788474181443,-22.087502,28.275002,-7.89375
66662301516408,1788474181453,-22.21875,28.275002,-7.8562503
66662311516408,1788474181463,-22.331251,28.237501,-7.55625
66662321516408,1788474181473,-22.368752,28.29375,-7.6312504
66662331516408,1788474181483,-22.3875,28.087502,-7.65
66662341516408,1788474181493,-22.368752,28.2,-7.8562503
66662351516408,1788474181503,-22.48125,28.462502,-7.74375
66662361516408,1788474181513,-22.3125,28.44375,-7.8562503
66662371516408,1788474181523,-22.0125,28.218752,-8.0625
66662381516408,1788474181533,-21.900002,28.2,-7.89375
66662391516408,1788474181543,-21.900002,28.368752,-8.043751
66662401516408,1788474181553,-21.900002,28.612501,-7.8562503
66662411516408,1788474181563,-21.84375,28.781252,-7.9125004
66662421516408,1788474181573,-21.712502,28.95,-7.8375
66662431516408,1788474181583,-21.581251,28.875002,-8.0625
66662441516408,1788474181593,-21.88125,28.931252,-7.8562503
66662451516408,1788474181603,-21.975,28.987501,-7.6875005
66662461516408,1788474181613,-22.06875,29.118752,-7.8750005
66662471516408,1788474181623,-22.1625,29.025002,-7.74375
66662481516408,1788474181633,-22.143751,28.725,-7.6125
66662491516408,1788474181643,-22.1625,28.556252,-7.6875005
66662501516408,1788474181653,-22.2,28.425001,-7.8
66662511516408,1788474181663,-22.29375,28.425001,-7.6125
66662521516408,1788474181673,-22.21875,28.593752,-7.5000005
66662531516408,1788474181683,-22.35,28.687502,-7.55625
66662541516408,1788474181693,-22.612501,28.556252,-7.4812503
66662551516408,1788474181703,-22.5375,28.500002,-7.6687503
66662561516408,1788474181713,-22.44375,28.462502,-7.7625003
66662571516408,1788474181723,-22.48125,28.556252,-7.6312504
66662581516408,1788474181733,-22.556252,28.5375,-7.5000005
66662591516408,1788474181743,-22.425001,28.612501,-7.4437504
66662601516408,1788474181753,-22.3125,28.575,-7.6312504
66662611516408,1788474181763,-22.368752,28.593752,-7.425
66662621516408,1788474181773,-22.1625,28.706251,-7.5375004
66662631516408,1788474181783,-22.050001,28.725,-7.51875
66662641516408,1788474181793,-22.275002,28.875002,-7.5000005
66662651516408,1788474181803,-22.1625,28.85625,-7.6312504
66662661516408,1788474181813,-22.2,28.7625,-7.51875
66662671516408,1788474181823,-22.3125,28.66875,-7.74375
66662681516408,1788474181833,-22.35,28.5375,-7.5937505
66662691516408,1788474181843,-22.29375,28.331251,-7.6687503
66662701516408,1788474181853,-22.48125,28.3875,-7.5375004
66662711516408,1788474181863,-22.706251,28.518751,-7.5000005
66662721516408,1788474181873,-22.48125,28.425001,-7.5000005
66662731516408,1788474181883,-22.63125,28.368752,-7.275
66662741516408,1788474181893,-22.706251,28.406252,-7.2562504
66662751516408,1788474181903,-22.875,28.48125,-6.8625
66662761516408,1788474181913,-22.96875,28.331251,-6.9187503
66662771516408,1788474181923,-22.800001,28.44375,-6.8437505
66662781516408,1788474181933,-22.59375,28.25625,-6.8250003
66662791516408,1788474181943,-22.331251,28.143751,-6.43125
66662801516408,1788474181953,-22.5,28.06875,-6.2250004
66662811516408,1788474181963,-22.63125,28.143751,-6.2625003
66662821516408,1788474181973,-22.368752,27.993752,-6.15
66662831516408,1788474181983,-22.3875,27.750002,-6.24375
66662841516408,1788474181993,-22.462502,27.825,-6.0750003
66662851516408,1788474182003,-22.706251,27.88125,-5.9437504
66662861516408,1788474182013,-22.931252,28.125002,-6.15
66662871516408,1788474182023,-23.2875,28.2,-6.2812505
66662881516408,1788474182033,-23.268751,28.5375,-6.20625
66662891516408,1788474182043,-23.0625,28.44375,-6.05625
66662901516408,1788474182053,-25.575,27.056252,-12.375001
66662911516408,1788474182063,-25.5375,27.300001,-11.962501
66662921516408,1788474182073,-25.781252,27.50625,-11.925
66662931516408,1788474182083,-25.725,27.581251,-12.0375
66662941516408,1788474182093,-25.687502,27.54375,-11.71875
66662951516408,1788474182103,-25.518751,27.50625,-11.418751
66662961516408,1788474182113,-25.5375,27.243752,-11.512501
66662971516408,1788474182123,-25.7625,27.337502,-11.45625
66662981516408,1788474182133,-25.7625,27.300001,-11.418751
66662991516408,1788474182143,-25.612501,27.150002,-11.700001
66663001516408,1788474182153,-25.331251,27.16875,-11.56875
66663011516408,1788474182163,-25.312502,26.98125,-11.175
66663021516408,1788474182173,-25.237501,26.6625,-10.9125
66663031516408,1788474182183,-25.35,26.79375,-11.08125
66663041516408,1788474182193,-25.275002,26.812502,-10.96875
66663051516408,1788474182203,-25.425001,26.868752,-11.1
66663061516408,1788474182213,-25.425001,26.681252,-10.9125
66663071516408,1788474182223,-25.650002,26.775002,-10.70625
66663081516408,1788474182233,-25.837502,26.75625,-10.59375
66663091516408,1788474182243,-25.875002,26.75625,-10.556251
66663101516408,1788474182253,-25.987501,26.8875,-10.668751
66663111516408,1788474182263,-25.968752,26.94375,-10.6875
66663121516408,1788474182273,-26.04375,27.000002,-10.387501
66663131516408,1788474182283,-25.800001,26.962502,-10.03125
66663141516408,1788474182293,-25.612501,27.187502,-9.9375
66663151516408,1788474182303,-25.575,27.13125,-9.918751
66663161516408,1788474182313,-25.48125,27.13125,-10.06875
66663171516408,1788474182323,-25.29375,27.150002,-10.275001
66663181516408,1788474182333,-25.25625,27.2625,-10.35
66663191516408,1788474182343,-25.237501,27.13125,-10.125
66663201516408,1788474182353,-25.143751,27.150002,-10.25625
66663211516408,1788474182363,-25.0125,27.018751,-10.293751
66663221516408,1788474182373,-25.125002,27.056252,-10.125
66663231516408,1788474182383,-25.0125,27.018751,-10.14375
66663241516408,1788474182393,-24.956251,26.925001,-10.05
66663251516408,1788474182403,-25.237501,27.0375,-10.14375
66663261516408,1788474182413,-25.050001,27.056252,-10.14375
66663271516408,1788474182423,-25.1625,26.94375,-10.35
66663281516408,1788474182433,-25.35,26.925001,-10.5
66663291516408,1788474182443,-25.331251,27.075,-10.6125
66663301516408,1788474182453,-25.237501,26.75625,-10.950001
66663311516408,1788474182463,-25.2,26.625002,-11.043751
66663321516408,1788474182473,-25.275002,26.79375,-11.118751
66663331516408,1788474182483,-25.181252,26.6625,-10.96875
66663341516408,1788474182493,-25.312502,26.681252,-11.175
66663351516408,1788474182503,-25.143751,26.812502,-11.2875
66663361516408,1788474182513,-25.031252,26.79375,-11.55
66663371516408,1788474182523,-25.181252,26.831251,-11.71875
66663381516408,1788474182533,-25.050001,27.075,-12.0375
66663391516408,1788474182543,-24.993752,27.468752,-12.356251
66663401516408,1788474182553,-24.937502,27.225,-12.731251
66663411516408,1788474182563,-24.656252,27.0375,-13.106251
66663421516408,1788474182573,-24.525002,27.16875,-13.2375
66663431516408,1788474182583,-24.31875,27.13125,-13.425
66663441516408,1788474182593,-24.300001,27.150002,-13.5375
66663451516408,1788474182603,-24.243752,27.0375,-13.837501
66663461516408,1788474182613,-24.187502,26.98125,-13.875001
66663471516408,1788474182623,-24.0,26.8875,-13.81875
66663481516408,1788474182633,-24.018751,26.925001,-13.856251
66663491516408,1788474182643,-24.112501,27.13125,-14.1
66663501516408,1788474182653,-23.925001,27.056252,-14.343751
66663511516408,1788474182663,-24.0375,27.000002,-14.55
66663521516408,1788474182673,-23.6625,26.831251,-14.700001
66663531516408,1788474182683,-23.34375,27.16875,-14.887501
66663541516408,1788474182693,-23.25,27.13125,-15.075001
66663551516408,1788474182703,-23.38125,27.112501,-15.562501
66663561516408,1788474182713,-23.25,27.525002,-15.88125
66663571516408,1788474182723,-23.212502,27.750002,-16.0125
66663581516408,1788474182733,-23.2875,27.581251,-16.3875
66663591516408,1788474182743,-22.95,27.73125,-16.725
66663601516408,1788474182753,-23.04375,27.73125,-17.1375
66663611516408,1788474182763,-22.800001,27.581251,-17.60625
66663621516408,1788474182773,-22.9125,27.712502,-17.8125
66663631516408,1788474182783,-22.3875,27.656252,-18.09375
66663641516408,1788474182793,-22.125,27.50625,-18.243752
66663651516408,1788474182803,-21.712502,27.225,-18.69375
66663661516408,1788474182813,-21.54375,27.300001,-18.862501
66663671516408,1788474182823,-21.46875,27.093752,-19.0125
66663681516408,1788474182833,-21.09375,27.150002,-19.125
66663691516408,1788474182843,-21.056252,26.906252,-19.3125
66663701516408,1788474182853,-20.8875,26.775002,-19.3125
66663711516408,1788474182863,-20.90625,26.41875,-19.556252
66663721516408,1788474182873,-20.60625,26.212502,-19.743752
66663731516408,1788474182883,-20.38125,26.456251,-19.875
66663741516408,1788474182893,-20.081251,26.587502,-20.23125
66663751516408,1788474182903,-19.800001,26.60625,-20.56875
66663761516408,1788474182913,-19.78125,26.643751,-20.90625
66663771516408,1788474182923,-19.66875,26.718752,-21.018751
66663781516408,1788474182933,-19.3125,26.6625,-21.50625
66663791516408,1788474182943,-18.84375,26.962502,-21.5625
66663801516408,1788474182953,-18.50625,27.018751,-21.900002
66663811516408,1788474182963,-18.45,26.98125,-22.087502
66663821516408,1788474182973,-18.112501,26.681252,-22.06875
66663831516408,1788474182983,-17.8125,26.718752,-22.10625
66663841516408,1788474182993,-17.4375,26.681252,-22.0125
66663851516408,1788474183003,-17.175001,26.550001,-22.2
66663861516408,1788474183013,-17.081251,26.7,-22.35
66663871516408,1788474183023,-17.212502,26.5125,-22.59375
66663881516408,1788474183033,-17.1,26.343752,-22.81875
66663891516408,1788474183043,-16.7625,26.23125,-22.96875
66663901516408,1788474183053,-16.575,26.5125,-23.1375
66663911516408,1788474183063,-16.44375,26.456251,-23.2875
66663921516408,1788474183073,-16.556252,26.475,-23.643751
66663931516408,1788474183083,-16.48125,26.550001,-23.53125
66663941516408,1788474183093,-16.35,26.550001,-23.38125
66663951516408,1788474183103,-16.125,26.643751,-23.34375
66663961516408,1788474183113,-15.7875,26.812502,-23.456251
66663971516408,1788474183123,-15.712501,26.79375,-23.34375
66663981516408,1788474183133,-15.450001,26.75625,-23.175001
66663991516408,1788474183143,-15.225,26.85,-23.175001
66664001516408,1788474183153,-14.775001,26.868752,-23.118752
66664011516408,1788474183163,-14.418751,27.112501,-23.38125
66664021516408,1788474183173,-14.3625,27.13125,-23.493752
66664031516408,1788474183183,-13.9875,27.206251,-23.550001
66664041516408,1788474183193,-14.062501,27.13125,-23.625
66664051516408,1788474183203,-13.650001,27.487501,-23.681252
66664061516408,1788474183213,-13.6125,27.487501,-23.925001
66664071516408,1788474183223,-13.575001,27.525002,-23.79375
66664081516408,1788474183233,-13.462501,27.656252,-23.75625
66664091516408,1788474183243,-13.312501,27.581251,-23.6625
66664101516408,1788474183253,-12.6,27.69375,-23.56875
66664111516408,1788474183263,-12.450001,27.7875,-23.625
66664121516408,1788474183273,-12.20625,27.993752,-23.475
66664131516408,1788474183283,-12.281251,27.73125,-23.625
66664141516408,1788474183293,-12.0,27.843752,-23.493752
66664151516408,1788474183303,-11.700001,28.143751,-23.681252
66664161516408,1788474183313,-11.325001,28.3875,-23.775002
66664171516408,1788474183323,-11.0625,28.5375,-23.8125
66664181516408,1788474183333,-10.5,28.95,-23.8875
66664191516408,1788474183343,-10.05,28.968752,-23.98125
66664201516408,1788474183353,-9.4125,28.987501,-24.225
66664211516408,1788474183363,-9.01875,28.968752,-24.13125
66664221516408,1788474183373,-8.475,29.081251,-24.243752
66664231516408,1788474183383,-7.9687505,29.04375,-24.54375
66664241516408,1788474183393,-7.51875,28.95,-24.54375
66664251516408,1788474183403,-6.9750004,28.968752,-24.468752
66664261516408,1788474183413,-6.2250004,28.9125,-24.393751
66664271516408,1788474183423,-5.9625,28.893751,-24.4125
66664281516408,1788474183433,-5.8500004,28.931252,-24.337502
66664291516408,1788474183443,-5.71875,29.156252,-24.581251
66664301516408,1788474183453,-5.64375,29.081251,-24.69375
66664311516408,1788474183463,-5.6062503,28.95,-24.6375
66664321516408,1788474183473,-5.4375,29.025002,-24.618752
66664331516408,1788474183483,-5.3812504,28.9125,-24.675001
66664341516408,1788474183493,-5.3250003,28.875002,-24.768751
66664351516408,1788474183503,-5.3250003,29.1,-24.581251
66664361516408,1788474183513,-5.15625,29.268751,-24.562502
66664371516408,1788474183523,-4.93125,29.268751,-24.4125
66664381516408,1788474183533,-4.65,29.456251,-24.337502
66664391516408,1788474183543,-4.3500004,29.400002,-24.13125
66664401516408,1788474183553,-4.3125,29.38125,-24.300001
66664411516408,1788474183563,-4.18125,29.681252,-24.281252
66664421516408,1788474183573,-3.9562502,29.643751,-24.225
66664431516408,1788474183583,-3.9,29.38125,-24.300001
66664441516408,1788474183593,-3.9,29.325,-24.243752
66664451516408,1788474183603,-3.5812502,29.38125,-24.206251
66664461516408,1788474183613,-3.54375,29.212502,-24.13125
66664471516408,1788474183623,-3.54375,29.587502,-24.225
66664481516408,1788474183633,-3.4125001,29.643751,-24.2625
66664491516408,1788474183643,-3.1875002,29.2875,-24.2625
66664501516408,1788474183653,-3.15,29.268751,-24.375002
66664511516408,1788474183663,-2.775,29.325,-24.4125
66664521516408,1788474183673,-2.3625002,29.156252,-24.281252
66664531516408,1788474183683,-2.1937501,29.156252,-24.45
66664541516408,1788474183693,-1.8000001,29.362501,-24.937502
66664551516408,1788474183703,-1.29375,29.19375,-25.25625
66664561516408,1788474183713,-0.7875,29.118752,-25.312502
66664571516408,1788474183723,-0.54375005,29.550001,-25.725
66664581516408,1788474183733,-0.22500001,29.868752,-24.7875
66664591516408,1788474183743,0.1875,29.98125,-24.91875
66664601516408,1788474183753,0.69375,29.906252,-25.425001
66664611516408,1788474183763,1.3125,29.775002,-25.518751
66664621516408,1788474183773,1.8937501,29.531252,-25.312502
66664631516408,1788474183783,2.15625,29.38125,-25.1625
66664641516408,1788474183793,2.3625002,29.156252,-25.10625
66664651516408,1788474183803,2.8125,28.800001,-25.125002
66664661516408,1788474183813,3.1125002,28.781252,-24.91875
66664671516408,1788474183823,3.5062501,28.406252,-24.91875
66664681516408,1788474183833,3.80625,28.612501,-24.562502
66664691516408,1788474183843,3.9,28.44375,-24.6375
66664701516408,1788474183853,3.9,28.237501,-24.562502
66664711516408,1788474183863,4.275,28.29375,-24.50625
66664721516408,1788474183873,4.59375,28.406252,-24.468752
66664731516408,1788474183883,4.6875,28.44375,-24.093752
66664741516408,1788474183893,4.78125,28.312502,-24.0
66664751516408,1788474183903,4.8562503,28.650002,-24.112501
66664761516408,1788474183913,4.875,28.63125,-24.13125
66664771516408,1788474183923,4.9500003,28.837502,-23.925001
66664781516408,1788474183933,5.26875,29.04375,-23.8875
66664791516408,1788474183943,5.30625,29.1375,-23.79375
66664801516408,1788474183953,5.4,29.19375,-23.60625
66664811516408,1788474183963,5.7937503,29.23125,-23.56875
66664821516408,1788474183973,6.0750003,29.268751,-23.325
66664831516408,1788474183983,6.4500003,29.2875,-23.15625
66664841516408,1788474183993,6.675,29.268751,-22.987501
66664851516408,1788474184003,7.05,29.38125,-22.96875
66664861516408,1788474184013,7.4812503,29.362501,-23.1375
66664871516408,1788474184023,7.93125,29.156252,-22.9125
66664881516408,1788474184033,8.2875,29.062502,-23.025002
66664891516408,1788474184043,8.700001,29.118752,-23.15625
66664901516408,1788474184053,8.83125,29.04375,-23.25
66664911516408,1788474184063,9.09375,28.931252,-23.04375
66664921516408,1788474184073,9.39375,29.1,-22.9125
66664931516408,1788474184083,9.65625,28.95,-22.63125
66664941516408,1788474184093,9.88125,29.081251,-22.40625
66664951516408,1788474184103,10.06875,29.456251,-22.25625
66664961516408,1788474184113,10.293751,29.737501,-21.88125
66664971516408,1788474184123,10.387501,29.868752,-21.75
66664981516408,1788474184133,10.743751,29.906252,-21.6
66664991516408,1788474184143,10.9875,30.112501,-21.35625
66665001516408,1788474184153,11.325001,30.0375,-21.431252
66665011516408,1788474184163,11.587501,30.206251,-21.45
66665021516408,1788474184173,11.981251,30.2625,-21.243752
66665031516408,1788474184183,12.356251,30.31875,-21.4125
66665041516408,1788474184193,12.69375,30.093752,-21.31875
66665051516408,1788474184203,13.14375,30.018751,-20.94375
66665061516408,1788474184213,13.14375,30.187502,-20.7
66665071516408,1788474184223,13.33125,30.018751,-20.6625
66665081516408,1788474184233,13.668751,30.0375,-20.38125
66665091516408,1788474184243,13.950001,29.831251,-19.85625
66665101516408,1788474184253,14.775001,30.000002,-19.95
66665111516408,1788474184263,14.868751,29.962502,-19.63125
66665121516408,1788474184273,15.093751,30.150002,-19.63125
66665131516408,1788474184283,15.20625,30.093752,-19.66875
66665141516408,1788474184293,15.637501,30.16875,-19.650002
66665151516408,1788474184303,15.675,30.187502,-19.275002
66665161516408,1788474184313,15.806251,30.243752,-18.825
66665171516408,1788474184323,16.181252,30.35625,-18.7875
66665181516408,1788474184333,16.21875,30.393751,-18.6
66665191516408,1788474184343,16.25625,30.16875,-18.431252
66665201516408,1788474184353,16.48125,30.093752,-18.16875
66665211516408,1788474184363,16.575,30.243752,-17.925001
66665221516408,1788474184373,16.725,30.337502,-17.775002
66665231516408,1788474184383,16.96875,30.581251,-17.831251
66665241516408,1788474184393,16.987501,30.562502,-18.09375
66665251516408,1788474184403,16.96875,30.712502,-17.98125
66665261516408,1788474184413,17.1375,30.69375,-17.90625
66665271516408,1788474184423,17.475,30.88125,-17.8875
66665281516408,1788474184433,17.7,30.993752,-17.831251
66665291516408,1788474184443,17.868752,31.06875,-17.6625
66665301516408,1788474184453,18.075,30.993752,-17.212502
66665311516408,1788474184463,18.431252,30.975,-16.85625
66665321516408,1788474184473,19.10625,31.031252,-16.518751
66665331516408,1788474184483,19.44375,30.937502,-16.48125
66665341516408,1788474184493,19.21875,30.975,-16.44375
66665351516408,1788474184503,19.3875,31.10625,-16.050001
66665361516408,1788474184513,19.518751,31.06875,-15.618751
66665371516408,1788474184523,19.800001,31.125002,-15.337501
66665381516408,1788474184533,20.15625,31.125002,-15.187501
66665391516408,1788474184543,20.25,31.218752,-14.83125
66665401516408,1788474184553,20.400002,31.237501,-14.606251
66665411516408,1788474184563,20.5125,31.25625,-14.08125
66665421516408,1788474184573,20.681252,31.218752,-13.781251
66665431516408,1788474184583,20.98125,31.25625,-13.387501
66665441516408,1788474184593,21.056252,31.237501,-13.181251
66665451516408,1788474184603,21.31875,31.2,-12.806251
66665461516408,1788474184613,21.65625,31.218752,-12.450001
66665471516408,1788474184623,21.84375,31.087502,-12.337501
66665481516408,1788474184633,21.806252,31.125002,-12.01875
66665491516408,1788474184643,22.25625,31.575,-11.90625
66665501516408,1788474184653,22.518751,31.837502,-11.606251
66665511516408,1788474184663,22.556252,31.968752,-11.418751
66665521516408,1788474184673,22.931252,32.193752,-11.137501
66665531516408,1788474184683,22.800001,32.381252,-10.950001
66665541516408,1788474184693,22.706251,32.5125,-10.725
66665551516408,1788474184703,22.78125,32.662502,-10.275001
66665561516408,1788474184713,22.893751,32.775,-9.9375
66665571516408,1788474184723,22.612501,32.60625,-9.637501
66665581516408,1788474184733,22.575,32.4375,-9.5625
66665591516408,1788474184743,22.612501,32.11875,-9.243751
66665601516408,1788474184753,22.725,32.2125,-9.01875
66665611516408,1788474184763,22.9125,32.175003,-8.71875
66665621516408,1788474184773,23.53125,32.193752,-8.25
66665631516408,1788474184783,23.71875,32.49375,-8.212501
66665641516408,1788474184793,24.0375,32.41875,-8.08125
66665651516408,1788474184803,24.075,32.49375,-7.9687505
66665661516408,1788474184813,24.468752,32.53125,-7.5375004
66665671516408,1788474184823,24.806252,32.7,-7.5750003
66665681516408,1788474184833,24.975,32.831253,-7.3125005
66665691516408,1788474184843,25.2,32.90625,-7.1062503
66665701516408,1788474184853,25.25625,33.037502,-6.7875004
66665711516408,1788474184863,25.425001,33.075,-6.61875
66665721516408,1788474184873,25.368752,33.375,-6.3187504
66665731516408,1788474184883,25.875002,33.393753,-6.0
66665741516408,1788474184893,25.931252,33.862503,-5.9812503
66665751516408,1788474184903,25.893751,34.03125,-5.64375
66665761516408,1788474184913,26.025002,34.18125,-5.4375
66665771516408,1788474184923,26.156252,34.331253,-5.30625
66665781516408,1788474184933,26.268751,34.3125,-5.1000004
66665791516408,1788474184943,26.325,34.237503,-4.74375
66665801516408,1788474184953,26.41875,34.125,-4.5
66665811516408,1788474184963,26.19375,34.21875,-4.40625
66665821516408,1788474184973,26.1375,33.975002,-4.0875
66665831516408,1788474184983,26.306252,34.050003,-3.8437502
66665841516408,1788474184993,26.325,33.65625,-3.6750002
66665851516408,1788474185003,26.531252,33.675003,-3.5812502
66665861516408,1788474185013,26.437502,33.75,-4.0125003
66665871516408,1788474185023,26.38125,33.75,-4.1062503
66665881516408,1788474185033,26.400002,33.91875,-4.36875
66665891516408,1788474185043,26.718752,33.975002,-4.4437504
66665901516408,1788474185053,26.812502,34.03125,-4.40625
66665911516408,1788474185063,26.643751,34.068752,-4.4437504
66665921516408,1788474185073,26.643751,34.40625,-4.6875
66665931516408,1788474185083,26.5125,34.36875,-4.65
66665941516408,1788474185093,26.85,34.443752,-4.1625004
66665951516408,1788474185103,27.018751,34.36875,-3.80625
66665961516408,1788474185113,27.056252,34.443752,-3.43125
66665971516408,1788474185123,27.018751,34.4625,-3.075
66665981516408,1788474185133,27.112501,34.5,-3.1312501
66665991516408,1788474185143,27.31875,34.55625,-2.79375
66666001516408,1788474185153,27.468752,34.5,-2.25
66666011516408,1788474185163,27.581251,34.518753,-2.1375
66666021516408,1788474185173,27.337502,34.59375,-2.1375
66666031516408,1788474185183,27.45,34.93125,-2.1937501
66666041516408,1788474185193,27.50625,34.8375,-2.1375
66666051516408,1788474185203,27.375002,34.7625,-1.95
66666061516408,1788474185213,27.206251,34.74375,-1.81875
66666071516408,1788474185223,27.187502,35.0625,-1.9312501
66666081516408,1788474185233,27.206251,34.987503,-2.30625
66666091516408,1788474185243,27.243752,35.15625,-2.3625002
66666101516408,1788474185253,27.431252,35.193752,-2.41875
66666111516408,1788474185263,27.31875,35.081253,-2.6625001
66666121516408,1788474185273,27.54375,35.081253,-2.60625
66666131516408,1788474185283,27.581251,35.23125,-2.9437501
66666141516408,1788474185293,27.562502,35.34375,-3.0187502
66666151516408,1788474185303,27.73125,35.100002,-3.1312501
66666161516408,1788474185313,27.487501,35.081253,-2.9625
66666171516408,1788474185323,27.375002,34.78125,-2.9250002
66666181516408,1788474185333,27.187502,34.706253,-2.775
66666191516408,1788474185343,27.225,34.537502,-2.4750001
66666201516408,1788474185353,27.000002,34.66875,-2.79375
66666211516408,1788474185363,27.075,34.65,-2.5875
66666221516408,1788474185373,27.000002,34.4625,-2.49375
66666231516408,1788474185383,26.868752,34.443752,-2.25
66666241516408,1788474185393,27.018751,34.3875,-2.41875
66666251516408,1788474185403,27.0375,34.518753,-2.49375
66666261516408,1788474185413,26.98125,34.537502,-2.3812501
66666271516408,1788474185423,27.093752,34.4625,-2.325
66666281516408,1788474185433,27.150002,34.425003,-2.1937501
66666291516408,1788474185443,27.206251,34.612503,-2.1937501
66666301516408,1788474185453,27.393751,34.59375,-2.15625
66666311516408,1788474185463,27.393751,34.537502,-2.1937501
66666321516408,1788474185473,27.393751,34.66875,-1.8750001
66666331516408,1788474185483,27.6,34.85625,-1.8937501
66666341516408,1788474185493,27.73125,34.78125,-2.15625
66666351516408,1788474185503,27.581251,34.875,-2.49375
66666361516408,1788474185513,27.6375,34.800003,-2.4750001
66666371516408,1788474185523,27.50625,34.631252,-2.41875
66666381516408,1788474185533,27.656252,34.7625,-2.41875
66666391516408,1788474185543,27.73125,34.575,-2.4562502
66666401516408,1788474185553,27.7875,34.818752,-2.60625
66666411516408,1788474185563,27.69375,34.631252,-2.4
66666421516408,1788474185573,27.825,34.725002,-2.325
66666431516408,1788474185583,28.0125,34.912502,-2.2687502
66666441516408,1788474185593,28.143751,35.081253,-2.41875
66666451516408,1788474185603,28.125002,35.268753,-2.5125
66666461516408,1788474185613,27.768751,35.081253,-2.5687501
66666471516408,1788474185623,27.768751,35.25,-2.8875
66666481516408,1788474185633,27.675001,34.93125,-3.0187502
66666491516408,1788474185643,27.562502,34.893753,-3.1312501
66666501516408,1788474185653,27.712502,34.706253,-3.2625
66666511516408,1788474185663,27.525002,34.518753,-3.5062501
66666521516408,1788474185673,27.187502,34.5,-3.6937501
66666531516408,1788474185683,27.35625,34.0125,-4.1625004
66666541516408,1788474185693,27.375002,34.143753,-4.425
66666551516408,1788474185703,27.281252,33.99375,-4.6125
66666561516408,1788474185713,27.093752,33.99375,-5.025
66666571516408,1788474185723,26.737501,33.862503,-5.64375
66666581516408,1788474185733,26.306252,33.787502,-6.1312504
66666591516408,1788474185743,26.025002,33.600002,-6.6375003
66666601516408,1788474185753,25.518751,33.131252,-7.1625004
66666611516408,1788474185763,24.712502,33.09375,-7.8562503
66666621516408,1788474185773,24.431252,32.8125,-8.8125
66666631516408,1788474185783,23.868752,32.568752,-9.76875
66666641516408,1788474185793,23.00625,32.175003,-10.875
66666651516408,1788474185803,22.368752,31.893751,-11.868751
66666661516408,1788474185813,21.88125,31.5375,-12.937501
66666671516408,1788474185823,21.0375,31.143751,-14.08125
66666681516408,1788474185833,20.34375,30.69375,-15.093751
66666691516408,1788474185843,19.81875,30.225,-15.8625
66666701516408,1788474185853,18.806252,29.962502,-16.81875
66666711516408,1788474185863,17.90625,29.718752,-17.493752
66666721516408,1788474185873,17.15625,29.56875,-18.112501
66666731516408,1788474185883,16.3875,29.625002,-18.581251
66666741516408,1788474185893,15.31875,29.6625,-19.237501
66666751516408,1788474185903,14.437501,29.85,-19.612501
66666761516408,1788474185913,13.593751,29.98125,-20.25
66666771516408,1788474185923,12.750001,30.112501,-20.681252
66666781516408,1788474185933,12.01875,29.94375,-20.868752
66666791516408,1788474185943,11.231251,29.75625,-21.1875
66666801516408,1788474185953,10.762501,29.737501,-21.618752
66666811516408,1788474185963,10.03125,29.5125,-21.91875
66666821516408,1788474185973,9.356251,29.718752,-22.1625
66666831516408,1788474185983,8.793751,29.38125,-22.48125
66666841516408,1788474185993,8.325001,29.456251,-22.63125
66666851516408,1788474186003,7.7250004,29.493752,-22.875
66666861516408,1788474186013,7.74375,29.5125,-23.5125
66666871516408,1788474186023,7.1625004,29.75625,-23.8875
66666881516408,1788474186033,6.3750005,29.812502,-23.98125
66666891516408,1788474186043,5.86875,29.643751,-24.243752
66666901516408,1788474186053,5.15625,29.400002,-24.393751
66666911516408,1788474186063,4.4812503,29.56875,-24.45
66666921516408,1788474186073,3.7500002,29.718752,-24.525002
66666931516408,1788474186083,2.9437501,29.737501,-24.6
66666941516408,1788474186093,2.1375,29.550001,-24.468752
66666951516408,1788474186103,1.7062501,29.5125,-24.6375
66666961516408,1788474186113,1.10625,29.325,-24.431252
66666971516408,1788474186123,0.80625004,29.79375,-24.4125
66666981516408,1788474186133,0.39375,29.925001,-24.2625
66666991516408,1788474186143,0.112500004,29.925001,-24.31875
66667001516408,1788474186153,-0.112500004,29.625002,-24.2625
66667011516408,1788474186163,-0.3375,29.718752,-24.35625
66667021516408,1788474186173,-0.65625,29.625002,-24.468752
66667031516408,1788474186183,-1.125,29.5125,-24.4125
66667041516408,1788474186193,-1.3312501,29.587502,-24.712502
66667051516408,1788474186203,-1.66875,29.19375,-24.900002
66667061516408,1788474186213,-2.0062501,29.04375,-25.125002
66667071516408,1788474186223,-2.0062501,28.9125,-25.1625
66667081516408,1788474186233,-2.2875001,28.837502,-25.181252
66667091516408,1788474186243,-2.2687502,28.406252,-25.29375
66667101516408,1788474186253,-2.4562502,28.48125,-25.425001
66667111516408,1788474186263,-2.5125,28.3875,-25.3875
66667121516408,1788474186273,-2.5687501,28.462502,-25.556252
66667131516408,1788474186283,-2.5875,28.63125,-25.63125
66667141516408,1788474186293,-2.5687501,28.425001,-25.556252
66667151516408,1788474186303,-2.7562501,28.181252,-25.706251
66667161516408,1788474186313,-2.60625,28.1625,-25.781252
66667171516408,1788474186323,-2.71875,28.237501,-25.800001
66667181516408,1788474186333,-2.41875,27.993752,-25.781252
66667191516408,1788474186343,-2.3625002,27.993752,-26.00625
66667201516408,1788474186353,-2.325,27.768751,-26.1375
66667211516408,1788474186363,-2.5125,27.50625,-26.38125
66667221516408,1788474186373,-2.53125,27.675001,-26.343752
66667231516408,1788474186383,-2.8125,27.91875,-26.60625
66667241516408,1788474186393,-2.9437501,27.862501,-26.737501
66667251516408,1788474186403,-2.9437501,27.975,-26.79375
66667261516408,1788474186413,-3.075,28.1625,-26.79375
66667271516408,1788474186423,-2.9250002,27.937502,-26.493752
66667281516408,1788474186433,-2.9250002,27.900002,-26.456251
66667291516408,1788474186443,-2.9250002,27.956251,-26.325
66667301516408,1788474186453,-2.98125,27.956251,-26.456251
66667311516408,1788474186463,-2.8875,27.806252,-26.23125
66667321516408,1788474186473,-2.9625,27.88125,-26.343752
66667331516408,1788474186483,-2.775,27.956251,-26.625002
66667341516408,1788474186493,-2.775,28.125002,-26.7
66667351516408,1788474186503,-2.9625,28.35,-26.8875
66667361516408,1788474186513,-2.90625,28.5375,-26.775002
66667371516408,1788474186523,-2.60625,28.5375,-26.60625
66667381516408,1788474186533,-2.53125,28.368752,-26.493752
66667391516408,1788474186543,-2.325,28.35,-26.38125
66667401516408,1788474186553,-2.23125,28.2,-26.325
66667411516408,1788474186563,-2.11875,28.031252,-26.38125
66667421516408,1788474186573,-1.9875001,27.975,-26.38125
66667431516408,1788474186583,-1.8937501,27.69375,-26.437502
66667441516408,1788474186593,-1.8937501,27.393751,-26.437502
66667451516408,1788474186603,-2.0062501,27.2625,-26.925001
66667461516408,1788474186613,-1.85625,27.431252,-26.8875
66667471516408,1788474186623,-1.7812501,27.50625,-27.13125
66667481516408,1788474186633,-1.725,27.468752,-27.075
66667491516408,1788474186643,-1.8937501,27.393751,-26.962502
66667501516408,1788474186653,-1.85625,27.16875,-27.000002
66667511516408,1788474186663,-1.8000001,27.45,-27.375002
66667521516408,1788474186673,-1.7437501,27.487501,-27.45
66667531516408,1788474186683,-1.7437501,27.581251,-27.206251
66667541516408,1788474186693,-1.8375001,27.487501,-27.300001
66667551516408,1788474186703,-1.9687501,27.487501,-27.225
66667561516408,1788474186713,-1.7812501,27.525002,-27.337502
66667571516408,1788474186723,-1.7625,27.35625,-27.300001
66667581516408,1788474186733,-1.8937501,27.487501,-27.16875
66667591516408,1788474186743,-1.95,27.206251,-26.85
66667601516408,1788474186753,-1.9125,27.281252,-26.7
66667611516408,1788474186763,-2.04375,27.35625,-26.831251
66667621516408,1788474186773,-2.04375,27.35625,-26.831251
66667631516408,1788474186783,-2.0062501,27.243752,-26.94375
66667641516408,1788474186793,-2.1000001,27.093752,-26.812502
66667651516408,1788474186803,-2.0812502,27.431252,-26.718752
66667661516408,1788474186813,-1.9687501,27.243752,-26.962502
66667671516408,1788474186823,-1.7625,27.562502,-27.093752
66667681516408,1788474186833,-1.9312501,27.431252,-27.337502
66667691516408,1788474186843,-1.725,27.31875,-27.225
66667701516408,1788474186853,-1.5187501,27.300001,-27.2625
66667711516408,1788474186863,-1.3875,27.431252,-27.150002
66667721516408,1788474186873,-1.575,27.525002,-27.337502
66667731516408,1788474186883,-1.7437501,27.16875,-27.337502
66667741516408,1788474186893,-1.8000001,27.393751,-27.243752
66667751516408,1788474186903,-1.9312501,27.393751,-27.206251
66667761516408,1788474186913,-1.7812501,27.4125,-26.962502
66667771516408,1788474186923,-1.9125,27.337502,-26.94375
66667781516408,1788474186933,-2.1750002,27.4125,-26.98125
66667791516408,1788474186943,-2.2125,27.375002,-27.13125
66667801516408,1788474186953,-2.30625,27.468752,-27.16875
66667811516408,1788474186963,-2.1750002,27.656252,-27.225
66667821516408,1788474186973,-2.0812502,27.45,-27.31875
66667831516408,1788474186983,-2.11875,27.45,-27.13125
66667841516408,1788474186993,-1.9875001,27.618752,-27.35625
66667851516408,1788474187003,-1.81875,27.6,-27.150002
66667861516408,1788474187013,-1.6500001,27.54375,-26.94375
66667871516408,1788474187023,-1.95,27.562502,-26.737501
66667881516408,1788474187033,-1.575,27.581251,-26.5125
66667891516408,1788474187043,-1.63125,27.562502,-26.250002
66667901516408,1788474187053,-1.8000001,27.712502,-26.23125
66667911516408,1788474187063,-1.7812501,27.6,-26.306252
66667921516408,1788474187073,-1.9687501,27.825,-26.118752
66667931516408,1788474187083,-2.1375,27.825,-26.250002
66667941516408,1788474187093,-2.0062501,27.862501,-26.5125
66667951516408,1788474187103,-1.7625,27.806252,-26.60625
66667961516408,1788474187113,-1.7437501,27.7875,-26.587502
66667971516408,1788474187123,-1.6875001,27.88125,-26.79375
66667981516408,1788474187133,-1.5375,27.69375,-26.962502
66667991516408,1788474187143,-1.5562501,27.712502,-27.075
66668001516408,1788474187153,-1.575,27.54375,-27.2625
66668011516408,1788474187163,-1.63125,27.50625,-27.075
66668021516408,1788474187173,-1.7062501,27.187502,-27.000002
66668031516408,1788474187183,-1.5937501,27.281252,-26.98125
66668041516408,1788474187193,-1.7812501,27.150002,-27.112501
66668051516408,1788474187203,-1.81875,27.243752,-27.112501
66668061516408,1788474187213,-1.7812501,27.300001,-26.962502
66668071516408,1788474187223,-1.6875001,27.35625,-26.906252
66668081516408,1788474187233,-1.85625,27.281252,-26.7
66668091516408,1788474187243,-1.63125,27.206251,-26.868752
66668101516408,1788474187253,-1.7625,27.50625,-26.775002
66668111516408,1788474187263,-1.95,27.675001,-26.718752
66668121516408,1788474187273,-1.7437501,27.73125,-26.737501
66668131516408,1788474187283,-1.725,27.656252,-26.718752
66668141516408,1788474187293,-1.7437501,27.900002,-26.56875
66668151516408,1788474187303,-1.8937501,27.900002,-26.531252
66668161516408,1788474187313,-1.725,27.975,-26.550001
66668171516408,1788474187323,-1.8375001,28.143751,-26.531252
66668181516408,1788474187333,-2.025,27.825,-26.831251
66668191516408,1788474187343,-2.1375,27.50625,-27.0375
66668201516408,1788474187353,-2.23125,27.6375,-27.13125
66668211516408,1788474187363,-2.04375,27.35625,-27.16875
66668221516408,1788474187373,-2.04375,27.281252,-27.243752
66668231516408,1788474187383,-2.0625,27.225,-27.431252
66668241516408,1788474187393,-1.8937501,27.187502,-27.6
66668251516408,1788474187403,-1.9875001,26.85,-27.54375
66668261516408,1788474187413,-1.8000001,27.056252,-27.4125
66668271516408,1788474187423,-1.6875001,27.187502,-27.35625
66668281516408,1788474187433,-1.9875001,27.112501,-27.206251
66668291516408,1788474187443,-1.9312501,27.300001,-27.16875
66668301516408,1788474187453,-1.85625,27.225,-27.112501
66668311516408,1788474187463,-1.7812501,27.112501,-27.075
66668321516408,1788474187473,-1.8937501,26.94375,-27.0375
66668331516408,1788474187483,-1.81875,27.393751,-27.150002
66668341516408,1788474187493,-1.725,27.525002,-26.98125
66668351516408,1788474187503,-1.7062501,27.6,-26.906252
66668361516408,1788474187513,-1.5187501,27.54375,-27.075
66668371516408,1788474187523,-1.63125,27.7875,-27.187502
66668381516408,1788474187533,-1.9687501,27.768751,-27.16875
66668391516408,1788474187543,-1.8937501,27.843752,-27.056252
66668401516408,1788474187553,-1.9687501,27.825,-26.94375
66668411516408,1788474187563,-1.8937501,27.45,-26.8875
66668421516408,1788474187573,-1.9312501,27.187502,-26.962502
66668431516408,1788474187583,-1.95,27.056252,-27.225
66668441516408,1788474187593,-1.9125,26.98125,-26.98125
66668451516408,1788474187603,-2.04375,26.8875,-26.79375
66668461516408,1788474187613,-1.9125,26.868752,-26.718752
66668471516408,1788474187623,-1.9312501,26.98125,-26.737501
66668481516408,1788474187633,-1.81875,27.056252,-26.718752
66668491516408,1788474187643,-1.7062501,27.16875,-26.775002
66668501516408,1788474187653,-1.66875,27.562502,-26.79375
66668511516408,1788474187663,-1.40625,27.73125,-26.493752
66668521516408,1788474187673,-1.48125,27.843752,-26.6625
66668531516408,1788474187683,-1.5,27.862501,-26.775002
66668541516408,1788474187693,-1.44375,27.712502,-27.075
66668551516408,1788474187703,-1.48125,27.768751,-27.018751
66668561516408,1788474187713,-1.3875,27.73125,-27.150002
66668571516408,1788474187723,-1.575,27.956251,-27.150002
66668581516408,1788474187733,-1.7812501,27.69375,-27.4125
66668591516408,1788474187743,-2.025,27.562502,-27.431252
66668601516408,1788474187753,-2.1750002,27.45,-27.487501
66668611516408,1788474187763,-2.15625,27.281252,-27.431252
66668621516408,1788474187773,-2.1000001,27.6,-27.206251
66668631516408,1788474187783,-2.25,27.487501,-27.225
66668641516408,1788474187793,-2.4562502,27.375002,-27.2625
66668651516408,1788474187803,-2.5500002,27.150002,-27.16875
66668661516408,1788474187813,-2.4750001,27.16875,-26.812502
66668671516408,1788474187823,-2.23125,27.225,-26.962502
66668681516408,1788474187833,-1.9875001,27.225,-26.85
66668691516408,1788474187843,-1.9875001,27.337502,-26.643751
66668701516408,1788474187853,-1.9687501,27.112501,-26.681252
66668711516408,1788474187863,-1.725,27.187502,-26.6625
66668721516408,1788474187873,-1.5375,27.431252,-26.85
66668731516408,1788474187883,-1.5375,27.35625,-27.018751
66668741516408,1788474187893,-1.48125,27.581251,-27.431252
66668751516408,1788474187903,-1.6500001,27.487501,-27.187502
66668761516408,1788474187913,-1.66875,27.73125,-27.2625
66668771516408,1788474187923,-1.63125,27.337502,-27.6
66668781516408,1788474187933,-1.6875001,27.2625,-27.806252
66668791516408,1788474187943,-1.6500001,27.300001,-28.0125
66668801516408,1788474187953,-1.8000001,27.393751,-27.768751
66668811516408,1788474187963,-1.725,27.675001,-27.50625
66668821516408,1788474187973,-1.8375001,27.69375,-27.225
66668831516408,1788474187983,-1.9125,27.675001,-27.337502
66668841516408,1788474187993,-1.81875,27.618752,-27.35625
66668851516408,1788474188003,-1.7812501,27.88125,-27.206251
66668861516408,1788474188013,-1.8750001,27.862501,-27.056252
66668871516408,1788474188023,-2.11875,27.618752,-26.831251
66668881516408,1788474188033,-2.1750002,27.393751,-26.906252
66668891516408,1788474188043,-2.11875,27.31875,-27.056252
66668901516408,1788474188053,-2.0062501,27.31875,-27.0375
66668911516408,1788474188063,-2.0062501,27.393751,-26.94375
66668921516408,1788474188073,-2.1375,27.31875,-27.075
66668931516408,1788474188083,-2.2687502,27.300001,-27.000002
66668941516408,1788474188093,-2.2687502,27.243752,-27.0375
66668951516408,1788474188103,-2.1937501,27.35625,-27.000002
66668961516408,1788474188113,-2.0812502,27.525002,-26.8875
66668971516408,1788474188123,-2.11875,27.468752,-26.85
66668981516408,1788474188133,-2.0812502,27.35625,-26.925001
66668991516408,1788474188143,-2.1937501,27.112501,-27.018751
66669001516408,1788474188153,-2.0625,27.093752,-26.94375
66669011516408,1788474188163,-1.9875001,27.225,-27.187502
66669021516408,1788474188173,-1.9125,27.35625,-27.0375
66669031516408,1788474188183,-1.7062501,27.487501,-27.018751
66669041516408,1788474188193,-1.6500001,27.281252,-27.0375
66669051516408,1788474188203,-1.3875,27.225,-27.35625
66669061516408,1788474188213,-1.4625001,27.281252,-27.468752
66669071516408,1788474188223,-1.40625,27.487501,-27.50625
66669081516408,1788474188233,-1.5937501,27.54375,-27.45
66669091516408,1788474188243,-1.5187501,27.468752,-27.150002
66669101516408,1788474188253,-1.35,27.337502,-27.0375
66669111516408,1788474188263,-1.4625001,27.300001,-27.112501
66669121516408,1788474188273,-1.6500001,27.300001,-27.093752
66669131516408,1788474188283,-1.9875001,27.300001,-26.925001
66669141516408,1788474188293,-2.1375,27.206251,-26.737501
66669151516408,1788474188303,-1.9312501,27.112501,-26.925001
66669161516408,1788474188313,-1.8375001,27.000002,-26.8875
66669171516408,1788474188323,-1.9875001,26.962502,-27.13125
66669181516408,1788474188333,-2.1750002,27.018751,-27.35625
66669191516408,1788474188343,-2.04375,27.112501,-27.45
66669201516408,1788474188353,-2.025,27.225,-27.562502
66669211516408,1788474188363,-1.95,27.187502,-27.4125
66669221516408,1788474188373,-1.63125,27.337502,-27.50625
66669231516408,1788474188383,-1.7625,27.431252,-27.2625
66669241516408,1788474188393,-1.7625,27.206251,-27.300001
66669251516408,1788474188403,-1.8000001,27.337502,-27.50625
66669261516408,1788474188413,-1.9687501,27.618752,-27.6
66669271516408,1788474188423,-2.1000001,27.431252,-27.487501
66669281516408,1788474188433,-2.0062501,27.431252,-27.35625
66669291516408,1788474188443,-1.81875,27.675001,-27.375002
66669301516408,1788474188453,-2.0625,27.656252,-27.300001
66669311516408,1788474188463,-2.11875,27.7875,-27.487501
66669321516408,1788474188473,-2.15625,27.975,-27.69375
66669331516408,1788474188483,-2.04375,27.843752,-27.6
66669341516408,1788474188493,-1.5937501,27.7875,-27.393751
66669351516408,1788474188503,-1.3875,27.69375,-27.54375
66669361516408,1788474188513,-1.4250001,27.618752,-27.431252
66669371516408,1788474188523,-1.5562501,27.54375,-27.675001
66669381516408,1788474188533,-1.575,27.6375,-27.6375
66669391516408,1788474188543,-1.5937501,27.393751,-27.581251
66669401516408,1788474188553,-1.48125,27.4125,-27.468752
66669411516408,1788474188563,-1.5937501,27.525002,-27.206251
66669421516408,1788474188573,-1.66875,27.31875,-27.45
66669431516408,1788474188583,-1.8375001,27.393751,-27.2625
66669441516408,1788474188593,-1.9125,27.375002,-27.4125
66669451516408,1788474188603,-1.9312501,27.150002,-27.225
66669461516408,1788474188613,-1.6125001,27.075,-27.0375
66669471516408,1788474188623,-1.7062501,26.962502,-26.94375
66669481516408,1788474188633,-1.9125,27.13125,-26.925001
66669491516408,1788474188643,-1.7625,27.187502,-27.056252
66669501516408,1788474188653,-1.7437501,27.300001,-26.85
66669511516408,1788474188663,-1.8937501,27.375002,-26.775002
66669521516408,1788474188673,-1.85625,27.468752,-26.775002
66669531516408,1788474188683,-1.81875,27.525002,-26.79375
66669541516408,1788474188693,-1.9125,27.300001,-27.187502
66669551516408,1788474188703,-1.81875,27.525002,-27.075
66669561516408,1788474188713,-1.6500001,27.6,-27.16875
66669571516408,1788474188723,-1.6500001,27.431252,-27.13125
66669581516408,1788474188733,-1.81875,27.431252,-27.093752
66669591516408,1788474188743,-1.725,27.525002,-27.187502
66669601516408,1788474188753,-1.5562501,27.618752,-27.225
66669611516408,1788474188763,-1.63125,27.6375,-27.300001
66669621516408,1788474188773,-1.5937501,27.806252,-27.187502
66669631516408,1788474188783,-1.7812501,27.562502,-27.375002
66669641516408,1788474188793,-1.6875001,27.2625,-27.393751
66669651516408,1788474188803,-2.0062501,27.206251,-27.393751
66669661516408,1788474188813,-2.025,27.0375,-27.50625
66669671516408,1788474188823,-1.9312501,26.98125,-27.4125
66669681516408,1788474188833,-1.95,26.868752,-27.487501
66669691516408,1788474188843,-1.9312501,26.94375,-27.375002
66669701516408,1788474188853,-1.9312501,26.79375,-27.150002
66669711516408,1788474188863,-1.66875,26.98125,-27.16875
66669721516408,1788474188873,-1.7625,27.206251,-26.98125
66669731516408,1788474188883,-1.5,27.206251,-26.831251
66669741516408,1788474188893,-1.48125,27.337502,-26.718752
66669751516408,1788474188903,-1.3875,27.150002,-26.812502
66669761516408,1788474188913,-1.5375,27.31875,-26.775002
66669771516408,1788474188923,-1.5187501,27.468752,-26.6625
66669781516408,1788474188933,-1.5937501,27.581251,-26.6625
66669791516408,1788474188943,-1.6500001,27.525002,-26.531252
66669801516408,1788474188953,-1.5937501,27.525002,-26.400002
66669811516408,1788474188963,-1.5375,27.712502,-26.493752
66669821516408,1788474188973,-1.4625001,27.7875,-26.625002
66669831516408,1788474188983,-1.66875,28.087502,-26.531252
66669841516408,1788474188993,-1.66875,27.937502,-26.38125
66669851516408,1788474189003,-1.7062501,27.487501,-26.41875
66669861516408,1788474189013,-1.6875001,27.45,-26.531252
66669871516408,1788474189023,-1.725,27.562502,-26.493752
66669881516408,1788474189033,-1.8000001,27.45,-26.5125
66669891516408,1788474189043,-1.7437501,27.243752,-26.437502
66669901516408,1788474189053,-1.81875,27.281252,-26.362501
66669911516408,1788474189063,-1.95,27.13125,-26.456251
66669921516408,1788474189073,-1.8937501,27.150002,-26.550001
66669931516408,1788474189083,-1.81875,27.31875,-26.437502
66669941516408,1788474189093,-1.8750001,27.13125,-26.437502
66669951516408,1788474189103,-1.7625,26.906252,-26.456251
66669961516408,1788474189113,-1.81875,27.0375,-26.681252
66669971516408,1788474189123,-1.9687501,27.2625,-26.775002
66669981516408,1788474189133,-2.0625,27.0375,-26.868752
66669991516408,1788474189143,-1.7812501,27.018751,-26.775002
66670001516408,1788474189153,-1.9312501,26.925001,-26.925001
66670011516408,1788474189163,-1.9687501,27.225,-27.375002
66670021516408,1788474189173,-1.95,27.6,-27.618752
66670031516408,1788474189183,-1.9125,27.656252,-27.618752
66670041516408,1788474189193,-1.7812501,27.6375,-27.6375
66670051516408,1788474189203,-1.6875001,27.768751,-27.675001
66670061516408,1788474189213,-1.5375,27.7875,-27.581251
66670071516408,1788474189223,-1.63125,27.525002,-27.6
66670081516408,1788474189233,-1.6500001,27.581251,-27.50625
66670091516408,1788474189243,-1.575,27.300001,-27.35625
66670101516408,1788474189253,-1.63125,27.150002,-27.093752
66670111516408,1788474189263,-1.725,27.2625,-27.000002
66670121516408,1788474189273,-1.8000001,27.093752,-26.94375
66670131516408,1788474189283,-1.81875,26.737501,-26.98125
66670141516408,1788474189293,-1.9875001,26.643751,-26.8875
66670151516408,1788474189303,-1.85625,26.906252,-26.775002
66670161516408,1788474189313,-1.6500001,27.018751,-26.831251
66670171516408,1788474189323,-1.7437501,27.112501,-26.831251
66670181516408,1788474189333,-1.6500001,26.98125,-26.831251
66670191516408,1788474189343,-1.63125,26.775002,-27.0375
66670201516408,1788474189353,-1.5,26.775002,-26.94375
66670211516408,1788474189363,-1.6500001,26.85,-26.962502
66670221516408,1788474189373,-1.4625001,27.0375,-27.225
66670231516408,1788474189383,-1.5937501,27.225,-27.6375
66670241516408,1788474189393,-1.63125,27.225,-27.50625
66670251516408,1788474189403,-1.48125,27.093752,-27.562502
66670261516408,1788474189413,-1.4625001,27.13125,-27.675001
66670271516408,1788474189423,-1.44375,27.281252,-27.50625
66670281516408,1788474189433,-1.5,27.50625,-27.431252
66670291516408,1788474189443,-1.40625,27.50625,-27.431252
66670301516408,1788474189453,-1.5375,27.54375,-27.281252
66670311516408,1788474189463,-1.575,27.525002,-26.906252
66670321516408,1788474189473,-1.5375,27.35625,-26.737501
66670331516408,1788474189483,-1.7437501,27.4125,-26.437502
66670341516408,1788474189493,-1.6500001,27.487501,-26.400002
66670351516408,1788474189503,-1.7625,27.581251,-26.343752
66670361516408,1788474189513,-1.9125,27.431252,-26.56875
66670371516408,1788474189523,-1.8375001,27.6,-26.587502
66670381516408,1788474189533,-1.95,27.487501,-26.6625
66670391516408,1788474189543,-2.025,27.4125,-26.718752
66670401516408,1788474189553,-2.025,27.337502,-27.093752
66670411516408,1788474189563,-1.8750001,27.468752,-27.337502
66670421516408,1788474189573,-1.85625,27.581251,-27.487501
66670431516408,1788474189583,-1.9312501,27.6,-27.7875
66670441516408,1788474189593,-2.04375,27.618752,-27.675001
66670451516408,1788474189603,-2.1937501,27.45,-27.618752
66670461516408,1788474189613,-1.8937501,27.281252,-27.393751
66670471516408,1788474189623,-1.8000001,27.150002,-27.487501
66670481516408,1788474189633,-1.8000001,27.225,-27.2625
66670491516408,1788474189643,-1.95,27.243752,-27.243752
66670501516408,1788474189653,-2.025,27.13125,-27.206251
66670511516408,1788474189663,-2.025,27.000002,-26.868752
66670521516408,1788474189673,-1.95,27.0375,-26.8875
66670531516408,1788474189683,-1.85625,27.0375,-26.831251
66670541516408,1788474189693,-2.15625,27.35625,-27.150002
66670551516408,1788474189703,-2.1000001,27.35625,-27.150002
66670561516408,1788474189713,-2.25,27.375002,-27.13125
66670571516408,1788474189723,-2.2125,27.281252,-27.13125
66670581516408,1788474189733,-2.2875001,27.35625,-27.018751
66670591516408,1788474189743,-2.1000001,27.393751,-27.300001
66670601516408,1788474189753,-2.0625,27.4125,-27.300001
66670611516408,1788474189763,-2.0625,27.487501,-27.300001
66670621516408,1788474189773,-1.95,27.525002,-27.093752
66670631516408,1788474189783,-1.9312501,27.45,-27.0375
66670641516408,1788474189793,-1.8750001,27.581251,-26.906252
66670651516408,1788474189803,-1.81875,27.581251,-26.812502
66670661516408,1788474189813,-1.7437501,27.6,-26.60625
66670671516408,1788474189823,-1.8937501,27.675001,-26.60625
66670681516408,1788474189833,-1.8937501,27.525002,-26.475
66670691516408,1788474189843,-1.63125,27.487501,-26.456251
66670701516408,1788474189853,-1.575,27.31875,-26.475
66670711516408,1788474189863,-1.48125,27.281252,-26.550001
66670721516408,1788474189873,-1.5375,27.056252,-26.531252
66670731516408,1788474189883,-1.4250001,26.925001,-26.531252
66670741516408,1788474189893,-1.63125,26.6625,-26.831251
66670751516408,1788474189903,-1.6500001,26.60625,-26.681252
66670761516408,1788474189913,-1.7812501,26.625002,-26.775002
66670771516408,1788474189923,-2.15625,26.587502,-26.831251
66670781516408,1788474189933,-2.23125,26.493752,-26.718752
66670791516408,1788474189943,-2.4,26.60625,-26.6625
66670801516408,1788474189953,-2.2125,26.6625,-26.8875
66670811516408,1788474189963,-2.4750001,26.7,-26.643751
66670821516408,1788474189973,-2.25,26.8875,-26.60625
66670831516408,1788474189983,-2.25,26.737501,-26.550001
66670841516408,1788474189993,-2.2125,26.737501,-26.643751
66670851516408,1788474190003,-2.0812502,26.643751,-26.587502
66670861516408,1788474190013,-2.0062501,26.831251,-26.75625
66670871516408,1788474190023,-2.04375,26.831251,-26.681252
66670881516408,1788474190033,-2.0062501,26.98125,-26.7
66670891516408,1788474190043,-1.8375001,27.243752,-26.85
66670901516408,1788474190053,-2.1000001,27.31875,-26.79375
66670911516408,1788474190063,-2.1375,27.35625,-27.112501
66670921516408,1788474190073,-2.025,27.525002,-26.775002
66670931516408,1788474190083,-2.2125,27.69375,-26.681252
66670941516408,1788474190093,-2.2687502,27.862501,-26.625002
66670951516408,1788474190103,-2.1375,27.956251,-26.625002
66670961516408,1788474190113,-2.325,27.956251,-26.550001
66670971516408,1788474190123,-2.325,27.69375,-26.625002
66670981516408,1788474190133,-2.04375,27.581251,-26.493752
66670991516408,1788474190143,-1.8000001,27.618752,-26.156252
66671001516408,1788474190153,-1.66875,27.618752,-26.306252
66671011516408,1788474190163,-1.4250001,27.562502,-26.38125
66671021516408,1788474190173,-1.3125,27.6,-26.400002
66671031516408,1788474190183,-1.575,27.6375,-26.550001
66671041516408,1788474190193,-1.6125001,27.525002,-26.587502
66671051516408,1788474190203,-1.6500001,27.712502,-26.587502
66671061516408,1788474190213,-1.5937501,27.750002,-26.493752
66671071516408,1788474190223,-1.6125001,27.712502,-26.737501
66671081516408,1788474190233,-1.6875001,27.50625,-26.812502
66671091516408,1788474190243,-1.7812501,27.6375,-26.906252
66671101516408,1788474190253,-1.7625,27.562502,-26.925001
66671111516408,1788474190263,-1.6875001,27.675001,-26.85
66671121516408,1788474190273,-1.6875001,27.581251,-26.812502
66671131516408,1788474190283,-1.81875,27.35625,-26.79375
66671141516408,1788474190293,-1.9875001,27.187502,-26.906252
66671151516408,1788474190303,-1.9687501,27.150002,-26.60625
66671161516408,1788474190313,-1.9312501,27.16875,-26.7
66671171516408,1788474190323,-2.0062501,27.000002,-26.812502
66671181516408,1788474190333,-2.025,27.075,-26.831251
66671191516408,1788474190343,-1.8750001,26.625002,-26.906252
66671201516408,1788474190353,-1.8000001,26.79375,-27.018751
66671211516408,1788474190363,-1.7625,26.906252,-27.093752
66671221516408,1788474190373,-1.7625,27.093752,-27.225
66671231516408,1788474190383,-2.0062501,27.225,-27.300001
66671241516408,1788474190393,-2.1000001,27.562502,-27.2625
66671251516408,1788474190403,-2.0625,27.69375,-27.018751
66671261516408,1788474190413,-2.0062501,27.6,-26.98125
66671271516408,1788474190423,-1.81875,27.806252,-27.225
66671281516408,1788474190433,-1.85625,27.900002,-27.16875
66671291516408,1788474190443,-1.85625,27.900002,-27.16875
66671301516408,1788474190453,-1.8937501,27.843752,-27.2625
66671311516408,1788474190463,-1.7437501,27.712502,-27.375002
66671321516408,1788474190473,-1.7812501,27.525002,-27.525002
66671331516408,1788474190483,-1.7812501,27.468752,-27.468752
66671341516408,1788474190493,-2.0062501,27.300001,-27.525002
66671351516408,1788474190503,-2.1750002,27.2625,-27.35625
66671361516408,1788474190513,-2.1000001,27.093752,-27.16875
66671371516408,1788474190523,-2.04375,27.093752,-26.94375
66671381516408,1788474190533,-1.81875,27.0375,-26.906252
66671391516408,1788474190543,-1.9125,27.13125,-26.962502
66671401516408,1788474190553,-1.7812501,27.16875,-26.775002
66671411516408,1788474190563,-1.7812501,27.13125,-27.000002
66671421516408,1788474190573,-1.6500001,27.2625,-26.8875
66671431516408,1788474190583,-1.5375,27.375002,-26.737501
66671441516408,1788474190593,-1.725,27.375002,-26.8875
66671451516408,1788474190603,-1.8750001,27.54375,-26.962502
66671461516408,1788474190613,-1.9875001,27.562502,-26.6625
66671471516408,1788474190623,-1.8937501,27.618752,-26.5125
66671481516408,1788474190633,-2.0812502,27.431252,-26.475
66671491516408,1788474190643,-2.1750002,27.45,-26.04375
66671501516408,1788474190653,-2.1750002,27.393751,-26.118752
66671511516408,1788474190663,-2.1000001,27.35625,-26.1375
66671521516408,1788474190673,-1.8937501,27.525002,-26.212502
66671531516408,1788474190683,-1.7062501,27.45,-26.343752
66671541516408,1788474190693,-1.5375,27.525002,-26.5125
66671551516408,1788474190703,-1.5375,27.618752,-26.475
66671561516408,1788474190713,-1.575,27.862501,-26.5125
66671571516408,1788474190723,-1.48125,27.712502,-26.812502
66671581516408,1788474190733,-1.5375,27.45,-26.831251
66671591516408,1788474190743,-1.575,27.243752,-26.7
66671601516408,1788474190753,-1.7062501,27.206251,-26.625002
66671611516408,1788474190763,-1.66875,27.206251,-26.775002
66671621516408,1788474190773,-1.8937501,27.13125,-26.831251
66671631516408,1788474190783,-1.81875,26.79375,-27.225
66671641516408,1788474190793,-1.6500001,26.7,-27.093752
66671651516408,1788474190803,-1.5,26.550001,-27.018751
66671661516408,1788474190813,-1.4625001,26.906252,-26.94375
66671671516408,1788474190823,-1.3687501,26.925001,-27.112501
66671681516408,1788474190833,-1.35,26.8875,-27.0375
66671691516408,1788474190843,-1.3125,26.925001,-27.000002
66671701516408,1788474190853,-1.1437501,27.0375,-27.13125
66671711516408,1788474190863,-1.06875,27.150002,-26.737501
66671721516408,1788474190873,-1.125,27.000002,-26.906252
66671731516408,1788474190883,-1.3125,27.243752,-27.16875
66671741516408,1788474190893,-1.29375,27.243752,-27.243752
66671751516408,1788474190903,-1.6875001,27.468752,-27.16875
66671761516408,1788474190913,-1.66875,27.6,-27.2625
66671771516408,1788474190923,-1.7625,27.6,-27.112501
66671781516408,1788474190933,-1.7437501,27.581251,-27.056252
66671791516408,1788474190943,-1.7062501,27.6375,-27.393751
66671801516408,1788474190953,-1.5375,27.768751,-27.431252
66671811516408,1788474190963,-1.29375,27.712502,-27.337502
66671821516408,1788474190973,-1.29375,27.581251,-27.300001
66671831516408,1788474190983,-1.3125,27.618752,-27.281252
66671841516408,1788474190993,-1.40625,27.618752,-27.281252
66671851516408,1788474191003,-1.5187501,27.675001,-27.35625
66671861516408,1788474191013,-1.6125001,27.618752,-27.393751
66671871516408,1788474191023,-1.8375001,27.73125,-27.150002
66671881516408,1788474191033,-1.8937501,27.862501,-27.056252
66671891516408,1788474191043,-2.025,27.843752,-26.8875
66671901516408,1788474191053,-2.11875,27.993752,-26.643751
66671911516408,1788474191063,-2.0625,27.69375,-26.60625
66671921516408,1788474191073,-1.9875001,27.468752,-26.6625
66671931516408,1788474191083,-1.9875001,27.618752,-26.56875
66671941516408,1788474191093,-2.1375,27.4125,-26.550001
66671951516408,1788474191103,-2.23125,27.375002,-26.643751
66671961516408,1788474191113,-2.1750002,27.225,-26.625002
66671971516408,1788474191123,-2.23125,27.243752,-26.75625
66671981516408,1788474191133,-2.23125,27.075,-26.868752
66671991516408,1788474191143,-2.0812502,27.4125,-27.018751
66672001516408,1788474191153,-2.1937501,27.431252,-27.0375
66672011516408,1788474191163,-2.11875,27.112501,-27.225
66672021516408,1788474191173,-2.0062501,27.45,-27.4125
66672031516408,1788474191183,-1.9125,27.54375,-27.2625
66672041516408,1788474191193,-2.11875,27.4125,-27.093752
66672051516408,1788474191203,-2.4562502,27.487501,-27.093752
66672061516408,1788474191213,-2.6625001,27.525002,-27.393751
66672071516408,1788474191223,-2.68125,27.618752,-27.300001
66672081516408,1788474191233,-2.5125,27.618752,-27.16875
66672091516408,1788474191243,-2.7,27.487501,-26.868752
66672101516408,1788474191253,-2.86875,27.300001,-26.79375
66672111516408,1788474191263,-2.8312502,27.337502,-26.75625
66672121516408,1788474191273,-2.8875,27.337502,-26.85
66672131516408,1788474191283,-2.5500002,27.4125,-26.906252
66672141516408,1788474191293,-2.625,27.525002,-26.625002
66672151516408,1788474191303,-3.0,27.206251,-26.60625
66672161516408,1788474191313,-3.3750002,27.525002,-26.587502
66672171516408,1788474191323,-3.35625,27.7875,-26.456251
66672181516408,1788474191333,-3.6000001,27.768751,-26.175001
66672191516408,1788474191343,-4.0875,27.7875,-26.325
66672201516408,1788474191353,-4.51875,28.031252,-26.5125
66672211516408,1788474191363,-4.8375,27.975,-26.343752
66672221516408,1788474191373,-5.08125,27.843752,-26.175001
66672231516408,1788474191383,-5.1375003,28.087502,-25.893751
66672241516408,1788474191393,-5.3250003,27.956251,-25.893751
66672251516408,1788474191403,-5.86875,28.125002,-26.00625
66672261516408,1788474191413,-5.775,27.91875,-26.812502
66672271516408,1788474191423,-5.775,27.69375,-26.7
66672281516408,1788474191433,-6.05625,27.487501,-26.400002
66672291516408,1788474191443,-6.43125,27.45,-26.343752
66672301516408,1788474191453,-6.61875,27.487501,-26.6625
66672311516408,1788474191463,-6.8437505,27.35625,-26.98125
66672321516408,1788474191473,-7.2375,27.2625,-27.0375
66672331516408,1788474191483,-7.3500004,26.906252,-27.150002
66672341516408,1788474191493,-7.7625003,26.812502,-27.018751
66672351516408,1788474191503,-8.2875,26.75625,-26.8875
66672361516408,1788474191513,-8.3625,26.681252,-27.056252
66672371516408,1788474191523,-8.681251,26.400002,-27.150002
66672381516408,1788474191533,-9.056251,26.250002,-27.056252
66672391516408,1788474191543,-9.50625,25.875002,-27.112501
66672401516408,1788474191553,-9.84375,25.725,-27.300001
66672411516408,1788474191563,-10.106251,25.725,-27.281252
66672421516408,1788474191573,-10.6125,25.575,-27.2625
66672431516408,1788474191583,-11.212501,25.275002,-27.675001
66672441516408,1788474191593,-11.4375,24.937502,-27.900002
66672451516408,1788474191603,-11.681251,24.806252,-28.275002
66672461516408,1788474191613,-11.962501,24.393751,-28.706251
66672471516408,1788474191623,-12.39375,24.281252,-29.1
66672481516408,1788474191633,-12.88125,24.056252,-29.343752
66672491516408,1788474191643,-13.200001,23.475,-29.6625
66672501516408,1788474191653,-13.593751,23.1375,-30.000002
66672511516408,1788474191663,-13.837501,22.5,-30.281252
66672521516408,1788474191673,-14.437501,21.9375,-30.35625
66672531516408,1788474191683,-14.868751,21.393751,-30.300001
66672541516408,1788474191693,-15.243751,20.8125,-30.4125
66672551516408,1788474191703,-15.637501,20.00625,-30.487501
66672561516408,1788474191713,-15.6,19.10625,-30.7875
66672571516408,1788474191723,-16.050001,18.75,-31.125002
66672581516408,1788474191733,-15.95625,18.300001,-31.2
66672591516408,1788474191743,-15.975,17.868752,-31.612501
66672601516408,1788474191753,-16.0125,17.475,-32.0625
66672611516408,1788474191763,-16.125,16.78125,-32.550003
66672621516408,1788474191773,-15.975,16.48125,-32.9625
66672631516408,1788474191783,-15.937501,16.143751,-33.35625
66672641516408,1788474191793,-16.1625,15.731251,-33.65625
66672651516408,1788474191803,-16.143751,15.0375,-33.881252
66672661516408,1788474191813,-16.5375,14.6625,-34.0875
66672671516408,1788474191823,-16.59375,14.343751,-34.050003
66672681516408,1788474191833,-16.706251,13.781251,-34.125
66672691516408,1788474191843,-16.78125,13.481251,-34.068752
66672701516408,1788474191853,-17.118752,13.012501,-33.9
66672711516408,1788474191863,-17.23125,12.656251,-33.956253
66672721516408,1788474191873,-17.19375,12.3,-33.956253
66672731516408,1788474191883,-17.34375,11.90625,-34.162502
66672741516408,1788474191893,-16.96875,11.45625,-33.975002
66672751516408,1788474191903,-16.96875,10.89375,-33.9
66672761516408,1788474191913,-17.081251,10.40625,-34.143753
66672771516408,1788474191923,-17.1,9.993751,-34.65
66672781516408,1788474191933,-16.95,9.4125,-34.987503
66672791516408,1788474191943,-17.212502,8.775001,-35.1375
66672801516408,1788474191953,-17.306252,8.08125,-35.325
66672811516408,1788474191963,-17.362501,7.425,-35.475002
66672821516408,1788474191973,-17.53125,6.6562505,-35.643753
66672831516408,1788474191983,-17.79375,6.1125,-36.075
66672841516408,1788474191993,-17.98125,5.775,-36.037502
66672851516408,1788474192003,-18.28125,5.0437503,-35.850002
66672861516408,1788474192013,-18.75,4.2937503,-36.0
66672871516408,1788474192023,-18.675001,3.7875001,-36.131252
66672881516408,1788474192033,-18.91875,3.16875,-36.3375
66672891516408,1788474192043,-18.862501,2.625,-36.45
66672901516408,1788474192053,-18.73125,2.1375,-36.54375
66672911516408,1788474192063,-18.69375,1.3687501,-36.600002
66672921516408,1788474192073,-18.6,0.7875,-36.862503
66672931516408,1788474192083,-18.375,0.39375,-37.256252
66672941516408,1788474192093,-18.206251,0.075,-37.36875
66672951516408,1788474192103,-18.16875,-0.20625001,-37.275
66672961516408,1788474192113,-18.16875,-0.5625,-37.3125
66672971516408,1788474192123,-18.337502,-0.80625004,-37.350002
66672981516408,1788474192133,-18.46875,-1.21875,-37.275
66672991516408,1788474192143,-18.4125,-1.5562501,-37.29375
66673001516408,1788474192153,-18.45,-1.9875001,-37.36875
66673011516408,1788474192163,-18.4125,-2.60625,-37.3875
66673021516408,1788474192173,-18.54375,-3.15,-37.4625
66673031516408,1788474192183,-18.65625,-3.8437502,-37.631252
66673041516408,1788474192193,-18.50625,-4.14375,-37.74375
66673051516408,1788474192203,-18.35625,-4.70625,-37.800003
66673061516408,1788474192213,-18.2625,-5.2125,-38.006252
66673071516408,1788474192223,-18.28125,-5.6625004,-38.081253
66673081516408,1788474192233,-18.150002,-6.3187504,-38.0625
66673091516408,1788474192243,-18.16875,-6.8437505,-38.025
66673101516408,1788474192253,-17.831251,-6.8625,-37.78125
66673111516408,1788474192263,-17.400002,-7.4437504,-37.706253
66673121516408,1788474192273,-17.19375,-8.212501,-37.74375
66673131516408,1788474192283,-17.00625,-8.793751,-37.78125
66673141516408,1788474192293,-17.025002,-9.450001,-37.875
66673151516408,1788474192303,-16.9125,-9.900001,-38.15625
66673161516408,1788474192313,-16.893751,-10.35,-38.0625
66673171516408,1788474192323,-16.81875,-10.70625,-38.100002
66673181516408,1788474192333,-17.025002,-11.08125,-38.11875
66673191516408,1788474192343,-17.0625,-11.3625,-38.25
66673201516408,1788474192353,-17.25,-11.64375,-38.15625
66673211516408,1788474192363,-17.25,-11.775001,-38.15625
66673221516408,1788474192373,-17.04375,-11.71875,-37.893753
66673231516408,1788474192383,-17.118752,-11.868751,-37.59375
66673241516408,1788474192393,-17.081251,-11.887501,-37.59375
66673251516408,1788474192403,-16.931252,-11.887501,-37.3125
66673261516408,1788474192413,-16.6875,-11.868751,-37.425003
66673271516408,1788474192423,-16.575,-11.962501,-37.350002
66673281516408,1788474192433,-16.331251,-12.01875,-37.425003
66673291516408,1788474192443,-16.29375,-12.187501,-37.237503
66673301516408,1788474192453,-16.29375,-12.337501,-37.21875
66673311516408,1788474192463,-16.143751,-12.750001,-37.03125
66673321516408,1788474192473,-15.937501,-13.14375,-37.36875
66673331516408,1788474192483,-15.8625,-13.33125,-37.6875
66673341516408,1788474192493,-15.637501,-13.556251,-37.4625
66673351516408,1788474192503,-15.562501,-13.875001,-37.55625
66673361516408,1788474192513,-15.375001,-13.968751,-37.331253
66673371516408,1788474192523,-15.168751,-14.231251,-37.36875
66673381516408,1788474192533,-15.13125,-14.493751,-37.443752
66673391516408,1788474192543,-15.0375,-14.343751,-37.631252
66673401516408,1788474192553,-14.94375,-14.531251,-37.275
66673411516408,1788474192563,-14.925,-14.775001,-36.9375
66673421516408,1788474192573,-14.812501,-14.906251,-36.91875
66673431516408,1788474192583,-14.981251,-14.887501,-36.84375
66673441516408,1788474192593,-15.1125,-15.31875,-36.75
66673451516408,1788474192603,-15.150001,-15.468751,-36.61875
66673461516408,1788474192613,-15.000001,-15.562501,-36.73125
66673471516408,1788474192623,-14.94375,-15.69375,-36.73125
66673481516408,1788474192633,-14.812501,-15.58125,-36.99375
66673491516408,1788474192643,-14.85,-15.675,-37.0875
66673501516408,1788474192653,-15.056251,-15.993751,-37.068752
66673511516408,1788474192663,-15.075001,-16.29375,-36.91875
66673521516408,1788474192673,-14.868751,-16.237501,-36.99375
66673531516408,1788474192683,-14.925,-16.368752,-36.99375
66673541516408,1788474192693,-14.925,-16.425001,-36.65625
66673551516408,1788474192703,-14.7375,-16.650002,-36.675003
66673561516408,1788474192713,-14.75625,-16.81875,-36.525
66673571516408,1788474192723,-14.718751,-16.9125,-36.43125
66673581516408,1788474192733,-14.56875,-16.743752,-36.375
66673591516408,1788474192743,-14.212501,-16.85625,-36.412502
66673601516408,1788474192753,-14.343751,-16.987501,-36.3375
66673611516408,1788474192763,-14.175,-17.1375,-36.43125
66673621516408,1788474192773,-14.118751,-17.306252,-36.581253
66673631516408,1788474192783,-14.306251,-17.306252,-36.506252
66673641516408,1788474192793,-14.400001,-17.306252,-36.506252
66673651516408,1788474192803,-14.418751,-17.56875,-36.61875
66673661516408,1788474192813,-14.512501,-17.6625,-36.581253
66673671516408,1788474192823,-14.775001,-17.7,-36.5625
66673681516408,1788474192833,-14.981251,-17.625,-36.5625
66673691516408,1788474192843,-15.056251,-17.550001,-36.61875
66673701516408,1788474192853,-15.31875,-17.6625,-36.45
66673711516408,1788474192863,-15.225,-17.94375,-36.506252
66673721516408,1788474192873,-15.468751,-18.075,-36.412502
66673731516408,1788474192883,-15.375001,-18.075,-36.28125
66673741516408,1788474192893,-15.375001,-18.337502,-36.16875
66673751516408,1788474192903,-15.225,-18.431252,-36.112503
66673761516408,1788474192913,-14.887501,-18.675001,-36.225002
66673771516408,1788474192923,-14.906251,-18.975,-36.018753
66673781516408,1788474192933,-14.7375,-18.9375,-36.2625
66673791516408,1788474192943,-14.718751,-18.675001,-36.09375
66673801516408,1788474192953,-14.400001,-18.9375,-36.09375
66673811516408,1788474192963,-14.512501,-19.06875,-35.98125
66673821516408,1788474192973,-14.587501,-18.7875,-36.018753
66673831516408,1788474192983,-14.718751,-18.675001,-35.9625
66673841516408,1788474192993,-14.7375,-18.75,-35.756252
66673851516408,1788474193003,-14.700001,-18.35625,-35.925003
66673861516408,1788474193013,-14.6625,-18.28125,-35.775
66673871516408,1788474193023,-14.718751,-18.50625,-35.86875
66673881516408,1788474193033,-14.625001,-18.300001,-36.037502
66673891516408,1788474193043,-14.343751,-18.1875,-36.28125
66673901516408,1788474193053,-14.343751,-18.13125,-36.693752
66673911516408,1788474193063,-14.118751,-17.90625,-36.80625
66673921516408,1788474193073,-14.250001,-17.868752,-36.80625
66673931516408,1788474193083,-14.250001,-17.962502,-36.7125
66673941516408,1788474193093,-13.9875,-18.16875,-36.75
66673951516408,1788474193103,-13.89375,-18.0375,-36.6375
66673961516408,1788474193113,-14.118751,-17.90625,-36.28125
66673971516408,1788474193123,-14.118751,-17.8125,-36.28125
66673981516408,1788474193133,-13.931251,-18.018751,-35.850002
66673991516408,1788474193143,-13.9125,-18.243752,-35.90625
66674001516408,1788474193153,-13.8,-17.98125,-35.8875
66674011516408,1788474193163,-13.781251,-17.8875,-35.850002
66674021516408,1788474193173,-13.950001,-17.587502,-35.925003
66674031516408,1788474193183,-13.856251,-17.71875,-36.05625
66674041516408,1788474193193,-13.837501,-17.75625,-36.09375
66674051516408,1788474193203,-13.9875,-17.8125,-36.0
66674061516408,1788474193213,-14.00625,-17.550001,-36.112503
66674071516408,1788474193223,-14.156251,-17.5125,-36.075
66674081516408,1788474193233,-14.175,-17.681252,-36.131252
66674091516408,1788474193243,-14.025001,-17.94375,-36.2625
66674101516408,1788474193253,-14.08125,-18.09375,-36.2625
66674111516408,1788474193263,-14.306251,-17.71875,-36.1875
66674121516408,1788474193273,-14.175,-17.681252,-36.300003
66674131516408,1788474193283,-14.137501,-17.681252,-36.412502
66674141516408,1788474193293,-14.137501,-17.925001,-36.506252
66674151516408,1788474193303,-14.08125,-17.831251,-36.6375
66674161516408,1788474193313,-13.9875,-17.737501,-36.80625
66674171516408,1788474193323,-14.231251,-17.475,-36.881252
66674181516408,1788474193333,-14.19375,-17.34375,-36.9
66674191516408,1788474193343,-14.062501,-17.4375,-37.18125
66674201516408,1788474193353,-14.025001,-17.2875,-37.331253
66674211516408,1788474193363,-14.08125,-16.9125,-37.575
66674221516408,1788474193373,-13.968751,-16.5375,-37.706253
66674231516408,1788474193383,-14.137501,-16.425001,-37.65
66674241516408,1788474193393,-14.231251,-16.2,-37.74375
66674251516408,1788474193403,-14.062501,-16.125,-37.706253
66674261516408,1788474193413,-13.856251,-15.618751,-38.04375
66674271516408,1788474193423,-13.950001,-15.281251,-38.0625
66674281516408,1788474193433,-13.781251,-15.187501,-38.41875
66674291516408,1788474193443,-13.6125,-15.075001,-38.5125
66674301516408,1788474193453,-13.668751,-14.64375,-38.7
66674311516408,1788474193463,-13.5375,-14.1,-38.943752
66674321516408,1788474193473,-13.425,-13.8,-39.075
66674331516408,1788474193483,-13.181251,-12.975,-39.375
66674341516408,1788474193493,-13.293751,-12.675,-39.2625
66674351516408,1788474193503,-13.06875,-12.0375,-39.46875
66674361516408,1788474193513,-13.2375,-11.25,-39.28125
66674371516408,1788474193523,-13.200001,-10.40625,-39.2625
66674381516408,1788474193533,-13.500001,-9.975,-39.28125
66674391516408,1788474193543,-13.33125,-9.4125,-39.375
66674401516408,1788474193553,-13.218751,-8.6625,-39.393753
66674411516408,1788474193563,-13.500001,-8.08125,-39.75
66674421516408,1788474193573,-13.575001,-7.3500004,-40.125
66674431516408,1788474193583,-13.462501,-7.05,-40.350002
66674441516408,1788474193593,-13.387501,-6.4125004,-40.36875
66674451516408,1788474193603,-13.125001,-6.05625,-40.537502
66674461516408,1788474193613,-12.543751,-5.64375,-40.66875
66674471516408,1788474193623,-12.431251,-5.2875004,-40.7625
66674481516408,1788474193633,-12.39375,-4.8562503,-41.1375
66674491516408,1788474193643,-12.056251,-4.5750003,-41.081253
66674501516408,1788474193653,-11.7375,-4.4625,-40.66875
66674511516408,1788474193663,-11.64375,-3.73125,-40.443752
66674521516408,1788474193673,-11.38125,-3.2062502,-40.65
66674531516408,1788474193683,-11.3625,-2.41875,-40.706253
66674541516408,1788474193693,-11.26875,-1.3875,-40.6875
66674551516408,1788474193703,-11.34375,-0.46875003,-40.55625
66674561516408,1788474193713,-11.325001,0.24375,-40.48125
66674571516408,1788474193723,-11.212501,0.975,-40.3875
66674581516408,1788474193733,-11.118751,1.81875,-40.36875
66674591516408,1788474193743,-11.043751,2.2125,-40.443752
66674601516408,1788474193753,-10.81875,2.7562501,-40.331253
66674611516408,1788474193763,-10.837501,3.3375,-40.068752
66674621516408,1788474193773,-10.856251,3.73125,-40.0125
66674631516408,1788474193783,-10.650001,4.2000003,-39.862503
66674641516408,1788474193793,-10.481251,4.6875,-39.600002
66674651516408,1788474193803,-10.556251,5.3250003,-39.15
66674661516408,1788474193813,-10.25625,6.5625005,-39.1875
66674671516408,1788474193823,-10.125,7.3875003,-38.943752
66674681516408,1788474193833,-10.35,8.025001,-38.831253
66674691516408,1788474193843,-10.03125,8.681251,-38.9625
66674701516408,1788474193853,-9.918751,9.28125,-38.737503
66674711516408,1788474193863,-9.95625,10.05,-38.8125
66674721516408,1788474193873,-9.918751,10.762501,-38.737503
66674731516408,1788474193883,-9.618751,11.25,-38.643753
66674741516408,1788474193893,-9.675,11.681251,-38.30625
66674751516408,1788474193903,-9.806251,12.150001,-37.96875
66674761516408,1788474193913,-9.675,12.69375,-37.66875
66674771516408,1788474193923,-9.76875,13.125001,-37.36875
66674781516408,1788474193933,-9.675,13.556251,-37.275
66674791516408,1788474193943,-9.675,14.025001,-36.693752
66674801516408,1788474193953,-9.675,14.512501,-36.35625
66674811516408,1788474193963,-9.7875,14.906251,-36.05625
66674821516408,1788474193973,-9.58125,15.431251,-35.925003
66674831516408,1788474193983,-9.50625,15.918751,-35.775
66674841516408,1788474193993,-9.46875,16.3875,-35.41875
66674851516408,1788474194003,-9.50625,16.800001,-35.15625
66674861516408,1788474194013,-9.618751,15.656251,-34.518753
66674871516408,1788474194023,-9.337501,15.95625,-34.18125
66674881516408,1788474194033,-9.337501,16.368752,-33.75
66674891516408,1788474194043,-9.243751,17.19375,-33.43125
66674901516408,1788474194053,-9.28125,17.60625,-32.98125
66674911516408,1788474194063,-9.20625,18.0375,-32.568752
66674921516408,1788474194073,-9.0375,18.54375,-32.381252
66674931516408,1788474194083,-8.90625,19.237501,-31.893751
66674941516408,1788474194093,-8.925,19.987501,-31.29375
66674951516408,1788474194103,-8.75625,20.5125,-30.956251
66674961516408,1788474194113,-8.587501,21.09375,-30.54375
66674971516408,1788474194123,-8.55,21.393751,-30.187502
66674981516408,1788474194133,-8.400001,22.06875,-29.718752
66674991516408,1788474194143,-8.118751,22.931252,-29.1375
66675001516408,1788474194153,-8.212501,23.475,-28.556252
66675011516408,1788474194163,-8.26875,23.75625,-28.06875
66675021516408,1788474194173,-8.137501,26.04375,-27.225
66675031516408,1788474194183,-8.25,26.737501,-27.000002
66675041516408,1788474194193,-8.137501,27.281252,-26.493752
66675051516408,1788474194203,-8.212501,27.843752,-25.85625
66675061516408,1788474194213,-8.325001,28.218752,-25.35
66675071516408,1788474194223,-8.493751,28.575,-24.843752
66675081516408,1788474194233,-8.45625,28.800001,-24.375002
66675091516408,1788474194243,-8.137501,29.268751,-23.94375
66675101516408,1788474194253,-8.1,29.41875,-23.493752
66675111516408,1788474194263,-8.08125,29.625002,-22.85625
66675121516408,1788474194273,-8.025001,29.925001,-22.5375
66675131516408,1788474194283,-7.8,30.225,-22.181252
66675141516408,1788474194293,-7.8,30.54375,-21.768751
66675151516408,1788474194303,-7.7625003,30.7875,-21.46875
66675161516408,1788474194313,-7.65,31.3875,-20.868752
66675171516408,1788474194323,-8.00625,31.725,-20.212502
66675181516408,1788474194333,-7.7812505,32.25,-20.00625
66675191516408,1788474194343,-7.8187504,32.7,-19.725
66675201516408,1788474194353,-7.74375,33.09375,-18.806252
66675211516408,1788474194363,-7.6875005,33.375,-18.0
66675221516408,1788474194373,-7.4625,33.862503,-17.15625
66675231516408,1788474194383,-7.2375,34.143753,-16.237501
66675241516408,1788474194393,-7.0312505,34.3125,-15.356251
66675251516408,1788474194403,-6.58125,34.725002,-14.700001
66675261516408,1788474194413,-6.58125,35.25,-13.837501
66675271516408,1788474194423,-6.24375,35.68125,-12.750001
66675281516408,1788474194433,-6.15,36.09375,-12.3
66675291516408,1788474194443,-5.9812503,36.43125,-11.83125
66675301516408,1788474194453,-5.775,36.581253,-11.25
66675311516408,1788474194463,-5.68125,36.80625,-10.743751
66675321516408,1788474194473,-5.5875,36.80625,-10.3125
66675331516408,1788474194483,-5.5687504,36.881252,-9.69375
66675341516408,1788474194493,-5.7000003,36.862503,-8.793751
66675351516408,1788474194503,-5.64375,36.787502,-8.25
66675361516408,1788474194513,-5.6062503,36.75,-7.74375
66675371516408,1788474194523,-5.68125,36.9,-7.33125
66675381516408,1788474194533,-5.5125003,37.050003,-6.8250003
66675391516408,1788474194543,-5.3812504,37.162502,-6.3
66675401516408,1788474194553,-5.1000004,37.40625,-5.9812503
66675411516408,1788474194563,-5.0062504,37.537502,-5.6062503
66675421516408,1788474194573,-4.78125,37.7625,-4.9500003
66675431516408,1788474194583,-4.70625,37.74375,-4.74375
66675441516408,1788474194593,-4.70625,37.65,-4.33125
66675451516408,1788474194603,-4.425,37.48125,-3.99375
66675461516408,1788474194613,-4.425,37.331253,-3.80625
66675471516408,1788474194623,-4.1062503,37.256252,-3.7687502
66675481516408,1788474194633,-3.9750001,37.40625,-3.4687502
66675491516408,1788474194643,-3.7500002,37.331253,-3.2625
66675501516408,1788474194653,-3.8437502,37.36875,-3.2625
66675511516408,1788474194663,-3.5625002,37.443752,-3.0937502
66675521516408,1788474194673,-3.2062502,37.55625,-3.16875
66675531516408,1788474194683,-3.1125002,37.706253,-3.075
66675541516408,1788474194693,-3.075,37.7625,-3.1312501
66675551516408,1788474194703,-3.16875,37.800003,-2.9437501
66675561516408,1788474194713,-3.1875002,37.518753,-2.7562501
66675571516408,1788474194723,-3.2812502,37.518753,-2.625
66675581516408,1788474194733,-3.1875002,37.3125,-2.41875
66675591516408,1788474194743,-3.2625,37.331253,-2.2875001
66675601516408,1788474194753,-3.2812502,37.29375,-1.8937501
66675611516408,1788474194763,-3.24375,37.143753,-1.66875
66675621516408,1788474194773,-3.1125002,37.256252,-1.0500001
66675631516408,1788474194783,-2.9625,37.03125,-0.73125005
66675641516408,1788474194793,-2.9437501,37.36875,-0.6
66675651516408,1788474194803,-2.68125,37.143753,-0.3375
66675661516408,1788474194813,-2.5687501,37.21875,-0.13125001
66675671516408,1788474194823,-2.3625002,37.050003,0.24375
66675681516408,1788474194833,-1.95,37.10625,0.46875003
66675691516408,1788474194843,-1.5,37.237503,0.91875005
66675701516408,1788474194853,-1.48125,36.15,0.82500005
66675711516408,1788474194863,-1.3125,36.16875,1.1812501
66675721516408,1788474194873,-1.0875001,35.8875,1.5
66675731516408,1788474194883,-0.91875005,36.131252,1.66875
66675741516408,1788474194893,-0.84375006,36.075,1.7062501
66675751516408,1788474194903,-0.71250004,36.037502,1.8937501
66675761516408,1788474194913,-0.91875005,36.0,2.1000001
66675771516408,1788474194923,-1.1812501,35.86875,2.3625002
66675781516408,1788474194933,-1.0500001,35.9625,2.41875
66675791516408,1788474194943,-1.125,35.98125,2.4
66675801516408,1788474194953,-1.3125,36.075,2.625
66675811516408,1788474194963,-1.575,35.943752,2.86875
66675821516408,1788474194973,-1.5187501,35.8875,2.90625
66675831516408,1788474194983,-1.6125001,36.018753,2.98125
66675841516408,1788474194993,-1.5562501,36.018753,3.16875
66675851516408,1788474195003,-1.4625001,35.9625,3.16875
66675861516408,1788474195013,-1.3125,36.16875,3.1312501
66675871516408,1788474195023,-1.10625,36.318752,3.3000002
66675881516408,1788474195033,-0.8625,36.300003,3.2812502
66675891516408,1788474195043,-0.63750005,36.300003,3.2062502
66675901516408,1788474195053,-0.7875,36.375,3.4875002
66675911516408,1788474195063,-0.61875004,36.28125,3.6375
66675921516408,1788474195073,-0.5625,36.35625,3.525
66675931516408,1788474195083,-0.65625,36.3375,3.5625002
66675941516408,1788474195093,-0.675,36.131252,3.6750002
66675951516408,1788474195103,-0.82500005,35.850002,3.6375
66675961516408,1788474195113,-0.91875005,35.850002,3.7687502
66675971516408,1788474195123,-0.88125,35.98125,3.9562502
66675981516408,1788474195133,-0.4875,36.037502,4.0687504
66675991516408,1788474195143,-0.5625,36.09375,4.14375
66676001516408,1788474195153,-0.6,35.68125,4.36875
66676011516408,1788474195163,-0.31875002,35.850002,4.40625
66676021516408,1788474195173,-0.50625,35.925003,4.5750003
66676031516408,1788474195183,-0.28125,36.05625,4.5375004
66676041516408,1788474195193,-0.13125001,36.0,4.6312504
66676051516408,1788474195203,-0.26250002,36.05625,4.59375
66676061516408,1788474195213,-0.375,35.79375,4.5750003
66676071516408,1788474195223,-0.3,35.850002,4.78125
66676081516408,1788474195233,-0.375,35.98125,4.70625
66676091516408,1788474195243,-0.46875003,35.8125,4.6312504
66676101516408,1788474195253,-0.20625001,35.71875,4.6687503
66676111516408,1788474195263,-0.24375,35.850002,4.78125
66676121516408,1788474195273,-0.28125,35.737503,4.6687503
66676131516408,1788474195283,-0.16875,35.568752,4.6875
66676141516408,1788474195293,-0.075,35.79375,4.6875
66676151516408,1788474195303,0.01875,35.8125,4.4625
66676161516408,1788474195313,0.22500001,35.68125,4.4812503
66676171516408,1788474195323,0.3,35.68125,4.5
66676181516408,1788474195333,0.375,35.5125,4.3500004
66676191516408,1788474195343,0.15,35.49375,4.6687503
66676201516408,1788474195353,0.09375,35.41875,4.78125
66676211516408,1788474195363,0.13125001,35.475002,4.9125004
66676221516408,1788474195373,0.20625001,35.60625,4.96875
66676231516408,1788474195383,0.075,35.475002,5.2125
66676241516408,1788474195393,-0.09375,35.737503,5.30625
66676251516408,1788474195403,-0.09375,35.831253,5.68125
66676261516408,1788474195413,-0.13125001,36.1875,5.8125
66676271516408,1788474195423,0.13125001,36.05625,5.5125003
66676281516408,1788474195433,0.3375,36.112503,5.2125
66676291516408,1788474195443,0.52500004,36.018753,5.3625
66676301516408,1788474195453,0.52500004,35.79375,5.4
66676311516408,1788474195463,0.63750005,35.737503,5.3812504
66676321516408,1788474195473,0.75,35.4,5.64375
66676331516408,1788474195483,0.675,35.5125,5.15625
66676341516408,1788474195493,0.675,35.11875,5.2312503
66676351516408,1788474195503,0.50625,35.268753,5.4750004
66676361516408,1788474195513,0.52500004,35.362503,5.7937503
66676371516408,1788474195523,0.41250002,35.175003,5.7375
66676381516408,1788474195533,0.31875002,35.04375,5.9625
66676391516408,1788474195543,0.28125,35.100002,5.8125
66676401516408,1788474195553,0.375,35.325,5.5687504
66676411516408,1788474195563,0.54375005,35.1375,6.0375004
66676421516408,1788474195573,0.26250002,35.15625,6.01875
66676431516408,1788474195583,0.20625001,35.100002,5.86875
66676441516408,1788474195593,0.13125001,35.175003,5.7937503
66676451516408,1788474195603,0.28125,35.362503,5.7562504
66676461516408,1788474195613,0.52500004,35.550003,5.68125
66676471516408,1788474195623,0.61875004,35.68125,5.925
66676481516408,1788474195633,0.6,35.662502,6.0375004
66676491516408,1788474195643,0.45000002,35.475002,6.15
66676501516408,1788474195653,0.84375006,35.5125,6.2812505
66676511516408,1788474195663,0.93750006,35.568752,6.4687505
66676521516408,1788474195673,0.99375004,35.4,6.4500003
66676531516408,1788474195683,0.75,35.4,6.525
66676541516408,1788474195693,0.3375,35.4,6.4125004
66676551516408,1788474195703,0.3375,35.287502,6.3187504
66676561516408,1788474195713,0.20625001,35.34375,6.3562503
66676571516408,1788474195723,0.20625001,35.625,6.1125
66676581516408,1788474195733,0.28125,35.60625,6.1875005
66676591516408,1788474195743,0.375,35.53125,5.9625
66676601516408,1788474195753,0.3375,35.456253,6.1875005
66676611516408,1788474195763,0.52500004,35.41875,6.0937505
66676621516408,1788474195773,0.73125005,35.325,6.1125
66676631516408,1788474195783,0.80625004,35.456253,6.0375004
66676641516408,1788474195793,0.8625,35.325,6.05625
66676651516408,1788474195803,0.76875,35.287502,6.3187504
66676661516408,1788474195813,0.375,35.362503,6.2250004
66676671516408,1788474195823,0.41250002,35.5125,6.24375
66676681516408,1788474195833,0.45000002,35.79375,6.20625
66676691516408,1788474195843,0.16875,35.662502,6.15
66676701516408,1788474195853,0.0375,35.68125,6.2250004
66676711516408,1788474195863,0.13125001,35.643753,6.1875005
66676721516408,1788474195873,0.24375,35.86875,6.0750003
66676731516408,1788474195883,0.35625002,35.625,6.0375004
66676741516408,1788474195893,0.50625,35.7,6.1125
66676751516408,1788474195903,0.375,35.5875,6.1312504
66676761516408,1788474195913,0.1875,35.4375,6.1312504
66676771516408,1788474195923,0.28125,35.625,6.4125004
66676781516408,1788474195933,0.31875002,35.643753,6.3375
66676791516408,1788474195943,0.112500004,35.5125,6.4500003
66676801516408,1788474195953,0.09375,35.381252,6.61875
66676811516408,1788474195963,0.15,35.7,6.4125004
66676821516408,1788474195973,0.1875,35.60625,6.6375003
66676831516408,1788474195983,0.28125,35.662502,6.7312503
66676841516408,1788474195993,0.3375,35.7,6.8250003
66676851516408,1788474196003,0.375,35.7,6.4875
66676861516408,1788474196013,0.3,35.30625,6.61875
66676871516408,1788474196023,0.35625002,35.34375,6.6937504
66676881516408,1788474196033,0.375,35.41875,6.7312503
66676891516408,1788474196043,0.375,35.287502,6.8812504
66676901516408,1788474196053,0.35625002,35.2125,6.4500003
66676911516408,1788474196063,0.6,35.362503,6.3562503
66676921516408,1788474196073,0.43125,35.53125,6.2812505
66676931516408,1788474196083,0.39375,35.4375,6.2812505
66676941516408,1788474196093,0.20625001,35.60625,6.2250004
66676951516408,1788474196103,0.26250002,35.7,6.0375004
66676961516408,1788474196113,0.20625001,35.5875,5.7375
66676971516408,1788474196123,0.20625001,35.625,5.68125
66676981516408,1788474196133,0.22500001,35.71875,5.68125
66676991516408,1788474196143,-0.056250002,35.362503,6.0375004
66677001516408,1788474196153,-0.0375,35.25,5.9625
66677011516408,1788474196163,-0.112500004,35.4,6.0750003
66677021516408,1788474196173,0.16875,35.60625,6.1687503
66677031516408,1788474196183,-0.056250002,35.5875,6.3
66677041516408,1788474196193,-0.13125001,35.7,6.2625003
66677051516408,1788474196203,-0.075,35.79375,6.2250004
66677061516408,1788474196213,-0.20625001,35.775,6.3750005
66677071516408,1788474196223,-0.3,35.831253,5.90625
66677081516408,1788474196233,-0.3375,35.68125,5.775
66677091516408,1788474196243,-0.09375,35.49375,5.71875
66677101516408,1788474196253,-0.15,35.49375,5.4375
66677111516408,1788474196263,-0.01875,35.456253,5.2875004
66677121516408,1788474196273,0.16875,35.4375,5.34375
66677131516408,1788474196283,0.0,35.325,5.2312503
66677141516408,1788474196293,0.075,35.381252,5.0062504
66677151516408,1788474196303,0.0,35.5875,4.8562503
66677161516408,1788474196313,0.28125,35.737503,4.8562503
66677171516408,1788474196323,0.31875002,35.775,4.6687503
66677181516408,1788474196333,0.22500001,35.643753,4.5750003
66677191516408,1788474196343,0.13125001,35.7,4.2375
66677201516408,1788474196353,0.0375,35.643753,3.9562502
66677211516408,1788474196363,0.13125001,35.756252,3.7125
66677221516408,1788474196373,0.13125001,35.8875,3.6375
66677231516408,1788474196383,0.112500004,35.8125,3.4687502
66677241516408,1788474196393,0.056250002,35.850002,3.0187502
66677251516408,1788474196403,-0.1875,36.0,2.8125
66677261516408,1788474196413,-0.112500004,36.3375,2.5500002
66677271516408,1788474196423,-0.28125,36.3375,2.4
66677281516408,1788474196433,-0.3,36.412502,2.1750002
66677291516408,1788474196443,-0.35625002,36.28125,2.04375
66677301516408,1788474196453,-0.52500004,36.24375,1.5
66677311516408,1788474196463,-0.50625,36.15,1.29375
66677321516408,1788474196473,-0.73125005,36.131252,1.35
66677331516408,1788474196483,-0.7875,36.075,1.21875
66677341516408,1788474196493,-0.93750006,36.037502,0.975
66677351516408,1788474196503,-0.95625,36.15,0.84375006
66677361516408,1788474196513,-1.44375,36.300003,0.65625
66677371516408,1788474196523,-1.8375001,36.43125,0.26250002
66677381516408,1788474196533,-1.95,36.5625,0.20625001
66677391516408,1788474196543,-2.11875,36.73125,-0.01875
66677401516408,1788474196553,-2.53125,36.862503,-0.50625
66677411516408,1788474196563,-2.71875,36.73125,-0.88125
66677421516408,1788474196573,-2.9625,36.825,-1.125
66677431516408,1788474196583,-3.0187502,36.91875,-1.5937501
66677441516408,1788474196593,-3.0,36.9,-2.0062501
66677451516408,1788474196603,-3.0187502,36.881252,-2.30625
66677461516408,1788474196613,-3.15,36.84375,-2.79375
66677471516408,1788474196623,-3.3187501,36.91875,-3.24375
66677481516408,1788474196633,-3.2062502,36.84375,-3.6000001
66677491516408,1788474196643,-3.3937502,37.03125,-3.91875
66677501516408,1788474196653,-3.3937502,37.068752,-4.3875003
66677511516408,1788474196663,-3.73125,36.787502,-4.6687503
66677521516408,1788474196673,-4.1062503,36.600002,-4.93125
66677531516408,1788474196683,-4.36875,36.73125,-5.025
66677541516408,1788474196693,-3.73125,36.318752,-5.0625
66677551516408,1788474196703,-4.05,36.16875,-5.3625
66677561516408,1788474196713,-4.4812503,36.131252,-5.7937503
66677571516408,1788474196723,-4.74375,36.05625,-6.20625
66677581516408,1788474196733,-4.9875,35.7,-6.61875
66677591516408,1788474196743,-5.1937504,35.8125,-7.05
66677601516408,1788474196753,-5.1375003,35.90625,-7.5375004
66677611516408,1788474196763,-5.3625,35.831253,-8.1
66677621516408,1788474196773,-5.25,35.831253,-8.2875
66677631516408,1788474196783,-5.4750004,35.737503,-8.475
66677641516408,1788474196793,-5.625,35.5125,-8.606251
66677651516408,1788474196803,-6.0750003,35.49375,-8.83125
66677661516408,1788474196813,-6.8250003,35.456253,-9.056251
66677671516408,1788474196823,-7.18125,35.362503,-9.01875
66677681516408,1788474196833,-7.70625,35.362503,-9.28125
66677691516408,1788474196843,-7.93125,35.11875,-9.65625
66677701516408,1788474196853,-7.65,35.8875,-10.125
66677711516408,1788474196863,-7.93125,35.79375,-10.575001
66677721516408,1788474196873,-8.418751,35.925003,-10.837501
66677731516408,1788474196883,-8.587501,35.775,-11.26875
66677741516408,1788474196893,-8.868751,35.662502,-11.53125
66677751516408,1788474196903,-9.375,35.381252,-11.85
66677761516408,1788474196913,-9.825001,34.96875,-12.0375
66677771516408,1788474196923,-10.556251,34.78125,-12.187501
66677781516408,1788474196933,-11.26875,35.23125,-12.4125
66677791516408,1788474196943,-11.75625,35.100002,-12.4125
66677801516408,1788474196953,-12.356251,34.48125,-12.76875
66677811516408,1788474196963,-13.106251,34.125,-12.69375
66677821516408,1788474196973,-13.425,33.9375,-12.50625
66677831516408,1788474196983,-13.63125,33.787502,-12.637501
66677841516408,1788474196993,-14.137501,33.6375,-12.6
66677851516408,1788474197003,-14.45625,33.46875,-12.8625
66677861516408,1788474197013,-14.700001,33.1875,-12.8625
66677871516408,1788474197023,-15.13125,32.98125,-12.750001
66677881516408,1788474197033,-15.4875,33.0,-12.525001
66677891516408,1788474197043,-15.731251,33.0,-12.50625
66677901516408,1788474197053,-16.5,33.600002,-12.6
66677911516408,1788474197063,-16.85625,33.581253,-12.50625
66677921516408,1788474197073,-16.9125,33.43125,-12.431251
66677931516408,1788474197083,-16.96875,33.2625,-12.168751
66677941516408,1788474197093,-17.19375,33.300003,-12.168751
66677951516408,1788474197103,-17.25,33.375,-12.337501
66677961516408,1788474197113,-16.987501,33.487503,-12.39375
66677971516408,1788474197123,-16.987501,33.46875,-12.31875
66677981516408,1788474197133,-17.081251,33.487503,-12.39375
66677991516408,1788474197143,-17.1375,33.46875,-12.468751
66678001516408,1788474197153,-17.118752,33.6375,-12.4875
66678011516408,1788474197163,-17.118752,33.862503,-12.562501
66678021516408,1788474197173,-17.025002,33.73125,-12.750001
66678031516408,1788474197183,-16.987501,33.600002,-12.675
66678041516408,1788474197193,-17.00625,33.487503,-12.50625
66678051516408,1788474197203,-17.00625,33.581253,-12.76875
66678061516408,1788474197213,-17.081251,33.65625,-12.750001
66678071516408,1788474197223,-17.118752,33.54375,-12.750001
66678081516408,1788474197233,-17.475,33.54375,-12.69375
66678091516408,1788474197243,-17.75625,33.393753,-12.356251
66678101516408,1788474197253,-17.90625,33.525,-12.093751
66678111516408,1788474197263,-18.0,33.506252,-11.83125
66678121516408,1788474197273,-18.1875,33.5625,-11.887501
66678131516408,1788474197283,-18.225,33.46875,-11.793751
66678141516408,1788474197293,-18.0375,33.35625,-11.71875
66678151516408,1788474197303,-17.98125,33.45,-11.587501
66678161516408,1788474197313,-17.60625,33.375,-11.493751
66678171516408,1788474197323,-17.6625,33.61875,-11.71875
66678181516408,1788474197333,-17.625,33.75,-11.868751
66678191516408,1788474197343,-17.681252,33.80625,-12.01875
66678201516408,1788474197353,-17.643751,33.693752,-12.093751
66678211516408,1788474197363,-17.60625,33.6375,-11.887501
66678221516408,1788474197373,-17.53125,33.5625,-12.01875
66678231516408,1788474197383,-17.5125,33.600002,-12.13125
66678241516408,1788474197393,-17.475,33.7125,-12.375001
66678251516408,1788474197403,-17.475,33.318752,-12.31875
66678261516408,1788474197413,-17.400002,33.131252,-12.0375
66678271516408,1788474197423,-17.25,33.09375,-12.13125
66678281516408,1788474197433,-17.19375,33.24375,-12.0
66678291516408,1788474197443,-17.025002,33.225002,-12.01875
66678301516408,1788474197453,-17.306252,33.412502,-11.868751
66678311516408,1788474197463,-17.325,33.16875,-11.793751
66678321516408,1788474197473,-17.456251,33.15,-11.7375
66678331516408,1788474197483,-17.306252,33.24375,-11.606251
66678341516408,1788474197493,-17.118752,33.393753,-12.0
66678351516408,1788474197503,-17.025002,33.45,-12.13125
66678361516408,1788474197513,-17.212502,33.600002,-12.243751
66678371516408,1788474197523,-17.456251,33.693752,-12.431251
66678381516408,1788474197533,-17.4375,33.581253,-12.4125
66678391516408,1788474197543,-17.268751,33.675003,-12.637501
66678401516408,1788474197553,-17.2875,33.506252,-12.69375
66678411516408,1788474197563,-17.325,33.7125,-12.806251
66678421516408,1788474197573,-17.53125,33.506252,-12.731251
66678431516408,1788474197583,-17.75625,33.487503,-12.843751
66678441516408,1788474197593,-17.71875,33.15,-12.656251
66678451516408,1788474197603,-17.550001,33.16875,-12.58125
66678461516408,1788474197613,-17.400002,33.28125,-12.937501
66678471516408,1788474197623,-17.681252,33.318752,-13.012501
66678481516408,1788474197633,-17.6625,33.2625,-12.993751
66678491516408,1788474197643,-17.53125,33.131252,-13.275001
66678501516408,1788474197653,-17.4375,33.487503,-13.462501
66678511516408,1788474197663,-17.53125,33.5625,-13.218751
66678521516408,1788474197673,-17.268751,33.787502,-13.500001
66678531516408,1788474197683,-17.19375,33.675003,-13.575001
66678541516408,1788474197693,-17.268751,33.600002,-13.425
66678551516408,1788474197703,-16.9125,33.525,-13.387501
66678561516408,1788474197713,-16.81875,33.5625,-13.481251
66678571516408,1788474197723,-16.706251,33.46875,-13.650001
66678581516408,1788474197733,-16.78125,33.300003,-13.575001
66678591516408,1788474197743,-16.800001,33.2625,-13.875001
66678601516408,1788474197753,-16.95,33.075,-13.875001
66678611516408,1788474197763,-17.15625,33.225002,-14.043751
66678621516408,1788474197773,-17.1375,33.037502,-14.1
66678631516408,1788474197783,-17.493752,33.15,-14.025001
66678641516408,1788474197793,-17.493752,33.2625,-14.00625
66678651516408,1788474197803,-17.7,33.43125,-13.725
66678661516408,1788474197813,-17.737501,33.3375,-13.81875
66678671516408,1788474197823,-17.681252,33.28125,-13.5375
66678681516408,1788474197833,-17.868752,33.375,-13.70625
66678691516408,1788474197843,-17.681252,33.28125,-13.425
66678701516408,1788474197853,-17.85,33.300003,-13.462501
66678711516408,1788474197863,-18.075,33.300003,-13.556251
66678721516408,1788474197873,-18.28125,33.412502,-13.293751
66678731516408,1788474197883,-18.35625,33.487503,-13.087501
66678741516408,1788474197893,-18.243752,33.506252,-12.750001
66678751516408,1788474197903,-18.337502,33.6375,-12.843751
66678761516408,1788474197913,-18.206251,33.5625,-12.637501
66678771516408,1788474197923,-18.300001,33.5625,-12.8625
66678781516408,1788474197933,-18.0,33.506252,-12.993751
66678791516408,1788474197943,-17.868752,33.412502,-12.95625
66678801516408,1788474197953,-17.60625,33.16875,-13.125001
66678811516408,1788474197963,-17.71875,33.075,-13.368751
66678821516408,1788474197973,-17.7,33.018753,-13.668751
66678831516408,1788474197983,-17.456251,33.0,-13.70625
66678841516408,1788474197993,-17.643751,33.15,-13.6125
66678851516408,1788474198003,-17.643751,33.0,-13.70625
66678861516408,1788474198013,-17.85,33.112503,-13.593751
66678871516408,1788474198023,-18.018751,33.24375,-13.51875
66678881516408,1788474198033,-18.206251,33.225002,-13.556251
66678891516408,1788474198043,-17.98125,33.3375,-13.687501
66678901516408,1788474198053,-18.16875,33.375,-13.63125
66678911516408,1788474198063,-18.375,33.075,-13.650001
66678921516408,1788474198073,-18.150002,32.90625,-13.8
66678931516408,1788474198083,-18.1875,33.037502,-13.781251
66678941516408,1788474198093,-18.225,32.98125,-13.725
66678951516408,1788474198103,-18.0,32.643753,-13.687501
66678961516408,1788474198113,-18.0375,32.568752,-13.762501
66678971516408,1788474198123,-18.0375,32.41875,-13.8
66678981516408,1788474198133,-17.868752,32.5125,-13.9125
66678991516408,1788474198143,-17.681252,32.550003,-13.762501
66679001516408,1788474198153,-17.71875,32.643753,-13.856251
66679011516408,1788474198163,-17.868752,32.475002,-13.650001
66679021516408,1788474198173,-17.79375,32.381252,-13.875001
66679031516408,1788474198183,-17.75625,32.643753,-13.931251
66679041516408,1788474198193,-17.587502,32.737503,-14.00625
66679051516408,1788474198203,-17.6625,32.5125,-13.856251
66679061516408,1788474198213,-17.75625,32.325,-13.781251
66679071516408,1788474198223,-17.94375,32.325,-14.025001
66679081516408,1788474198233,-17.8125,32.081253,-13.837501
66679091516408,1788474198243,-17.625,32.23125,-13.931251
66679101516408,1788474198253,-17.456251,32.49375,-13.81875
66679111516408,1788474198263,-17.34375,32.381252,-13.89375
66679121516408,1788474198273,-17.41875,32.456253,-13.950001
66679131516408,1788474198283,-17.41875,32.550003,-14.156251
66679141516408,1788474198293,-17.38125,32.68125,-14.231251
66679151516408,1788474198303,-17.081251,32.831253,-14.156251
66679161516408,1788474198313,-17.2875,32.86875,-14.156251
66679171516408,1788474198323,-17.325,32.850002,-14.26875
66679181516408,1788474198333,-17.400002,32.737503,-14.250001
66679191516408,1788474198343,-17.53125,32.68125,-14.343751
66679201516408,1788474198353,-17.625,32.5875,-14.437501
66679211516408,1788474198363,-17.7,32.49375,-14.325001
66679221516408,1788474198373,-17.71875,32.5875,-14.418751
66679231516408,1788474198383,-17.962502,32.53125,-14.587501
66679241516408,1788474198393,-17.75625,32.49375,-14.925
66679251516408,1788474198403,-17.79375,32.456253,-14.868751
66679261516408,1788474198413,-17.681252,32.34375,-15.1125
66679271516408,1788474198423,-17.868752,32.49375,-15.450001
66679281516408,1788474198433,-17.737501,32.4375,-15.262501
66679291516408,1788474198443,-17.53125,32.53125,-15.281251
66679301516408,1788474198453,-17.5125,32.41875,-15.262501
66679311516408,1788474198463,-17.268751,32.41875,-15.4875
66679321516408,1788474198473,-17.475,32.381252,-15.637501
66679331516408,1788474198483,-17.306252,32.325,-16.0125
66679341516408,1788474198493,-17.400002,32.287502,-16.2
66679351516408,1788474198503,-16.987501,32.193752,-16.3125
66679361516408,1788474198513,-16.875,32.325,-16.63125
66679371516408,1788474198523,-16.837502,32.193752,-16.837502
66679381516408,1788474198533,-16.125,31.031252,-17.587502
66679391516408,1788474198543,-16.143751,30.937502,-17.75625
66679401516408,1788474198553,-15.731251,30.843752,-17.98125
66679411516408,1788474198563,-15.6,30.843752,-18.35625
66679421516408,1788474198573,-15.337501,30.88125,-18.618752
66679431516408,1788474198583,-15.13125,30.862501,-18.900002
66679441516408,1788474198593,-14.981251,30.6,-19.368752
66679451516408,1788474198603,-14.718751,30.581251,-19.931252
66679461516408,1788474198613,-14.606251,30.300001,-20.1
66679471516408,1788474198623,-14.26875,29.962502,-20.362501
66679481516408,1788474198633,-14.118751,29.925001,-20.681252
66679491516408,1788474198643,-13.725,29.775002,-20.831251
66679501516408,1788474198653,-13.35,29.250002,-20.831251
66679511516408,1788474198663,-12.937501,29.19375,-20.98125
66679521516408,1788474198673,-12.525001,29.212502,-21.206251
66679531516408,1788474198683,-12.056251,29.118752,-21.431252
66679541516408,1788474198693,-11.71875,29.268751,-21.525002
66679551516408,1788474198703,-11.400001,29.19375,-21.862501
66679561516408,1788474198713,-10.875,29.493752,-21.975
66679571516408,1788474198723,-10.725,29.493752,-22.03125
66679581516408,1788474198733,-10.35,29.7,-22.03125
66679591516408,1788474198743,-10.25625,29.85,-22.050001
66679601516408,1788474198753,-10.125,29.7,-22.21875
66679611516408,1788474198763,-10.05,29.85,-22.425001
66679621516408,1788474198773,-9.731251,29.962502,-22.800001
66679631516408,1788474198783,-9.4875,30.4125,-22.85625
66679641516408,1788474198793,-9.6,30.281252,-22.987501
66679651516408,1788474198803,-9.1875,30.375002,-23.306252
66679661516408,1788474198813,-9.056251,30.093752,-23.456251
66679671516408,1788474198823,-8.700001,29.75625,-23.85
66679681516408,1788474198833,-8.118751,30.056252,-23.962502
66679691516408,1788474198843,-7.7812505,29.94375,-24.018751
66679701516408,1788474198853,-7.2000003,29.737501,-24.150002
66679711516408,1788474198863,-6.61875,29.7,-24.300001
66679721516408,1788474198873,-5.8125,29.5125,-24.618752
66679731516408,1788474198883,-5.175,29.250002,-24.91875
66679741516408,1788474198893,-4.65,29.2875,-24.91875
66679751516408,1788474198903,-4.05,29.343752,-25.181252
66679761516408,1788474198913,-3.54375,29.1,-25.237501
66679771516408,1788474198923,-2.9437501,29.1,-25.500002
66679781516408,1788474198933,-2.6437502,29.343752,-25.143751
66679791516408,1788474198943,-2.1000001,29.212502,-25.518751
66679801516408,1788474198953,-1.5187501,29.19375,-25.575
66679811516408,1788474198963,-1.06875,29.437502,-25.66875
66679821516408,1788474198973,-0.43125,29.456251,-25.800001
66679831516408,1788474198983,0.3375,29.362501,-25.462502
66679841516408,1788474198993,1.1437501,29.41875,-25.781252
66679851516408,1788474199003,1.8937501,29.250002,-25.706251
66679861516408,1788474199013,2.5687501,29.175001,-25.650002
66679871516408,1788474199023,3.15,29.04375,-25.35
66679881516408,1788474199033,3.7687502,28.931252,-25.050001
66679891516408,1788474199043,4.3125,28.95,-24.54375
66679901516408,1788474199053,5.6625004,28.781252,-24.45
66679911516408,1788474199063,6.01875,29.00625,-24.337502
66679921516408,1788474199073,6.4500003,29.118752,-23.90625
66679931516408,1788474199083,7.2000003,29.175001,-23.625
66679941516408,1788474199093,7.8750005,29.04375,-23.5125
66679951516408,1788474199103,8.512501,29.1375,-23.212502
66679961516408,1788474199113,9.225,29.118752,-23.2875
66679971516408,1788474199123,9.825001,28.968752,-23.15625
66679981516408,1788474199133,10.40625,29.00625,-23.1375
66679991516408,1788474199143,11.1,28.9125,-23.0625
66680001516408,1788474199153,11.55,28.81875,-22.931252
66680011516408,1788474199163,12.168751,28.800001,-22.875
66680021516408,1788474199173,12.13125,28.987501,-23.0625
66680031516408,1788474199183,12.543751,29.23125,-22.66875
66680041516408,1788474199193,13.012501,29.41875,-22.050001
66680051516408,1788474199203,13.762501,29.550001,-21.91875
66680061516408,1788474199213,14.175,29.475,-21.375
66680071516408,1788474199223,14.94375,29.325,-20.643751
66680081516408,1788474199233,15.637501,29.23125,-19.9125
66680091516408,1788474199243,16.143751,29.38125,-18.975
66680101516408,1788474199253,16.875,29.362501,-18.13125
66680111516408,1788474199263,17.60625,29.04375,-17.53125
66680121516408,1788474199273,18.206251,28.987501,-17.04375
66680131516408,1788474199283,18.300001,28.931252,-16.3125
66680141516408,1788474199293,18.6375,29.00625,-15.6
66680151516408,1788474199303,18.84375,29.2875,-15.31875
66680161516408,1788474199313,19.25625,29.38125,-15.01875
66680171516408,1788474199323,19.3875,29.306252,-14.6625
66680181516408,1788474199333,19.612501,29.306252,-14.19375
66680191516408,1788474199343,19.837502,29.343752,-13.781251
66680201516408,1788474199353,20.175001,29.268751,-13.368751
66680211516408,1788474199363,20.71875,29.2875,-12.900001
66680221516408,1788474199373,21.13125,29.212502,-12.69375
66680231516408,1788474199383,21.45,29.1375,-12.337501
66680241516408,1788474199393,21.6,29.118752,-11.71875
66680251516408,1788474199403,21.75,29.04375,-11.2875
66680261516408,1788474199413,21.9375,29.1,-10.875
66680271516408,1788474199423,22.03125,29.250002,-10.59375
66680281516408,1788474199433,22.1625,29.2875,-10.181251
66680291516408,1788474199443,22.125,29.1,-9.9375
66680301516408,1788474199453,22.21875,29.1375,-9.58125
66680311516408,1788474199463,22.3125,28.968752,-9.075001
66680321516408,1788474199473,22.3875,29.1375,-8.83125
66680331516408,1788474199483,22.44375,29.325,-8.606251
66680341516408,1788474199493,22.40625,29.081251,-8.231251
66680351516408,1788474199503,22.40625,29.1375,-8.231251
66680361516408,1788474199513,22.2,29.19375,-7.93125
66680371516408,1788474199523,22.25625,29.343752,-7.55625
66680381516408,1788474199533,22.3125,29.175001,-7.6687503
66680391516408,1788474199543,22.3125,29.268751,-7.74375
66680401516408,1788474199553,22.5,28.85625,-8.1
66680411516408,1788474199563,22.59375,28.7625,-8.325001
66680421516408,1788474199573,22.875,29.025002,-8.775001
66680431516408,1788474199583,23.04375,28.63125,-9.1125
66680441516408,1788474199593,23.19375,28.44375,-10.03125
66680451516408,1788474199603,23.400002,28.2,-10.950001
66680461516408,1788474199613,23.2875,28.2,-11.925
66680471516408,1788474199623,23.212502,27.825,-13.218751
66680481516408,1788474199633,22.893751,27.69375,-14.231251
66680491516408,1788474199643,22.59375,27.281252,-15.76875
66680501516408,1788474199653,21.4125,26.456251,-17.400002
66680511516408,1788474199663,20.550001,25.931252,-19.1625
66680521516408,1788474199673,19.66875,25.368752,-20.79375
66680531516408,1788474199683,18.35625,24.618752,-22.987501
66680541516408,1788474199693,17.8125,23.7,-25.2
66680551516408,1788474199703,16.143751,22.893751,-26.79375
66680561516408,1788474199713,14.418751,21.975,-28.725
66680571516408,1788474199723,12.243751,21.16875,-30.300001
66680581516408,1788474199733,10.51875,20.362501,-31.612501
66680591516408,1788474199743,8.55,19.875,-32.625
66680601516408,1788474199753,6.4500003,19.462502,-33.7125
66680611516408,1788474199763,4.55625,19.125,-34.143753
66680621516408,1788474199773,2.5125,18.806252,-34.631252
66680631516408,1788474199783,0.69375,18.7875,-35.11875
66680641516408,1788474199793,-0.90000004,18.825,-35.268753
66680651516408,1788474199803,-1.7062501,18.712502,-35.4375
66680661516408,1788474199813,-2.9625,19.10625,-34.65
66680671516408,1788474199823,-3.61875,19.06875,-34.74375
66680681516408,1788474199833,-4.4812503,19.10625,-34.65
66680691516408,1788474199843,-4.9875,19.25625,-34.575
66680701516408,1788474199853,-5.45625,19.087502,-34.575
66680711516408,1788474199863,-6.01875,18.7875,-34.331253
66680721516408,1788474199873,-6.3,18.487501,-34.0875
66680731516408,1788474199883,-7.0125003,18.487501,-34.03125
66680741516408,1788474199893,-7.55625,18.09375,-34.10625
66680751516408,1788474199903,-8.212501,17.98125,-33.84375
66680761516408,1788474199913,-8.400001,17.737501,-33.80625
66680771516408,1788474199923,-8.75625,17.38125,-33.75
66680781516408,1788474199933,-9.0375,17.400002,-33.65625
66680791516408,1788474199943,-9.056251,17.4375,-33.7125
66680801516408,1788474199953,-9.39375,17.681252,-33.825
66680811516408,1788474199963,-9.7875,17.925001,-33.6375
66680821516408,1788474199973,-9.9375,18.2625,-33.506252
66680831516408,1788474199983,-9.993751,18.35625,-33.675003
66680841516408,1788474199993,-10.25625,18.300001,-33.65625
66680851516408,1788474200003,-10.40625,18.4125,-33.600002
66680861516408,1788474200013,-10.59375,18.675001,-33.375
66680871516408,1788474200023,-10.837501,18.65625,-33.506252
66680881516408,1788474200033,-10.78125,18.6375,-33.412502
66680891516408,1788474200043,-10.6125,18.28125,-33.393753
66680901516408,1788474200053,-10.6875,18.35625,-33.525
66680911516408,1788474200063,-10.762501,18.243752,-33.506252
66680921516408,1788474200073,-10.575001,18.431252,-33.5625
66680931516408,1788474200083,-10.556251,18.5625,-33.54375
66680941516408,1788474200093,-10.70625,18.431252,-33.73125
66680951516408,1788474200103,-10.462501,18.45,-33.6375
66680961516408,1788474200113,-10.70625,18.525002,-33.675003
66680971516408,1788474200123,-10.762501,18.581251,-33.99375
66680981516408,1788474200133,-10.6125,18.487501,-33.75
66680991516408,1788474200143,-10.462501,18.54375,-33.75
66681001516408,1788474200153,-10.481251,18.75,-33.73125
66681011516408,1788474200163,-10.51875,18.487501,-33.768753
66681021516408,1788474200173,-10.2375,18.431252,-33.7125
66681031516408,1788474200183,-10.5,18.35625,-33.600002
66681041516408,1788474200193,-10.51875,18.112501,-33.65625
66681051516408,1788474200203,-10.5375,18.0375,-33.3375
66681061516408,1788474200213,-10.63125,18.018751,-33.525
66681071516408,1788474200223,-10.875,18.09375,-33.412502
66681081516408,1788474200233,-10.9875,17.8125,-33.318752
66681091516408,1788474200243,-11.043751,18.0375,-33.43125
66681101516408,1788474200253,-11.00625,18.018751,-33.375
66681111516408,1788474200263,-10.9125,18.206251,-33.318752
66681121516408,1788474200273,-10.70625,18.150002,-33.300003
66681131516408,1788474200283,-10.650001,18.431252,-33.300003
66681141516408,1788474200293,-10.59375,18.13125,-33.28125
66681151516408,1788474200303,-10.575001,17.85,-33.35625
66681161516408,1788474200313,-10.668751,17.8875,-33.6375
66681171516408,1788474200323,-10.668751,17.98125,-33.693752
66681181516408,1788474200333,-10.9125,17.868752,-33.862503
66681191516408,1788474200343,-10.89375,17.60625,-33.975002
66681201516408,1788474200353,-11.08125,17.79375,-33.91875
66681211516408,1788474200363,-11.08125,17.5125,-34.10625
66681221516408,1788474200373,-11.118751,17.625,-33.9375
66681231516408,1788474200383,-10.950001,17.831251,-33.956253
66681241516408,1788474200393,-11.0625,17.53125,-33.600002
66681251516408,1788474200403,-11.08125,17.2875,-33.412502
66681261516408,1788474200413,-10.931251,17.306252,-33.6375
66681271516408,1788474200423,-10.89375,17.41875,-33.487503
66681281516408,1788474200433,-10.950001,17.325,-33.6375
66681291516408,1788474200443,-11.00625,17.1375,-33.3375
66681301516408,1788474200453,-10.856251,17.268751,-33.45
66681311516408,1788474200463,-10.856251,17.325,-33.318752
66681321516408,1788474200473,-10.63125,17.60625,-33.35625
66681331516408,1788474200483,-10.6875,17.868752,-33.393753
66681341516408,1788474200493,-10.650001,17.868752,-33.131252
66681351516408,1788474200503,-10.743751,17.831251,-33.225002
66681361516408,1788474200513,-10.650001,17.79375,-33.131252
66681371516408,1788474200523,-10.5375,18.018751,-33.46875
66681381516408,1788474200533,-10.6875,17.831251,-33.5625
66681391516408,1788474200543,-10.81875,17.643751,-33.881252
66681401516408,1788474200553,-10.762501,17.493752,-34.0125
66681411516408,1788474200563,-10.6875,17.34375,-33.975002
66681421516408,1788474200573,-10.743751,17.38125,-33.99375
66681431516408,1788474200583,-10.59375,17.56875,-34.143753
66681441516408,1788474200593,-10.725,17.60625,-34.125
66681451516408,1788474200603,-10.9125,17.456251,-33.80625
66681461516408,1788474200613,-10.6125,17.456251,-33.881252
66681471516408,1788474200623,-10.59375,17.643751,-33.73125
66681481516408,1788474200633,-10.762501,17.737501,-33.65625
66681491516408,1788474200643,-10.837501,17.56875,-33.675003
66681501516408,1788474200653,-10.78125,17.587502,-33.600002
66681511516408,1788474200663,-10.856251,17.41875,-33.61875
66681521516408,1788474200673,-10.743751,17.41875,-33.54375
66681531516408,1788474200683,-10.6875,17.8125,-33.80625
66681541516408,1788474200693,-10.78125,17.85,-33.581253
66681551516408,1788474200703,-10.743751,17.8875,-33.45
66681561516408,1788474200713,-10.668751,17.775002,-33.43125
66681571516408,1788474200723,-10.3125,17.868752,-33.375
66681581516408,1788474200733,-10.2375,18.075,-33.375
66681591516408,1788474200743,-9.993751,18.28125,-33.24375
66681601516408,1788474200753,-9.618751,18.45,-33.487503
66681611516408,1788474200763,-9.525001,18.225,-33.28125
66681621516408,1788474200773,-9.58125,18.31875,-33.318752
66681631516408,1788474200783,-9.65625,18.243752,-33.487503
66681641516408,1788474200793,-9.46875,18.300001,-33.506252
66681651516408,1788474200803,-9.5625,18.35625,-33.3375
66681661516408,1788474200813,-9.7875,18.150002,-33.300003
66681671516408,1788474200823,-10.012501,17.98125,-33.225002
66681681516408,1788474200833,-10.33125,17.79375,-32.8125
66681691516408,1788474200843,-10.3125,17.8125,-32.79375
66681701516408,1788474200853,-10.481251,18.0,-32.86875
66681711516408,1788474200863,-10.387501,17.962502,-32.49375
66681721516408,1788474200873,-10.6875,18.09375,-32.30625
66681731516408,1788474200883,-10.875,18.225,-32.456253
66681741516408,1788474200893,-10.650001,18.31875,-32.475002
66681751516408,1788474200903,-10.556251,18.65625,-32.25
66681761516408,1788474200913,-10.368751,18.806252,-32.30625
66681771516408,1788474200923,-10.200001,18.88125,-32.006252
66681781516408,1788474200933,-10.03125,18.956251,-31.800001
66681791516408,1788474200943,-9.8625,19.181252,-31.81875
66681801516408,1788474200953,-9.69375,19.3125,-31.800001
66681811516408,1788474200963,-9.6,19.40625,-31.556252
66681821516408,1788474200973,-9.88125,19.9125,-31.3875
66681831516408,1788474200983,-9.84375,20.081251,-31.575
66681841516408,1788474200993,-9.918751,20.362501,-31.425001
66681851516408,1788474201003,-9.95625,20.6625,-31.368752
66681861516408,1788474201013,-9.8625,20.775002,-31.275002
66681871516408,1788474201023,-9.88125,20.925001,-31.1625
66681881516408,1788474201033,-10.012501,21.243752,-31.031252
66681891516408,1788474201043,-10.06875,21.300001,-30.825
66681901516408,1788474201053,-9.88125,21.581251,-30.675001
66681911516408,1788474201063,-9.88125,21.581251,-30.337502
66681921516408,1788474201073,-9.9375,21.712502,-30.225
66681931516408,1788474201083,-10.125,21.65625,-30.112501
66681941516408,1788474201093,-10.293751,22.0125,-29.925001
66681951516408,1788474201103,-10.425,22.087502,-29.94375
66681961516408,1788474201113,-10.5,21.73125,-29.681252
66681971516408,1788474201123,-10.556251,21.84375,-29.7
66681981516408,1788474201133,-10.725,21.993752,-29.56875
66681991516408,1788474201143,-10.743751,22.050001,-29.79375
66682001516408,1788474201153,-10.6875,22.1625,-29.868752
66682011516408,1788474201163,-10.875,22.25625,-29.962502
66682021516408,1788474201173,-10.856251,22.087502,-29.8875
66682031516408,1788474201183,-10.668751,22.181252,-29.85
66682041516408,1788474201193,-10.44375,22.59375,-29.94375
66682051516408,1788474201203,-10.481251,22.650002,-29.98125
66682061516408,1788474201213,-10.668751,22.85625,-29.906252
66682071516408,1788474201223,-10.89375,22.893751,-29.737501
66682081516408,1788474201233,-11.025001,22.987501,-29.550001
66682091516408,1788474201243,-10.837501,23.19375,-29.1375
66682101516408,1788474201253,-10.96875,23.1375,-29.025002
66682111516408,1788474201263,-11.175,23.456251,-28.875002
66682121516408,1788474201273,-11.231251,23.5125,-28.7625
66682131516408,1788474201283,-11.0625,23.587502,-28.781252
66682141516408,1788474201293,-10.856251,23.493752,-28.575
66682151516408,1788474201303,-10.481251,23.737501,-28.500002
66682161516408,1788474201313,-10.44375,23.737501,-28.368752
66682171516408,1788474201323,-10.425,23.737501,-28.5375
66682181516408,1788474201333,-10.21875,23.775002,-28.650002
66682191516408,1788474201343,-10.03125,23.7,-28.612501
66682201516408,1788474201353,-9.75,23.85,-28.593752
66682211516408,1788474201363,-9.637501,24.300001,-28.425001
66682221516408,1788474201373,-9.50625,24.375002,-28.556252
66682231516408,1788474201383,-9.675,24.431252,-28.5375
66682241516408,1788474201393,-9.39375,24.6,-28.5375
66682251516408,1788474201403,-9.13125,25.125002,-28.500002
66682261516408,1788474201413,-8.962501,25.593752,-28.331251
66682271516408,1788474201423,-8.7375,25.81875,-28.2
66682281516408,1788474201433,-8.793751,26.212502,-28.10625
66682291516408,1788474201443,-8.90625,26.1375,-27.843752
66682301516408,1788474201453,-8.90625,26.175001,-27.656252
66682311516408,1788474201463,-8.606251,26.306252,-27.6
66682321516408,1788474201473,-8.625,26.531252,-27.54375
66682331516408,1788474201483,-8.53125,26.437502,-27.35625
66682341516408,1788474201493,-8.6625,25.800001,-27.4125
66682351516408,1788474201503,-8.71875,25.7625,-26.94375
66682361516408,1788474201513,-8.6625,25.66875,-26.79375
66682371516408,1788474201523,-8.2875,26.00625,-26.737501
66682381516408,1788474201533,-8.1,26.1,-26.493752
66682391516408,1788474201543,-8.15625,26.212502,-26.1375
66682401516408,1788474201553,-7.9687505,26.306252,-25.781252
66682411516408,1788474201563,-7.8750005,26.437502,-25.725
66682421516408,1788474201573,-7.6687503,26.718752,-25.368752
66682431516408,1788474201583,-7.4812503,26.8875,-25.331251
66682441516408,1788474201593,-7.3875003,26.925001,-25.275002
66682451516408,1788474201603,-7.4625,26.98125,-25.275002
66682461516408,1788474201613,-7.51875,27.13125,-25.237501
66682471516408,1788474201623,-7.3500004,27.300001,-25.125002
66682481516408,1788474201633,-7.18125,27.31875,-25.181252
66682491516408,1788474201643,-7.0687504,27.225,-25.10625
66682501516408,1788474201653,-7.18125,27.243752,-24.91875
66682511516408,1788474201663,-7.0687504,27.525002,-25.125002
66682521516408,1788474201673,-7.0875,27.525002,-25.087502
66682531516408,1788474201683,-7.0125003,27.6375,-25.031252
66682541516408,1788474201693,-7.0125003,27.768751,-25.050001
66682551516408,1788474201703,-6.99375,27.7875,-24.825
66682561516408,1788474201713,-7.1625004,27.843752,-24.825
66682571516408,1788474201723,-7.2562504,27.88125,-24.88125
66682581516408,1788474201733,-7.1062503,27.975,-24.88125
66682591516408,1788474201743,-7.1625004,27.768751,-24.712502
66682601516408,1788474201753,-6.99375,27.7875,-24.69375
66682611516408,1788474201763,-6.8250003,27.712502,-24.54375
66682621516408,1788474201773,-6.6562505,27.750002,-24.468752
66682631516408,1788474201783,-6.5437503,27.73125,-24.750002
66682641516408,1788474201793,-6.43125,27.937502,-24.6
66682651516408,1788474201803,-6.43125,28.087502,-24.4125
66682661516408,1788474201813,-6.43125,28.125002,-24.525002
66682671516408,1788474201823,-6.2625003,28.2,-24.69375
66682681516408,1788474201833,-6.2250004,28.275002,-24.6375
66682691516408,1788474201843,-6.15,28.275002,-24.69375
66682701516408,1788474201853,-6.1312504,28.143751,-24.91875
66682711516408,1788474201863,-6.3,28.425001,-25.0125
66682721516408,1788474201873,-6.20625,28.218752,-24.88125
66682731516408,1788474201883,-6.0375004,28.29375,-24.750002
66682741516408,1788474201893,-5.925,28.06875,-24.525002
66682751516408,1788474201903,-6.1125,27.825,-24.2625
66682761516408,1788474201913,-6.20625,27.975,-24.2625
66682771516408,1788474201923,-6.4125004,27.88125,-24.375002
66682781516408,1788474201933,-6.1687503,28.031252,-24.018751
66682791516408,1788474201943,-5.9625,27.7875,-23.85
66682801516408,1788474201953,-5.9625,27.937502,-24.16875
66682811516408,1788474201963,-6.0375004,27.91875,-24.187502
66682821516408,1788474201973,-6.0750003,28.06875,-24.187502
66682831516408,1788474201983,-6.0750003,28.593752,-24.300001
66682841516408,1788474201993,-5.9625,28.5375,-24.225
66682851516408,1788474202003,-5.86875,28.500002,-23.85
66682861516408,1788474202013,-5.8875003,28.218752,-24.112501
66682871516408,1788474202023,-6.0,28.331251,-24.187502
66682881516408,1788474202033,-6.1125,28.181252,-23.925001
66682891516408,1788474202043,-6.0375004,28.06875,-23.98125
66682901516408,1788474202053,-6.0,28.25625,-24.075
66682911516408,1788474202063,-5.8500004,28.06875,-24.206251
66682921516408,1788474202073,-5.9625,28.087502,-24.187502
66682931516408,1788474202083,-5.8875003,28.25625,-24.35625
66682941516408,1788474202093,-5.9812503,28.518751,-24.206251
66682951516408,1788474202103,-5.90625,28.3875,-24.056252
66682961516408,1788474202113,-5.7000003,28.66875,-24.0
66682971516408,1788474202123,-5.53125,28.81875,-24.13125
66682981516408,1788474202133,-5.2875004,28.9125,-23.90625
66682991516408,1788474202143,-5.30625,28.687502,-23.775002
66683001516408,1788474202153,-5.0437503,28.800001,-23.7
66683011516408,1788474202163,-5.175,28.575,-23.53125
66683021516408,1788474202173,-5.1375003,28.66875,-23.475
66683031516408,1788474202183,-5.0437503,28.7625,-23.475
66683041516408,1788474202193,-5.025,28.518751,-23.53125
66683051516408,1788474202203,-5.175,28.687502,-23.2875
66683061516408,1788474202213,-5.3250003,28.500002,-23.362501
66683071516408,1788474202223,-5.3625,28.706251,-23.23125
66683081516408,1788474202233,-5.4187503,28.66875,-23.268751
66683091516408,1788474202243,-5.25,29.00625,-23.456251
66683101516408,1788474202253,-5.1000004,29.04375,-23.643751
66683111516408,1788474202263,-5.08125,28.968752,-23.681252
66683121516408,1788474202273,-4.93125,29.212502,-23.75625
66683131516408,1788474202283,-4.8562503,28.987501,-24.0
66683141516408,1788474202293,-4.7625003,28.893751,-24.093752
66683151516408,1788474202303,-4.55625,28.95,-24.150002
66683161516408,1788474202313,-4.4437504,28.875002,-24.35625
66683171516408,1788474202323,-4.4437504,28.725,-24.300001
66683181516408,1788474202333,-4.5375004,28.556252,-24.187502
66683191516408,1788474202343,-4.3875003,28.518751,-24.225
66683201516408,1788474202353,-4.40625,28.218752,-24.243752
66683211516408,1788474202363,-4.275,28.29375,-24.112501
66683221516408,1788474202373,-4.125,28.3875,-24.056252
66683231516408,1788474202383,-4.05,28.2,-24.206251
66683241516408,1788474202393,-4.05,28.10625,-24.393751
66683251516408,1788474202403,-3.80625,28.125002,-24.7875
66683261516408,1788474202413,-3.525,28.10625,-24.843752
66683271516408,1788474202423,-3.45,28.143751,-25.0125
66683281516408,1788474202433,-3.2250001,28.1625,-25.218752
66683291516408,1788474202443,-3.2062502,28.237501,-25.35
66683301516408,1788474202453,-3.2625,28.181252,-25.593752
66683311516408,1788474202463,-3.2250001,28.312502,-25.706251
66683321516408,1788474202473,-2.9625,28.35,-25.593752
66683331516408,1788474202483,-2.9437501,28.462502,-25.425001
66683341516408,1788474202493,-3.0,28.743752,-25.500002
66683351516408,1788474202503,-2.8875,28.85625,-25.406252
66683361516408,1788474202513,-2.86875,28.875002,-25.312502
66683371516408,1788474202523,-2.775,28.743752,-25.368752
66683381516408,1788474202533,-2.71875,28.706251,-25.2
66683391516408,1788474202543,-2.8500001,28.518751,-25.087502
66683401516408,1788474202553,-2.8312502,28.406252,-24.937502
66683411516408,1788474202563,-2.9625,28.087502,-24.88125
66683421516408,1788474202573,-2.98125,27.69375,-24.750002
66683431516408,1788474202583,-3.1312501,27.750002,-24.69375
66683441516408,1788474202593,-3.1312501,27.750002,-24.562502
66683451516408,1788474202603,-3.2062502,27.750002,-24.45
66683461516408,1788474202613,-3.15,27.69375,-24.562502
66683471516408,1788474202623,-3.0187502,27.806252,-24.431252
66683481516408,1788474202633,-3.3000002,27.73125,-24.468752
66683491516408,1788474202643,-3.2812502,27.956251,-24.581251
66683501516408,1788474202653,-3.3187501,27.956251,-24.675001
66683511516408,1788474202663,-3.2812502,27.825,-24.750002
66683521516408,1788474202673,-3.4687502,28.087502,-24.993752
66683531516408,1788474202683,-3.24375,28.06875,-25.29375
66683541516408,1788474202693,-3.2250001,28.218752,-25.5375
66683551516408,1788474202703,-3.2625,28.29375,-25.800001
66683561516408,1788474202713,-3.0187502,28.406252,-25.893751
66683571516408,1788474202723,-3.0,28.331251,-25.9125
66683581516408,1788474202733,-2.98125,28.48125,-26.1
66683591516408,1788474202743,-2.8875,28.44375,-26.2875
66683601516408,1788474202753,-2.8500001,27.993752,-26.250002
66683611516408,1788474202763,-2.79375,27.73125,-26.062502
66683621516408,1788474202773,-2.7562501,27.562502,-25.85625
66683631516408,1788474202783,-2.53125,27.31875,-25.743752
66683641516408,1788474202793,-2.6625001,27.187502,-25.7625
66683651516408,1788474202803,-2.5500002,27.281252,-25.63125
66683661516408,1788474202813,-2.49375,27.187502,-25.462502
66683671516408,1788474202823,-2.6437502,27.187502,-25.25625
66683681516408,1788474202833,-2.53125,27.431252,-25.181252
66683691516408,1788474202843,-2.68125,27.525002,-25.181252
66683701516408,1788474202853,-2.49375,27.525002,-25.125002
66683711516408,1788474202863,-2.625,27.69375,-25.368752
66683721516408,1788474202873,-2.60625,27.675001,-25.3875
66683731516408,1788474202883,-2.49375,27.4125,-25.593752
66683741516408,1788474202893,-2.5875,27.31875,-25.743752
66683751516408,1788474202903,-2.49375,27.16875,-25.893751
66683761516408,1788474202913,-2.5125,27.056252,-25.875002
66683771516408,1788474202923,-2.6437502,27.225,-25.837502
66683781516408,1788474202933,-2.79375,27.35625,-25.743752
66683791516408,1788474202943,-2.98125,27.431252,-25.612501
66683801516408,1788474202953,-2.9625,27.50625,-25.462502
66683811516408,1788474202963,-2.8875,27.618752,-25.29375
66683821516408,1788474202973,-3.0,27.73125,-25.1625
66683831516408,1788474202983,-2.90625,27.88125,-25.1625
66683841516408,1788474202993,-3.0375001,27.88125,-25.312502
66683851516408,1788474203003,-2.79375,27.900002,-25.35
66683861516408,1788474203013,-2.90625,27.825,-25.425001
66683871516408,1788474203023,-2.775,27.73125,-25.368752
66683881516408,1788474203033,-2.7,27.7875,-25.3875
66683891516408,1788474203043,-2.8500001,27.91875,-25.500002
66683901516408,1788474203053,-2.6625001,28.125002,-25.593752
66683911516408,1788474203063,-2.6437502,28.050001,-25.44375
66683921516408,1788474203073,-2.5875,28.050001,-25.275002
66683931516408,1788474203083,-2.6625001,28.06875,-25.5375
66683941516408,1788474203093,-2.41875,27.975,-25.85625
66683951516408,1788474203103,-2.34375,27.91875,-25.893751
66683961516408,1788474203113,-2.23125,27.956251,-26.062502
66683971516408,1788474203123,-2.2687502,27.712502,-25.968752
66683981516408,1788474203133,-2.1375,27.487501,-25.875002
66683991516408,1788474203143,-2.1750002,27.487501,-26.325
66684001516408,1788474203153,-2.04375,27.618752,-26.38125
66684011516408,1788474203163,-2.0625,27.431252,-26.1
66684021516408,1788474203173,-2.2687502,27.431252,-25.931252
66684031516408,1788474203183,-2.1937501,27.431252,-25.931252
66684041516408,1788474203193,-2.49375,27.300001,-26.04375
66684051516408,1788474203203,-2.2875001,27.31875,-25.893751
66684061516408,1788474203213,-2.25,27.525002,-25.968752
66684071516408,1788474203223,-2.325,27.50625,-25.7625
66684081516408,1788474203233,-2.5125,27.150002,-25.81875
66684091516408,1788474203243,-2.71875,27.112501,-25.931252
66684101516408,1788474203253,-2.79375,27.16875,-25.800001
66684111516408,1788474203263,-2.79375,27.16875,-25.987501
66684121516408,1788474203273,-2.7375002,27.056252,-25.725
66684131516408,1788474203283,-2.9437501,27.056252,-25.85625
66684141516408,1788474203293,-2.8875,26.98125,-25.875002
66684151516408,1788474203303,-2.8125,26.812502,-25.7625
66684161516408,1788474203313,-2.7562501,27.16875,-25.875002
66684171516408,1788474203323,-2.5875,27.375002,-25.85625
66684181516408,1788474203333,-2.4375,27.225,-25.931252
66684191516408,1788474203343,-2.5687501,27.112501,-25.893751
66684201516408,1788474203353,-2.4375,27.2625,-26.156252
66684211516408,1788474203363,-2.3812501,27.375002,-26.175001
66684221516408,1788474203373,-2.625,27.150002,-26.212502
66684231516408,1788474203383,-2.60625,27.225,-26.437502
66684241516408,1788474203393,-2.5875,26.906252,-26.343752
66684251516408,1788474203403,-2.625,26.831251,-26.362501
66684261516408,1788474203413,-2.71875,26.98125,-26.268751
66684271516408,1788474203423,-2.7562501,26.8875,-26.268751
66684281516408,1788474203433,-2.5875,26.812502,-26.00625
66684291516408,1788474203443,-2.5500002,26.531252,-26.00625
66684301516408,1788474203453,-2.49375,26.625002,-25.9125
66684311516408,1788474203463,-2.4375,26.493752,-25.81875
66684321516408,1788474203473,-2.30625,26.681252,-25.968752
66684331516408,1788474203483,-2.04375,26.643751,-26.19375
66684341516408,1788474203493,-1.8000001,26.550001,-26.38125
66684351516408,1788474203503,-1.8750001,26.56875,-26.23125
66684361516408,1788474203513,-1.8750001,26.60625,-26.268751
66684371516408,1788474203523,-1.8750001,26.8875,-26.325
66684381516408,1788474203533,-1.8375001,27.075,-26.268751
66684391516408,1788474203543,-1.8937501,27.6,-26.362501
66684401516408,1788474203553,-1.7437501,27.768751,-26.362501
66684411516408,1788474203563,-1.85625,27.7875,-26.268751
66684421516408,1788474203573,-2.2875001,27.956251,-26.2875
66684431516408,1788474203583,-1.95,27.975,-26.493752
66684441516408,1788474203593,-2.15625,27.91875,-26.56875
66684451516408,1788474203603,-2.04375,27.900002,-26.643751
66684461516408,1788474203613,-2.0812502,27.900002,-26.8875
66684471516408,1788474203623,-2.0062501,27.45,-26.737501
66684481516408,1788474203633,-2.25,27.243752,-26.531252
66684491516408,1788474203643,-2.30625,27.206251,-26.250002
66684501516408,1788474203653,-2.0062501,27.13125,-26.175001
66684511516408,1788474203663,-2.25,27.225,-25.987501
66684521516408,1788474203673,-2.1937501,27.093752,-26.062502
66684531516408,1788474203683,-2.5687501,26.94375,-25.893751
66684541516408,1788474203693,-2.7375002,26.643751,-25.781252
66684551516408,1788474203703,-2.9250002,26.625002,-25.781252
66684561516408,1788474203713,-2.7562501,26.812502,-25.95
66684571516408,1788474203723,-2.60625,26.85,-26.19375
66684581516408,1788474203733,-2.6437502,26.6625,-26.062502
66684591516408,1788474203743,-2.6625001,26.737501,-26.212502
66684601516408,1788474203753,-2.7,27.018751,-26.062502
66684611516408,1788474203763,-2.49375,27.225,-26.19375
66684621516408,1788474203773,-2.2687502,27.468752,-26.156252
66684631516408,1788474203783,-2.04375,27.431252,-26.062502
66684641516408,1788474203793,-1.9687501,27.300001,-26.118752
66684651516408,1788474203803,-2.25,27.075,-26.118752
66684661516408,1788474203813,-2.1750002,27.093752,-26.1375
66684671516408,1788474203823,-2.0062501,27.112501,-26.081251
66684681516408,1788474203833,-1.81875,26.925001,-26.118752
66684691516408,1788474203843,-1.8750001,26.94375,-25.968752
66684701516408,1788474203853,-1.9687501,27.000002,-25.85625
66684711516408,1788474203863,-2.11875,27.243752,-26.00625
66684721516408,1788474203873,-2.325,27.16875,-25.893751
66684731516408,1788474203883,-2.2687502,27.4125,-25.85625
66684741516408,1788474203893,-2.23125,27.675001,-25.968752
66684751516408,1788474203903,-2.325,27.54375,-25.968752
66684761516408,1788474203913,-2.5500002,27.6,-26.062502
66684771516408,1788474203923,-2.71875,27.187502,-26.1
66684781516408,1788474203933,-2.6625001,27.0375,-26.04375
66684791516408,1788474203943,-2.6437502,26.868752,-25.837502
66684801516408,1788474203953,-2.5500002,27.000002,-25.650002
66684811516408,1788474203963,-2.4562502,26.812502,-25.650002
66684821516408,1788474203973,-2.5500002,26.75625,-25.3875
66684831516408,1788474203983,-2.41875,26.75625,-25.050001
66684841516408,1788474203993,-2.5687501,26.868752,-25.087502
66684851516408,1788474204003,-2.25,27.206251,-25.050001
66684861516408,1788474204013,-2.23125,27.150002,-25.35
66684871516408,1788474204023,-2.41875,27.4125,-25.556252
66684881516408,1788474204033,-2.5125,27.375002,-25.743752
66684891516408,1788474204043,-2.4375,27.35625,-25.687502
66684901516408,1788474204053,-2.34375,27.300001,-25.9125
66684911516408,1788474204063,-2.41875,27.35625,-26.268751
66684921516408,1788474204073,-2.2875001,27.431252,-26.19375
66684931516408,1788474204083,-2.325,27.431252,-26.400002
66684941516408,1788474204093,-2.1937501,27.45,-26.362501
66684951516408,1788474204103,-2.1000001,27.45,-26.268751
66684961516408,1788474204113,-2.1375,27.375002,-26.062502
66684971516408,1788474204123,-2.30625,27.54375,-25.968752
66684981516408,1788474204133,-2.4,27.54375,-26.1
66684991516408,1788474204143,-2.4,27.54375,-26.00625
66685001516408,1788474204153,-2.325,27.468752,-25.85625
66685011516408,1788474204163,-2.4562502,27.4125,-25.556252
66685021516408,1788474204173,-2.6625001,27.4125,-25.518751
66685031516408,1788474204183,-2.3812501,27.35625,-25.593752
66685041516408,1788474204193,-2.3812501,27.2625,-25.687502
66685051516408,1788474204203,-2.325,27.13125,-25.687502
66685061516408,1788474204213,-2.25,27.187502,-25.66875
66685071516408,1788474204223,-2.49375,27.2625,-25.593752
66685081516408,1788474204233,-2.5125,27.056252,-25.743752
66685091516408,1788474204243,-2.4750001,27.056252,-25.706251
66685101516408,1788474204253,-2.49375,27.2625,-25.63125
66685111516408,1788474204263,-2.7562501,27.13125,-25.593752
66685121516408,1788474204273,-2.5125,27.243752,-25.781252
66685131516408,1788474204283,-2.5687501,27.187502,-25.9125
66685141516408,1788474204293,-2.7562501,27.0375,-25.63125
66685151516408,1788474204303,-2.71875,27.16875,-25.575
66685161516408,1788474204313,-2.625,27.35625,-25.63125
66685171516408,1788474204323,-2.5687501,27.45,-25.85625
66685181516408,1788474204333,-2.6625001,27.2625,-26.00625
66685191516408,1788474204343,-2.4375,27.35625,-26.00625
66685201516408,1788474204353,-2.68125,27.375002,-25.893751
66685211516408,1788474204363,-2.71875,27.525002,-25.85625
66685221516408,1788474204373,-2.71875,27.562502,-26.156252
66685231516408,1788474204383,-2.5125,27.45,-26.212502
66685241516408,1788474204393,-2.6625001,27.243752,-25.9125
66685251516408,1788474204403,-2.7562501,27.075,-26.025002
66685261516408,1788474204413,-2.7,26.962502,-26.1
66685271516408,1788474204423,-2.8312502,26.812502,-25.893751
66685281516408,1788474204433,-2.5687501,26.681252,-25.9125
66685291516408,1788474204443,-2.4375,26.775002,-25.9125
66685301516408,1788474204453,-2.4,26.775002,-25.9125
66685311516408,1788474204463,-2.2687502,26.868752,-26.1
66685321516408,1788474204473,-2.2687502,27.056252,-26.23125
66685331516408,1788474204483,-2.1937501,27.0375,-26.025002
66685341516408,1788474204493,-2.0062501,27.16875,-25.7625
66685351516408,1788474204503,-2.0062501,27.16875,-25.85625
66685361516408,1788474204513,-2.2687502,27.206251,-25.66875
66685371516408,1788474204523,-2.1750002,27.13125,-25.781252
66685381516408,1788474204533,-2.1937501,27.150002,-25.556252
66685391516408,1788474204543,-2.4,27.093752,-25.368752
66685401516408,1788474204553,-2.34375,27.13125,-25.425001
66685411516408,1788474204563,-2.325,27.393751,-25.63125
66685421516408,1788474204573,-2.2687502,27.54375,-25.687502
66685431516408,1788474204583,-2.2687502,27.6,-25.781252
66685441516408,1788474204593,-2.1000001,27.825,-25.7625
66685451516408,1788474204603,-2.04375,27.825,-25.7625
66685461516408,1788474204613,-1.8750001,27.956251,-25.781252
66685471516408,1788474204623,-1.7812501,27.91875,-25.781252
66685481516408,1788474204633,-1.7437501,27.7875,-25.725
66685491516408,1788474204643,-1.6500001,27.562502,-25.518751
66685501516408,1788474204653,-1.725,27.487501,-25.5375
66685511516408,1788474204663,-1.5562501,27.618752,-25.556252
66685521516408,1788474204673,-1.5937501,27.431252,-25.706251
66685531516408,1788474204683,-1.7812501,27.45,-25.612501
66685541516408,1788474204693,-1.9312501,27.300001,-25.837502
66685551516408,1788474204703,-1.9687501,27.206251,-26.025002
66685561516408,1788474204713,-1.9875001,27.4125,-25.968752
66685571516408,1788474204723,-2.0062501,27.393751,-26.1375
66685581516408,1788474204733,-2.04375,27.150002,-26.2875
66685591516408,1788474204743,-2.1000001,27.281252,-26.306252
66685601516408,1788474204753,-2.25,27.468752,-26.212502
66685611516408,1788474204763,-2.1937501,27.6,-26.156252
66685621516408,1788474204773,-1.9687501,27.843752,-26.1375
66685631516408,1788474204783,-1.8750001,28.031252,-26.156252
66685641516408,1788474204793,-1.8000001,28.0125,-26.362501
66685651516408,1788474204803,-1.81875,28.031252,-26.2875
66685661516408,1788474204813,-1.8375001,28.1625,-26.118752
66685671516408,1788474204823,-1.8750001,28.031252,-26.156252
66685681516408,1788474204833,-1.85625,27.806252,-26.175001
66685691516408,1788474204843,-1.8750001,27.6375,-26.41875
66685701516408,1788474204853,-2.0625,27.243752,-26.212502
66685711516408,1788474204863,-2.30625,27.056252,-26.306252
66685721516408,1788474204873,-2.4,26.906252,-26.343752
66685731516408,1788474204883,-2.49375,27.0375,-26.343752
66685741516408,1788474204893,-2.4750001,27.056252,-26.325
66685751516408,1788474204903,-2.5125,26.925001,-26.212502
66685761516408,1788474204913,-2.5500002,27.018751,-26.325
66685771516408,1788474204923,-2.6437502,26.775002,-26.156252
66685781516408,1788474204933,-2.6437502,26.962502,-26.400002
66685791516408,1788474204943,-2.5875,27.056252,-26.156252
66685801516408,1788474204953,-2.6437502,27.056252,-26.025002
66685811516408,1788474204963,-2.625,27.13125,-25.95
66685821516408,1788474204973,-2.41875,27.300001,-25.95
66685831516408,1788474204983,-2.49375,27.393751,-25.931252
66685841516408,1788474204993,-2.5125,27.2625,-25.837502
66685851516408,1788474205003,-2.30625,27.73125,-25.85625
66685861516408,1788474205013,-2.3812501,27.6,-25.575
66685871516408,1788474205023,-2.3625002,27.487501,-25.556252
66685881516408,1788474205033,-2.15625,27.337502,-25.650002
66685891516408,1788474205043,-2.04375,27.31875,-25.81875
66685901516408,1788474205053,-2.15625,27.093752,-25.968752
66685911516408,1788474205063,-2.1375,27.2625,-26.175001
66685921516408,1788474205073,-1.8937501,27.281252,-26.268751
66685931516408,1788474205083,-1.9312501,26.925001,-26.2875
66685941516408,1788474205093,-1.9312501,27.150002,-26.493752
66685951516408,1788474205103,-1.95,27.35625,-26.681252
66685961516408,1788474205113,-1.9312501,27.656252,-26.60625
66685971516408,1788474205123,-2.1375,27.468752,-26.38125
66685981516408,1788474205133,-2.11875,27.54375,-26.41875
66685991516408,1788474205143,-2.1750002,27.337502,-26.175001
66686001516408,1788474205153,-2.2875001,27.4125,-26.175001
66686011516408,1788474205163,-2.1000001,27.431252,-26.268751
66686021516408,1788474205173,-1.95,27.35625,-26.1
66686031516408,1788474205183,-1.85625,27.093752,-25.875002
66686041516408,1788474205193,-2.1937501,27.018751,-25.9125
66686051516408,1788474205203,-2.1937501,27.16875,-26.1
66686061516408,1788474205213,-2.30625,27.093752,-26.025002
66686071516408,1788474205223,-2.2125,27.000002,-25.987501
66686081516408,1788474205233,-2.3625002,27.093752,-26.00625
66686091516408,1788474205243,-2.68125,27.31875,-25.7625
66686101516408,1788474205253,-2.8312502,27.150002,-25.987501
66686111516408,1788474205263,-2.90625,27.16875,-26.23125
66686121516408,1788474205273,-2.8125,27.13125,-26.325
66686131516408,1788474205283,-2.71875,26.98125,-26.118752
66686141516408,1788474205293,-2.5687501,27.13125,-26.025002
66686151516408,1788474205303,-2.60625,27.300001,-26.1
66686161516408,1788474205313,-2.4375,27.206251,-26.118752
66686171516408,1788474205323,-2.34375,27.13125,-26.212502
66686181516408,1788474205333,-2.325,27.225,-26.04375
66686191516408,1788474205343,-2.4,27.50625,-25.81875
66686201516408,1788474205353,-2.23125,27.581251,-25.800001
66686211516408,1788474205363,-2.325,27.487501,-25.931252
66686221516408,1788474205373,-2.5687501,27.50625,-25.781252
66686231516408,1788474205383,-2.60625,27.6375,-25.9125
66686241516408,1788474205393,-2.9625,27.900002,-25.66875
66686251516408,1788474205403,-2.8875,27.825,-25.875002
66686261516408,1788474205413,-2.90625,27.862501,-25.7625
66686271516408,1788474205423,-2.7562501,27.675001,-25.875002
66686281516408,1788474205433,-2.86875,27.6,-25.893751
66686291516408,1788474205443,-2.775,27.50625,-25.7625
66686301516408,1788474205453,-2.775,27.468752,-26.025002
66686311516408,1788474205463,-2.71875,27.468752,-26.025002
66686321516408,1788474205473,-2.41875,27.112501,-26.23125
66686331516408,1788474205483,-2.71875,27.0375,-26.1375
66686341516408,1788474205493,-2.625,26.94375,-26.175001
66686351516408,1788474205503,-2.5875,27.075,-26.081251
66686361516408,1788474205513,-2.8500001,27.150002,-26.081251
66686371516408,1788474205523,-2.8312502,27.31875,-26.19375
66686381516408,1788474205533,-2.8125,27.393751,-26.175001
66686391516408,1788474205543,-2.8312502,27.225,-26.00625
66686401516408,1788474205553,-2.5875,27.4125,-25.9125
66686411516408,1788474205563,-2.5125,27.468752,-25.800001
66686421516408,1788474205573,-2.49375,27.525002,-25.931252
66686431516408,1788474205583,-2.68125,27.468752,-25.95
66686441516408,1788474205593,-2.5875,27.468752,-25.7625
66686451516408,1788474205603,-2.625,27.712502,-25.800001
66686461516408,1788474205613,-2.6437502,27.675001,-25.63125
66686471516408,1788474205623,-2.34375,27.656252,-25.66875
66686481516408,1788474205633,-2.71875,27.35625,-25.781252
66686491516408,1788474205643,-2.53125,27.487501,-25.687502
66686501516408,1788474205653,-2.5875,27.300001,-25.593752
66686511516408,1788474205663,-2.5125,27.075,-25.593752
66686521516408,1788474205673,-2.2125,26.925001,-25.63125
66686531516408,1788474205683,-2.325,26.775002,-25.66875
66686541516408,1788474205693,-2.325,26.643751,-25.650002
66686551516408,1788474205703,-2.5500002,26.681252,-25.837502
66686561516408,1788474205713,-2.3625002,26.925001,-25.837502
66686571516408,1788474205723,-2.625,26.625002,-25.9125
66686581516408,1788474205733,-2.4750001,26.775002,-26.19375
66686591516408,1788474205743,-2.1375,26.98125,-26.175001
66686601516408,1788474205753,-2.30625,27.093752,-26.23125
66686611516408,1788474205763,-2.15625,27.075,-26.250002
66686621516408,1788474205773,-2.0062501,27.13125,-26.343752
66686631516408,1788474205783,-1.9687501,27.093752,-26.04375
66686641516408,1788474205793,-2.1000001,27.056252,-25.875002
66686651516408,1788474205803,-1.9687501,27.375002,-26.00625
66686661516408,1788474205813,-1.8937501,27.45,-25.95
66686671516408,1788474205823,-2.0062501,27.337502,-26.118752
66686681516408,1788474205833,-1.85625,27.225,-26.175001
66686691516408,1788474205843,-1.81875,27.206251,-26.00625
66686701516408,1788474205853,-1.7062501,27.375002,-25.893751
66686711516408,1788474205863,-1.8000001,27.375002,-26.04375
66686721516408,1788474205873,-1.8375001,27.375002,-26.1375
66686731516408,1788474205883,-1.8375001,27.187502,-26.1
66686741516408,1788474205893,-2.0812502,27.112501,-25.9125
66686751516408,1788474205903,-2.2687502,27.431252,-25.7625
66686761516408,1788474205913,-2.1937501,27.4125,-25.743752
66686771516408,1788474205923,-2.23125,27.45,-25.837502
66686781516408,1788474205933,-2.15625,27.468752,-25.875002
66686791516408,1788474205943,-1.9312501,27.562502,-26.1
66686801516408,1788474205953,-1.6875001,27.487501,-26.268751
66686811516408,1788474205963,-1.44375,27.54375,-26.118752
66686821516408,1788474205973,-1.29375,27.525002,-26.250002
66686831516408,1788474205983,-1.125,27.206251,-26.400002
66686841516408,1788474205993,-1.3687501,27.487501,-26.325
66686851516408,1788474206003,-1.3875,27.562502,-26.306252
66686861516408,1788474206013,-1.7437501,27.525002,-26.19375
66686871516408,1788474206023,-2.0625,27.45,-25.987501
66686881516408,1788474206033,-2.3625002,27.562502,-25.9125
66686891516408,1788474206043,-2.6625001,27.562502,-25.781252
66686901516408,1788474206053,-2.7562501,27.656252,-25.687502
66686911516408,1788474206063,-2.86875,27.806252,-25.612501
66686921516408,1788474206073,-2.79375,27.54375,-25.837502
66686931516408,1788474206083,-2.86875,27.6375,-25.7625
66686941516408,1788474206093,-2.7562501,27.581251,-25.968752
66686951516408,1788474206103,-2.625,27.393751,-26.025002
66686961516408,1788474206113,-2.4562502,27.337502,-26.118752
66686971516408,1788474206123,-2.2687502,27.487501,-26.212502
66686981516408,1788474206133,-2.1937501,27.45,-26.493752
66686991516408,1788474206143,-2.4,27.35625,-26.5125
66687001516408,1788474206153,-2.4750001,27.393751,-26.41875
66687011516408,1788474206163,-2.5125,27.225,-26.400002
66687021516408,1788474206173,-2.60625,27.16875,-26.400002
66687031516408,1788474206183,-2.86875,27.337502,-26.325
66687041516408,1788474206193,-3.1125002,27.31875,-26.23125
66687051516408,1788474206203,-3.2062502,27.31875,-26.23125
66687061516408,1788474206213,-3.3375,27.243752,-26.062502
66687071516408,1788474206223,-3.15,27.487501,-26.250002
66687081516408,1788474206233,-3.1312501,27.281252,-26.23125
66687091516408,1788474206243,-2.9437501,27.075,-26.456251
66687101516408,1788474206253,-2.7375002,27.393751,-26.625002
66687111516408,1788474206263,-2.4562502,27.487501,-26.587502
66687121516408,1788474206273,-2.2875001,27.35625,-26.531252
66687131516408,1788474206283,-2.5125,27.2625,-26.60625
66687141516408,1788474206293,-2.41875,27.487501,-26.587502
66687151516408,1788474206303,-2.53125,27.243752,-26.625002
66687161516408,1788474206313,-2.1937501,27.4125,-26.587502
66687171516408,1788474206323,-2.23125,27.7875,-26.493752
66687181516408,1788474206333,-2.3812501,27.487501,-26.625002
66687191516408,1788474206343,-2.1750002,27.225,-26.643751
66687201516408,1788474206353,-2.2125,27.375002,-26.7
66687211516408,1788474206363,-2.11875,27.31875,-26.737501
66687221516408,1788474206373,-2.23125,27.187502,-26.718752
66687231516408,1788474206383,-1.9125,27.13125,-26.5125
66687241516408,1788474206393,-2.23125,27.2625,-26.56875
66687251516408,1788474206403,-2.1937501,26.962502,-26.643751
66687261516408,1788474206413,-2.1937501,27.018751,-26.362501
66687271516408,1788474206423,-2.53125,27.056252,-26.493752
66687281516408,1788474206433,-2.60625,26.94375,-26.475
66687291516408,1788474206443,-2.4375,27.112501,-26.41875
66687301516408,1788474206453,-2.325,27.075,-26.400002
66687311516408,1788474206463,-2.6625001,27.206251,-26.456251
66687321516408,1788474206473,-2.5875,27.150002,-26.400002
66687331516408,1788474206483,-2.6437502,27.35625,-26.38125
66687341516408,1788474206493,-2.6625001,27.281252,-26.250002
66687351516408,1788474206503,-2.68125,27.281252,-25.95
66687361516408,1788474206513,-2.41875,27.54375,-25.893751
66687371516408,1788474206523,-2.3625002,27.337502,-25.85625
66687381516408,1788474206533,-2.4750001,27.431252,-25.837502
66687391516408,1788474206543,-2.49375,27.4125,-25.81875
66687401516408,1788474206553,-2.4,27.4125,-25.63125
66687411516408,1788474206563,-2.41875,27.31875,-25.63125
66687421516408,1788474206573,-2.15625,27.31875,-25.7625
66687431516408,1788474206583,-2.11875,27.281252,-25.9125
66687441516408,1788474206593,-2.0062501,27.075,-25.931252
66687451516408,1788474206603,-2.1750002,27.281252,-26.062502
66687461516408,1788474206613,-2.23125,27.281252,-25.968752
66687471516408,1788474206623,-2.23125,27.4125,-26.062502
66687481516408,1788474206633,-2.325,27.50625,-26.212502
66687491516408,1788474206643,-2.325,27.4125,-26.156252
66687501516408,1788474206653,-2.5875,27.337502,-26.081251
66687511516408,1788474206663,-2.34375,27.431252,-25.9125
66687521516408,1788474206673,-2.4562502,27.6,-25.893751
66687531516408,1788474206683,-2.23125,27.581251,-25.9125
66687541516408,1788474206693,-1.8000001,27.712502,-25.875002
66687551516408,1788474206703,-1.8375001,27.6,-25.706251
66687561516408,1788474206713,-1.9125,27.337502,-25.687502
66687571516408,1788474206723,-1.8750001,27.431252,-25.687502
66687581516408,1788474206733,-1.9312501,27.487501,-25.63125
66687591516408,1788474206743,-2.1750002,27.4125,-25.81875
66687601516408,1788474206753,-2.23125,27.337502,-26.04375
66687611516408,1788474206763,-2.3625002,27.112501,-26.118752
66687621516408,1788474206773,-2.7375002,27.056252,-26.250002
66687631516408,1788474206783,-2.4375,27.056252,-26.268751
66687641516408,1788474206793,-2.2687502,27.093752,-26.250002
66687651516408,1788474206803,-2.2687502,27.281252,-26.250002
66687661516408,1788474206813,-2.1937501,27.150002,-26.268751
66687671516408,1788474206823,-1.95,27.13125,-26.212502
66687681516408,1788474206833,-1.8750001,27.300001,-26.19375
66687691516408,1788474206843,-1.95,27.300001,-25.931252
66687701516408,1788474206853,-1.8750001,27.281252,-25.9125
66687711516408,1788474206863,-1.95,27.018751,-25.931252
66687721516408,1788474206873,-1.85625,27.206251,-25.743752
66687731516408,1788474206883,-1.66875,26.94375,-25.575
66687741516408,1788474206893,-1.5187501,27.093752,-25.63125
66687751516408,1788474206903,-1.7437501,27.187502,-25.593752
66687761516408,1788474206913,-1.6875001,27.2625,-25.500002
66687771516408,1788474206923,-1.5375,27.31875,-25.725
66687781516408,1788474206933,-1.66875,27.281252,-25.462502
66687791516408,1788474206943,-1.5937501,27.69375,-25.35
66687801516408,1788474206953,-1.7812501,27.468752,-25.575
66687811516408,1788474206963,-2.1000001,27.6375,-25.575
66687821516408,1788474206973,-2.3625002,27.618752,-25.44375
66687831516408,1788474206983,-2.2125,27.618752,-25.368752
66687841516408,1788474206993,-2.4750001,27.375002,-25.331251
66687851516408,1788474207003,-2.625,27.525002,-25.10625
66687861516408,1788474207013,-2.4750001,27.375002,-25.10625
66687871516408,1788474207023,-2.49375,27.13125,-25.10625
66687881516408,1788474207033,-2.25,27.337502,-25.1625
66687891516408,1788474207043,-2.1375,27.4125,-25.48125
66687901516408,1788474207053,-2.025,27.487501,-25.5375
66687911516408,1788474207063,-2.0062501,27.54375,-25.687502
66687921516408,1788474207073,-1.81875,27.712502,-25.425001
66687931516408,1788474207083,-1.8937501,27.54375,-25.63125
66687941516408,1788474207093,-1.8937501,27.6375,-25.95
66687951516408,1788474207103,-2.11875,27.618752,-25.95
66687961516408,1788474207113,-2.5125,27.54375,-25.85625
66687971516408,1788474207123,-2.71875,27.4125,-25.48125
66687981516408,1788474207133,-2.7375002,27.300001,-25.368752
66687991516408,1788474207143,-2.775,27.093752,-25.406252
66688001516408,1788474207153,-2.7562501,26.8875,-25.612501
66688011516408,1788474207163,-2.6625001,26.94375,-25.575
66688021516408,1788474207173,-2.90625,26.906252,-25.5375
66688031516408,1788474207183,-2.8125,27.000002,-25.406252
66688041516408,1788474207193,-2.775,27.0375,-25.518751
66688051516408,1788474207203,-2.7375002,27.093752,-25.706251
66688061516408,1788474207213,-2.71875,27.243752,-26.04375
66688071516408,1788474207223,-2.90625,27.393751,-26.1375
66688081516408,1788474207233,-2.98125,27.375002,-26.212502
66688091516408,1788474207243,-2.8875,27.31875,-26.118752
66688101516408,1788474207253,-2.9250002,27.45,-25.968752
66688111516408,1788474207263,-2.90625,27.187502,-26.118752
66688121516408,1788474207273,-2.8125,27.056252,-25.95
66688131516408,1788474207283,-2.68125,26.812502,-26.062502
66688141516408,1788474207293,-2.68125,26.718752,-26.00625
66688151516408,1788474207303,-2.7562501,26.681252,-25.800001
66688161516408,1788474207313,-2.7375002,26.925001,-25.781252
66688171516408,1788474207323,-2.8875,26.8875,-26.00625
66688181516408,1788474207333,-2.5875,26.79375,-25.85625
66688191516408,1788474207343,-2.49375,27.0375,-25.9125
66688201516408,1788474207353,-2.7375002,27.112501,-25.968752
66688211516408,1788474207363,-2.53125,27.375002,-25.837502
66688221516408,1788474207373,-2.775,27.393751,-25.706251
66688231516408,1788474207383,-2.4375,27.375002,-25.781252
66688241516408,1788474207393,-2.4750001,27.300001,-25.518751
66688251516408,1788474207403,-2.3625002,27.31875,-25.181252
66688261516408,1788474207413,-2.34375,27.300001,-25.25625
66688271516408,1788474207423,-2.53125,27.187502,-25.06875
66688281516408,1788474207433,-2.2875001,27.112501,-24.975
66688291516408,1788474207443,-2.5500002,27.018751,-25.031252
66688301516408,1788474207453,-2.2687502,27.13125,-25.031252
66688311516408,1788474207463,-2.41875,27.13125,-25.275002
66688321516408,1788474207473,-2.2687502,27.0375,-25.462502
66688331516408,1788474207483,-2.23125,27.056252,-25.612501
66688341516408,1788474207493,-2.0812502,27.018751,-25.85625
66688351516408,1788474207503,-2.15625,27.225,-26.062502
66688361516408,1788474207513,-2.1375,27.487501,-25.987501
66688371516408,1788474207523,-2.025,27.50625,-25.875002
66688381516408,1788474207533,-1.8000001,27.393751,-25.931252
66688391516408,1788474207543,-1.9125,27.468752,-25.48125
66688401516408,1788474207553,-2.025,27.656252,-25.331251
66688411516408,1788474207563,-2.04375,27.468752,-25.2
66688421516408,1788474207573,-2.04375,27.525002,-25.237501
66688431516408,1788474207583,-1.7812501,27.337502,-25.312502
66688441516408,1788474207593,-1.6875001,27.35625,-25.593752
66688451516408,1788474207603,-1.66875,27.187502,-25.66875
66688461516408,1788474207613,-2.1000001,27.281252,-25.5375
66688471516408,1788474207623,-2.0062501,27.337502,-25.875002
66688481516408,1788474207633,-2.11875,27.0375,-25.931252
66688491516408,1788474207643,-2.11875,27.281252,-25.931252
66688501516408,1788474207653,-2.30625,27.431252,-25.81875
66688511516408,1788474207663,-2.4375,27.525002,-25.743752
66688521516408,1788474207673,-2.4750001,27.50625,-25.425001
66688531516408,1788474207683,-2.625,27.54375,-25.25625
66688541516408,1788474207693,-2.60625,27.487501,-25.331251
66688551516408,1788474207703,-2.7,27.468752,-25.050001
66688561516408,1788474207713,-2.8500001,27.73125,-25.1625
66688571516408,1788474207723,-2.90625,27.675001,-25.29375
66688581516408,1788474207733,-2.86875,27.6,-25.406252
66688591516408,1788474207743,-2.9437501,27.69375,-25.368752
66688601516408,1788474207753,-3.0937502,27.525002,-25.66875
66688611516408,1788474207763,-3.15,27.6375,-25.556252
66688621516408,1788474207773,-2.9625,27.656252,-25.85625
66688631516408,1788474207783,-2.60625,27.806252,-26.081251
66688641516408,1788474207793,-2.53125,27.656252,-26.062502
66688651516408,1788474207803,-2.71875,27.6375,-25.95
66688661516408,1788474207813,-2.68125,27.618752,-25.837502
66688671516408,1788474207823,-2.49375,27.675001,-25.95
66688681516408,1788474207833,-2.6437502,27.69375,-25.9125
66688691516408,1788474207843,-2.5125,27.618752,-26.156252
66688701516408,1788474207853,-2.6625001,27.581251,-25.931252
66688711516408,1788474207863,-2.9625,27.337502,-25.837502
66688721516408,1788474207873,-2.7562501,27.300001,-25.7625
66688731516408,1788474207883,-2.8312502,27.187502,-25.743752
66688741516408,1788474207893,-2.86875,27.112501,-25.95
66688751516408,1788474207903,-2.9250002,27.16875,-25.800001
66688761516408,1788474207913,-2.7375002,27.0375,-25.7625
66688771516408,1788474207923,-2.625,27.225,-25.81875
66688781516408,1788474207933,-2.7,27.187502,-25.875002
66688791516408,1788474207943,-2.625,27.300001,-25.95
66688801516408,1788474207953,-2.7562501,27.54375,-26.00625
66688811516408,1788474207963,-2.60625,27.825,-26.118752
66688821516408,1788474207973,-2.71875,28.0125,-25.893751
66688831516408,1788474207983,-2.8875,27.91875,-25.893751
66688841516408,1788474207993,-3.075,28.06875,-25.893751
66688851516408,1788474208003,-3.2625,28.050001,-26.025002
66688861516408,1788474208013,-2.98125,28.29375,-25.9125
66688871516408,1788474208023,-3.15,28.2,-25.875002
66688881516408,1788474208033,-3.2625,28.050001,-25.81875
66688891516408,1788474208043,-3.3375,27.843752,-25.931252
66688901516408,1788474208053,-3.2062502,27.768751,-26.062502
66688911516408,1788474208063,-3.2625,27.656252,-25.9125
66688921516408,1788474208073,-3.15,27.768751,-25.85625
66688931516408,1788474208083,-2.9250002,27.618752,-25.725
66688941516408,1788474208093,-2.8500001,27.468752,-25.837502
66688951516408,1788474208103,-2.775,27.6375,-25.968752
66688961516408,1788474208113,-2.5687501,27.6375,-26.156252
66688971516408,1788474208123,-2.5125,27.843752,-25.931252
66688981516408,1788474208133,-2.53125,27.768751,-26.00625
66688991516408,1788474208143,-2.15625,27.88125,-26.19375
66689001516408,1788474208153,-1.8750001,27.806252,-26.1375
66689011516408,1788474208163,-1.7812501,27.956251,-26.250002
66689021516408,1788474208173,-1.8937501,27.956251,-26.156252
66689031516408,1788474208183,-1.66875,27.69375,-25.85625
66689041516408,1788474208193,-1.6125001,27.656252,-25.7625
66689051516408,1788474208203,-1.5187501,27.431252,-26.1
66689061516408,1788474208213,-1.5937501,27.6,-26.081251
66689071516408,1788474208223,-1.725,27.281252,-26.212502
66689081516408,1788474208233,-1.8375001,27.45,-26.38125
66689091516408,1788474208243,-2.1750002,27.375002,-26.41875
66689101516408,1788474208253,-2.1750002,27.525002,-26.5125
66689111516408,1788474208263,-2.34375,27.525002,-26.737501
66689121516408,1788474208273,-2.2875001,27.35625,-26.718752
66689131516408,1788474208283,-2.11875,27.281252,-26.5125
66689141516408,1788474208293,-2.11875,27.093752,-26.23125
66689151516408,1788474208303,-2.2687502,27.2625,-26.212502
66689161516408,1788474208313,-2.2125,26.98125,-26.025002
66689171516408,1788474208323,-2.1750002,27.018751,-25.9125
66689181516408,1788474208333,-2.23125,27.018751,-25.650002
66689191516408,1788474208343,-2.2875001,27.2625,-25.518751
66689201516408,1788474208353,-2.5125,27.2625,-25.44375
66689211516408,1788474208363,-2.6625001,27.562502,-25.237501
66689221516408,1788474208373,-2.68125,27.54375,-25.406252
66689231516408,1788474208383,-2.68125,27.54375,-25.218752
66689241516408,1788474208393,-3.0,27.6,-25.48125
66689251516408,1788474208403,-3.0,27.54375,-25.66875
66689261516408,1788474208413,-3.0937502,27.393751,-25.800001
66689271516408,1788474208423,-3.0937502,27.393751,-25.931252
66689281516408,1788474208433,-3.0375001,27.54375,-26.025002
66689291516408,1788474208443,-2.9250002,27.6,-26.1
66689301516408,1788474208453,-2.79375,27.806252,-25.800001
66689311516408,1788474208463,-2.6437502,27.91875,-25.743752
66689321516408,1788474208473,-2.4750001,27.91875,-25.66875
66689331516408,1788474208483,-2.4750001,27.88125,-25.331251
66689341516408,1788474208493,-2.5687501,27.843752,-25.237501
66689351516408,1788474208503,-2.49375,27.618752,-25.218752
66689361516408,1788474208513,-2.5875,27.468752,-25.312502
66689371516408,1788474208523,-2.6625001,27.337502,-25.181252
66689381516408,1788474208533,-2.625,27.225,-25.425001
66689391516408,1788474208543,-2.6625001,27.16875,-25.48125
66689401516408,1788474208553,-2.8125,27.225,-25.406252
66689411516408,1788474208563,-2.79375,27.281252,-25.3875
66689421516408,1788474208573,-2.6625001,27.187502,-25.44375
66689431516408,1788474208583,-2.68125,27.2625,-25.331251
66689441516408,1788474208593,-2.5875,27.31875,-25.237501
66689451516408,1788474208603,-2.49375,27.281252,-25.518751
66689461516408,1788474208613,-2.5687501,27.300001,-25.687502
66689471516408,1788474208623,-2.5125,27.187502,-25.95
66689481516408,1788474208633,-2.34375,27.16875,-26.04375
66689491516408,1788474208643,-2.3625002,27.243752,-26.1
66689501516408,1788474208653,-2.1937501,27.4125,-26.118752
66689511516408,1788474208663,-1.9312501,27.35625,-26.325
66689521516408,1788474208673,-1.81875,27.50625,-26.175001
66689531516408,1788474208683,-1.8937501,27.4125,-26.062502
66689541516408,1788474208693,-1.7437501,27.4125,-25.743752
66689551516408,1788474208703,-1.7437501,27.712502,-25.556252
66689561516408,1788474208713,-1.9125,27.675001,-25.593752
66689571516408,1788474208723,-1.7437501,27.45,-25.556252
66689581516408,1788474208733,-1.6875001,27.50625,-25.500002
66689591516408,1788474208743,-2.0062501,27.525002,-25.331251
66689601516408,1788474208753,-2.1937501,27.431252,-25.25625
66689611516408,1788474208763,-2.23125,27.50625,-25.368752
66689621516408,1788474208773,-2.23125,27.6,-25.518751
66689631516408,1788474208783,-2.60625,27.243752,-25.593752
66689641516408,1788474208793,-2.5500002,27.075,-25.35
66689651516408,1788474208803,-2.5125,27.16875,-25.1625
66689661516408,1788474208813,-2.71875,26.925001,-25.10625
66689671516408,1788474208823,-2.625,26.831251,-25.275002
66689681516408,1788474208833,-2.5500002,26.8875,-25.5375
66689691516408,1788474208843,-2.5500002,26.737501,-25.44375
66689701516408,1788474208853,-2.8875,26.625002,-25.425001
66689711516408,1788474208863,-2.79375,26.906252,-25.44375
66689721516408,1788474208873,-2.53125,27.375002,-25.3875
66689731516408,1788474208883,-2.7,27.431252,-25.556252
66689741516408,1788474208893,-2.7,27.487501,-25.743752
66689751516408,1788474208903,-2.71875,27.675001,-25.35
66689761516408,1788474208913,-2.8125,27.675001,-25.35
66689771516408,1788474208923,-2.7562501,27.750002,-25.368752
66689781516408,1788474208933,-2.5500002,27.843752,-25.2
66689791516408,1788474208943,-2.325,27.750002,-25.29375
66689801516408,1788474208953,-2.30625,27.562502,-25.312502
66689811516408,1788474208963,-2.23125,27.54375,-25.5375
66689821516408,1788474208973,-2.0062501,27.656252,-25.518751
66689831516408,1788474208983,-2.25,27.6,-25.743752
66689841516408,1788474208993,-2.1000001,27.525002,-25.66875
66689851516408,1788474209003,-2.2125,27.54375,-25.612501
66689861516408,1788474209013,-2.1937501,27.50625,-25.687502
66689871516408,1788474209023,-2.25,27.581251,-25.518751
66689881516408,1788474209033,-2.2687502,27.45,-25.725
66689891516408,1788474209043,-2.41875,27.2625,-25.612501
66689901516408,1788474209053,-2.5875,27.225,-25.5375
66689911516408,1788474209063,-2.325,27.187502,-25.331251
66689921516408,1788474209073,-2.4750001,27.16875,-25.44375
66689931516408,1788474209083,-2.53125,27.31875,-25.331251
66689941516408,1788474209093,-2.68125,27.2625,-25.35
66689951516408,1788474209103,-2.7562501,27.018751,-25.1625
66689961516408,1788474209113,-2.86875,27.018751,-25.237501
66689971516408,1788474209123,-2.71875,27.300001,-25.2
66689981516408,1788474209133,-2.90625,27.093752,-25.181252
66689991516408,1788474209143,-3.0187502,27.112501,-25.425001
66690001516408,1788474209153,-2.90625,27.2625,-25.2
66690011516408,1788474209163,-2.7562501,27.225,-25.29375
66690021516408,1788474209173,-2.625,27.225,-25.29375
66690031516408,1788474209183,-2.60625,27.431252,-25.368752
66690041516408,1788474209193,-2.5500002,27.487501,-25.275002
66690051516408,1788474209203,-2.79375,27.075,-25.331251
66690061516408,1788474209213,-2.5687501,27.431252,-25.35
66690071516408,1788474209223,-2.53125,27.525002,-25.500002
66690081516408,1788474209233,-2.68125,27.300001,-25.5375
66690091516408,1788474209243,-2.8875,27.281252,-25.556252
66690101516408,1788474209253,-3.075,27.206251,-25.556252
66690111516408,1788474209263,-3.2062502,27.206251,-25.63125
66690121516408,1788474209273,-3.3187501,27.093752,-25.425001
66690131516408,1788474209283,-3.16875,27.431252,-25.3875
66690141516408,1788474209293,-3.0375001,27.16875,-25.368752
66690151516408,1788474209303,-2.8875,27.16875,-25.29375
66690161516408,1788474209313,-2.5500002,27.206251,-25.406252
66690171516408,1788474209323,-2.30625,27.112501,-25.462502
66690181516408,1788474209333,-2.15625,27.300001,-25.725
66690191516408,1788474209343,-1.7625,27.206251,-25.650002
66690201516408,1788474209353,-1.7625,27.31875,-25.837502
66690211516408,1788474209363,-1.66875,27.31875,-25.837502
66690221516408,1788474209373,-1.725,27.31875,-25.706251
66690231516408,1788474209383,-1.6125001,27.300001,-25.781252
66690241516408,1788474209393,-2.0812502,27.468752,-25.875002
66690251516408,1788474209403,-2.0812502,27.581251,-25.81875
66690261516408,1788474209413,-2.0625,27.300001,-25.575
66690271516408,1788474209423,-2.30625,27.393751,-25.406252
66690281516408,1788474209433,-2.2687502,27.487501,-25.181252
66690291516408,1788474209443,-2.325,27.35625,-25.06875
66690301516408,1788474209453,-2.41875,27.73125,-25.29375
66690311516408,1788474209463,-2.41875,27.73125,-25.0125
66690321516408,1788474209473,-1.9875001,27.618752,-24.975
66690331516408,1788474209483,-1.7437501,27.525002,-25.050001
66690341516408,1788474209493,-1.8375001,27.825,-25.031252
66690351516408,1788474209503,-1.8750001,27.825,-25.1625
66690361516408,1788474209513,-1.85625,27.768751,-25.406252
66690371516408,1788474209523,-1.9312501,27.975,-25.48125
66690381516408,1788474209533,-1.95,27.806252,-25.275002
66690391516408,1788474209543,-2.1750002,27.806252,-25.312502
66690401516408,1788474209553,-2.3625002,27.7875,-25.331251
66690411516408,1788474209563,-2.5875,27.88125,-25.518751
66690421516408,1788474209573,-2.68125,27.656252,-25.63125
66690431516408,1788474209583,-2.5875,27.468752,-25.81875
66690441516408,1788474209593,-2.68125,27.656252,-25.687502
66690451516408,1788474209603,-2.4,27.618752,-25.837502
66690461516408,1788474209613,-2.2125,27.4125,-25.987501
66690471516408,1788474209623,-2.1937501,27.487501,-26.343752
66690481516408,1788474209633,-2.1750002,27.581251,-26.156252
66690491516408,1788474209643,-2.2687502,27.468752,-26.025002
66690501516408,1788474209653,-2.2687502,27.206251,-25.9125
66690511516408,1788474209663,-2.34375,27.150002,-25.725
66690521516408,1788474209673,-2.4750001,27.056252,-25.63125
66690531516408,1788474209683,-2.86875,26.962502,-25.706251
66690541516408,1788474209693,-2.9625,27.000002,-25.575
66690551516408,1788474209703,-2.7562501,26.75625,-25.406252
66690561516408,1788474209713,-2.71875,26.98125,-25.593752
66690571516408,1788474209723,-2.68125,27.000002,-25.518751
66690581516408,1788474209733,-2.5125,27.375002,-25.556252
66690591516408,1788474209743,-2.3625002,27.618752,-25.66875
66690601516408,1788474209753,-2.4375,27.54375,-25.968752
66690611516408,1788474209763,-2.25,27.50625,-25.875002
66690621516408,1788474209773,-2.2687502,27.54375,-25.987501
66690631516408,1788474209783,-2.4,27.73125,-25.893751
66690641516408,1788474209793,-2.60625,27.35625,-25.66875
66690651516408,1788474209803,-2.68125,27.581251,-25.650002
66690661516408,1788474209813,-2.5125,27.525002,-25.781252
66690671516408,1788474209823,-2.6625001,27.581251,-25.687502
66690681516408,1788474209833,-2.5500002,27.375002,-25.48125
66690691516408,1788474209843,-2.71875,27.300001,-25.593752
66690701516408,1788474209853,-2.9437501,27.337502,-25.575
66690711516408,1788474209863,-2.9437501,27.431252,-25.66875
66690721516408,1788474209873,-2.5687501,27.45,-25.66875
66690731516408,1788474209883,-2.4750001,27.31875,-25.85625
66690741516408,1788474209893,-2.6437502,27.206251,-25.706251
66690751516408,1788474209903,-2.53125,27.243752,-25.725
66690761516408,1788474209913,-2.25,27.45,-25.85625
66690771516408,1788474209923,-2.25,27.45,-25.5375
66690781516408,1788474209933,-2.1000001,27.393751,-25.462502
66690791516408,1788474209943,-2.1000001,27.393751,-25.425001
66690801516408,1788474209953,-2.1750002,27.54375,-25.218752
66690811516408,1788474209963,-2.1937501,27.468752,-25.0125
66690821516408,1788474209973,-2.1375,27.562502,-25.2
66690831516408,1788474209983,-2.23125,27.468752,-25.25625
66690841516408,1788474209993,-2.1937501,27.45,-25.143751
66690851516408,1788474210003,-2.0062501,27.562502,-25.368752
66690861516408,1788474210013,-2.0062501,27.73125,-25.25625
66690871516408,1788474210023,-1.9687501,27.675001,-25.25625
66690881516408,1788474210033,-2.025,27.618752,-25.44375
66690891516408,1788474210043,-1.9687501,27.6375,-25.462502
66690901516408,1788474210053,-1.95,27.618752,-25.44375
66690911516408,1788474210063,-1.9687501,27.525002,-25.48125
66690921516408,1788474210073,-2.1000001,27.487501,-25.593752
66690931516408,1788474210083,-2.2125,27.4125,-25.575
66690941516408,1788474210093,-2.1750002,27.13125,-25.706251
66690951516408,1788474210103,-2.1375,27.150002,-25.725
66690961516408,1788474210113,-2.1937501,27.281252,-25.837502
66690971516408,1788474210123,-2.2875001,27.35625,-25.931252
66690981516408,1788474210133,-2.4562502,27.243752,-25.837502
66690991516408,1788474210143,-2.4562502,27.35625,-25.63125
66691001516408,1788474210153,-2.5687501,27.50625,-25.612501
66691011516408,1788474210163,-2.325,27.431252,-25.612501
66691021516408,1788474210173,-2.3812501,27.6,-25.593752
66691031516408,1788474210183,-2.49375,27.581251,-25.275002
66691041516408,1788474210193,-2.4,27.431252,-25.275002
66691051516408,1788474210203,-2.4562502,27.31875,-25.25625
66691061516408,1788474210213,-2.5500002,27.4125,-25.35
66691071516408,1788474210223,-2.5500002,27.281252,-25.5375
66691081516408,1788474210233,-2.4562502,27.16875,-25.612501
66691091516408,1788474210243,-2.60625,27.4125,-25.5375
66691101516408,1788474210253,-2.60625,27.375002,-25.593752
66691111516408,1788474210263,-2.5687501,27.281252,-25.837502
66691121516408,1788474210273,-2.7,27.375002,-25.85625
66691131516408,1788474210283,-2.4375,27.656252,-25.837502
66691141516408,1788474210293,-2.34375,27.656252,-25.650002
66691151516408,1788474210303,-2.25,27.656252,-25.706251
66691161516408,1788474210313,-2.0812502,27.73125,-25.7625
66691171516408,1788474210323,-1.8375001,27.675001,-25.837502
66691181516408,1788474210333,-1.8937501,27.618752,-25.837502
66691191516408,1788474210343,-2.025,27.900002,-26.081251
66691201516408,1788474210353,-2.025,27.768751,-26.268751
66691211516408,1788474210363,-2.1937501,27.656252,-26.212502
66691221516408,1788474210373,-2.1750002,27.73125,-26.41875
66691231516408,1788474210383,-2.4,27.750002,-26.325
66691241516408,1788474210393,-2.60625,27.468752,-26.00625
66691251516408,1788474210403,-2.9437501,27.468752,-26.1375
66691261516408,1788474210413,-2.7,27.375002,-26.1375
66691271516408,1788474210423,-2.625,27.2625,-25.9125
66691281516408,1788474210433,-2.2875001,27.2625,-25.875002
66691291516408,1788474210443,-2.2687502,27.281252,-26.025002
66691301516408,1788474210453,-2.2875001,27.2625,-25.9125
66691311516408,1788474210463,-1.9687501,27.375002,-26.00625
66691321516408,1788474210473,-2.0062501,27.487501,-26.306252
66691331516408,1788474210483,-2.0062501,27.45,-26.118752
66691341516408,1788474210493,-1.9687501,27.50625,-26.118752
66691351516408,1788474210503,-2.025,27.225,-26.268751
66691361516408,1788474210513,-2.2875001,27.431252,-25.706251
66691371516408,1788474210523,-2.2687502,27.337502,-25.556252
66691381516408,1788474210533,-2.11875,27.375002,-25.5375
66691391516408,1788474210543,-2.25,27.281252,-25.518751
66691401516408,1788474210553,-2.04375,27.35625,-25.44375
66691411516408,1788474210563,-2.11875,27.2625,-25.48125
66691421516408,1788474210573,-2.4750001,27.525002,-25.462502
66691431516408,1788474210583,-2.2687502,27.73125,-25.3875
66691441516408,1788474210593,-2.2687502,27.6,-25.85625
66691451516408,1788474210603,-2.2687502,27.54375,-25.7625
66691461516408,1788474210613,-2.23125,27.50625,-25.66875
66691471516408,1788474210623,-2.1375,27.562502,-25.706251
66691481516408,1788474210633,-2.1937501,27.6,-25.612501
66691491516408,1788474210643,-2.0062501,27.675001,-25.650002
66691501516408,1788474210653,-1.81875,27.6,-25.5375
66691511516408,1788474210663,-1.9312501,27.675001,-25.518751
66691521516408,1788474210673,-2.0062501,27.581251,-25.575
66691531516408,1788474210683,-2.1375,27.825,-25.575
66691541516408,1788474210693,-2.2687502,27.956251,-25.7625
66691551516408,1788474210703,-2.34375,27.88125,-25.875002
66691561516408,1788474210713,-2.5125,27.768751,-26.04375
66691571516408,1788474210723,-2.625,27.675001,-26.118752
66691581516408,1788474210733,-2.6625001,27.525002,-26.250002
66691591516408,1788474210743,-2.8312502,27.45,-26.19375
66691601516408,1788474210753,-2.8312502,27.393751,-26.156252
66691611516408,1788474210763,-2.86875,27.0375,-26.268751
66691621516408,1788474210773,-2.8500001,26.79375,-26.19375
66691631516408,1788474210783,-3.0187502,27.018751,-25.875002
66691641516408,1788474210793,-2.9437501,27.0375,-25.7625
66691651516408,1788474210803,-2.79375,27.018751,-25.556252
66691661516408,1788474210813,-2.98125,27.31875,-25.575
66691671516408,1788474210823,-2.7562501,27.225,-25.650002
66691681516408,1788474210833,-2.68125,27.487501,-25.48125
66691691516408,1788474210843,-2.6437502,27.35625,-25.35
66691701516408,1788474210853,-2.8312502,27.487501,-25.29375
66691711516408,1788474210863,-2.60625,27.300001,-25.29375
66691721516408,1788474210873,-2.68125,27.468752,-25.181252
66691731516408,1788474210883,-2.5875,27.6,-25.462502
66691741516408,1788474210893,-2.41875,27.187502,-25.331251
66691751516408,1788474210903,-2.4562502,27.31875,-25.48125
66691761516408,1788474210913,-2.4750001,27.225,-25.725
66691771516408,1788474210923,-2.4375,27.468752,-25.893751
66691781516408,1788474210933,-2.2687502,27.31875,-25.893751
66691791516408,1788474210943,-2.41875,27.300001,-26.1
66691801516408,1788474210953,-2.4,27.13125,-26.250002
66691811516408,1788474210963,-2.5687501,27.150002,-26.1
66691821516408,1788474210973,-2.625,27.112501,-26.04375
66691831516408,1788474210983,-2.8875,27.018751,-25.81875
66691841516408,1788474210993,-2.9250002,26.8875,-25.66875
66691851516408,1788474211003,-2.9625,26.8875,-25.518751
66691861516408,1788474211013,-3.0187502,26.98125,-25.725
66691871516408,1788474211023,-2.8500001,27.093752,-25.518751
66691881516408,1788474211033,-2.775,27.000002,-25.575
66691891516408,1788474211043,-2.68125,26.868752,-25.406252
66691901516408,1788474211053,-2.68125,27.056252,-25.556252
66691911516408,1788474211063,-2.49375,27.0375,-25.48125
66691921516408,1788474211073,-2.4750001,26.962502,-25.331251
66691931516408,1788474211083,-2.3625002,27.0375,-25.35
66691941516408,1788474211093,-2.3625002,27.243752,-25.312502
66691951516408,1788474211103,-2.3812501,27.281252,-25.331251
66691961516408,1788474211113,-2.5125,27.393751,-25.25625
66691971516408,1788474211123,-2.775,27.187502,-25.500002
66691981516408,1788474211133,-2.60625,27.225,-25.687502
66691991516408,1788474211143,-2.5500002,27.187502,-25.7625
66692001516408,1788474211153,-2.5125,27.225,-26.1
66692011516408,1788474211163,-2.53125,27.31875,-26.156252
66692021516408,1788474211173,-2.41875,27.150002,-25.837502
66692031516408,1788474211183,-2.3625002,27.243752,-25.9125
66692041516408,1788474211193,-2.23125,27.093752,-25.66875
66692051516408,1788474211203,-2.0812502,27.468752,-25.462502
66692061516408,1788474211213,-2.1000001,27.393751,-25.218752
66692071516408,1788474211223,-2.1750002,27.54375,-25.181252
66692081516408,1788474211233,-1.9687501,27.73125,-24.956251
66692091516408,1788474211243,-1.9125,27.656252,-25.0125
66692101516408,1788474211253,-1.8937501,27.6,-25.2
66692111516408,1788474211263,-1.8937501,27.45,-25.050001
66692121516408,1788474211273,-1.95,27.618752,-25.29375
66692131516408,1788474211283,-1.95,27.4125,-25.5375
66692141516408,1788474211293,-1.95,27.6375,-25.575
66692151516408,1788474211303,-1.8750001,27.750002,-25.500002
66692161516408,1788474211313,-2.1000001,27.712502,-25.63125
66692171516408,1788474211323,-2.1375,27.618752,-25.687502
66692181516408,1788474211333,-2.4,27.712502,-25.575
66692191516408,1788474211343,-2.4562502,27.675001,-25.66875
66692201516408,1788474211353,-2.4,27.6,-25.556252
66692211516408,1788474211363,-2.3625002,27.73125,-25.237501
66692221516408,1788474211373,-2.4375,27.562502,-25.44375
66692231516408,1788474211383,-2.30625,27.487501,-25.706251
66692241516408,1788474211393,-2.4375,27.31875,-25.743752
66692251516408,1788474211403,-2.49375,27.187502,-25.743752
66692261516408,1788474211413,-2.3625002,26.868752,-25.987501
66692271516408,1788474211423,-2.4375,26.906252,-25.968752
66692281516408,1788474211433,-2.5500002,27.075,-25.95
66692291516408,1788474211443,-2.7562501,26.94375,-25.931252
66692301516408,1788474211453,-2.7375002,27.112501,-25.725
66692311516408,1788474211463,-2.8500001,26.94375,-25.687502
66692321516408,1788474211473,-2.9250002,27.13125,-25.500002
66692331516408,1788474211483,-2.9437501,27.4125,-25.425001
66692341516408,1788474211493,-2.9250002,27.468752,-25.406252
66692351516408,1788474211503,-2.86875,27.431252,-25.44375
66692361516408,1788474211513,-2.71875,27.225,-25.425001
66692371516408,1788474211523,-2.6625001,27.35625,-25.612501
66692381516408,1788474211533,-2.8312502,27.187502,-25.63125
66692391516408,1788474211543,-2.90625,27.300001,-25.518751
66692401516408,1788474211553,-2.7375002,27.206251,-25.687502
66692411516408,1788474211563,-2.68125,27.0375,-25.66875
66692421516408,1788474211573,-2.7375002,27.13125,-25.518751
66692431516408,1788474211583,-2.7375002,26.98125,-25.518751
66692441516408,1788474211593,-2.7,26.962502,-25.593752
66692451516408,1788474211603,-2.6625001,26.94375,-25.781252
66692461516408,1788474211613,-2.625,26.868752,-25.7625
66692471516408,1788474211623,-2.5500002,26.98125,-25.931252
66692481516408,1788474211633,-2.5875,27.206251,-25.725
66692491516408,1788474211643,-2.5687501,27.243752,-25.743752
66692501516408,1788474211653,-2.41875,27.300001,-25.743752
66692511516408,1788474211663,-2.49375,27.581251,-25.518751
66692521516408,1788474211673,-2.5875,27.825,-25.612501
66692531516408,1788474211683,-2.5875,27.862501,-25.556252
66692541516408,1788474211693,-2.5125,27.975,-25.593752
66692551516408,1788474211703,-2.34375,27.806252,-25.593752
66692561516408,1788474211713,-2.11875,27.54375,-25.7625
66692571516408,1788474211723,-2.025,27.656252,-25.725
66692581516408,1788474211733,-1.9875001,27.6,-25.81875
66692591516408,1788474211743,-1.81875,27.300001,-26.081251
66692601516408,1788474211753,-2.04375,27.150002,-25.95
66692611516408,1788474211763,-2.11875,27.225,-25.781252
66692621516408,1788474211773,-2.025,27.187502,-25.725
66692631516408,1788474211783,-2.1000001,27.468752,-25.612501
66692641516408,1788474211793,-2.1375,27.7875,-25.518751
66692651516408,1788474211803,-2.3625002,27.6,-25.612501
66692661516408,1788474211813,-2.5875,27.843752,-25.743752
66692671516408,1788474211823,-2.79375,27.768751,-25.743752
66692681516408,1788474211833,-2.5500002,27.843752,-25.837502
66692691516408,1788474211843,-2.4750001,27.768751,-25.875002
66692701516408,1788474211853,-2.49375,27.618752,-26.00625
66692711516408,1788474211863,-2.5687501,27.31875,-25.95
66692721516408,1788474211873,-2.775,27.13125,-25.9125
66692731516408,1788474211883,-2.71875,27.281252,-25.837502
66692741516408,1788474211893,-2.7,27.16875,-25.612501
66692751516408,1788474211903,-2.7,27.562502,-25.800001
66692761516408,1788474211913,-2.7,27.562502,-25.85625
66692771516408,1788474211923,-2.60625,27.431252,-25.95
66692781516408,1788474211933,-2.71875,27.69375,-25.81875
66692791516408,1788474211943,-2.5875,27.675001,-26.062502
66692801516408,1788474211953,-2.4,27.69375,-26.250002
66692811516408,1788474211963,-2.30625,27.656252,-26.437502
66692821516408,1788474211973,-2.1375,27.6,-26.325
66692831516408,1788474211983,-1.8375001,27.337502,-25.931252
66692841516408,1788474211993,-1.95,27.075,-25.7625
66692851516408,1788474212003,-1.9875001,27.35625,-25.66875
66692861516408,1788474212013,-2.1375,27.206251,-25.7625
66692871516408,1788474212023,-2.4,27.300001,-25.612501
66692881516408,1788474212033,-2.5500002,27.4125,-25.406252
66692891516408,1788474212043,-2.60625,27.431252,-25.29375
66692901516408,1788474212053,-2.8875,27.50625,-25.48125
66692911516408,1788474212063,-2.98125,27.6,-25.66875
66692921516408,1788474212073,-2.8312502,27.843752,-25.7625
66692931516408,1788474212083,-2.90625,27.6,-25.706251
66692941516408,1788474212093,-2.5125,27.618752,-25.7625
66692951516408,1788474212103,-2.34375,27.562502,-25.987501
66692961516408,1788474212113,-2.1937501,27.31875,-26.00625
66692971516408,1788474212123,-2.2687502,27.300001,-26.156252
66692981516408,1788474212133,-1.95,27.281252,-26.1375
66692991516408,1788474212143,-2.1937501,27.45,-25.81875
66693001516408,1788474212153,-2.23125,27.13125,-25.9125
66693011516408,1788474212163,-2.1750002,27.187502,-25.9125
66693021516408,1788474212173,-2.4750001,27.16875,-25.931252
66693031516408,1788474212183,-2.6437502,27.206251,-25.575
66693041516408,1788474212193,-2.7,27.337502,-25.81875
66693051516408,1788474212203,-2.7,27.187502,-25.593752
66693061516408,1788474212213,-2.9625,27.16875,-25.66875
66693071516408,1788474212223,-2.8125,27.112501,-25.893751
66693081516408,1788474212233,-2.79375,27.431252,-25.875002
66693091516408,1788474212243,-2.7375002,27.45,-25.893751
66693101516408,1788474212253,-2.7562501,27.581251,-25.743752
66693111516408,1788474212263,-2.7,27.69375,-25.800001
66693121516408,1788474212273,-2.6437502,27.6,-25.48125
66693131516408,1788474212283,-2.53125,27.675001,-25.462502
66693141516408,1788474212293,-2.2687502,27.525002,-25.3875
66693151516408,1788474212303,-2.25,27.45,-25.406252
66693161516408,1788474212313,-2.3812501,27.31875,-25.425001
66693171516408,1788474212323,-2.2875001,27.487501,-25.218752
66693181516408,1788474212333,-2.23125,27.35625,-25.331251
66693191516408,1788474212343,-2.1937501,27.243752,-25.275002
66693201516408,1788474212353,-2.1750002,27.375002,-25.425001
66693211516408,1788474212363,-2.25,27.300001,-25.35
66693221516408,1788474212373,-2.4375,27.393751,-25.48125
66693231516408,1788474212383,-2.30625,27.300001,-25.706251
66693241516408,1788474212393,-2.2125,27.300001,-25.63125
66693251516408,1788474212403,-2.41875,26.98125,-25.781252
66693261516408,1788474212413,-2.4750001,26.98125,-25.500002
66693271516408,1788474212423,-2.3812501,26.925001,-25.5375
66693281516408,1788474212433,-2.3812501,27.018751,-25.5375
66693291516408,1788474212443,-2.34375,26.962502,-25.462502
66693301516408,1788474212453,-2.2125,26.98125,-25.1625
66693311516408,1788474212463,-2.1937501,27.018751,-25.050001
66693321516408,1788474212473,-2.15625,27.018751,-24.993752
66693331516408,1788474212483,-2.0625,26.925001,-24.862501
66693341516408,1788474212493,-1.81875,27.0375,-25.2
66693351516408,1788474212503,-1.725,27.056252,-24.975
66693361516408,1788474212513,-1.63125,26.718752,-24.7875
66693371516408,1788474212523,-1.5375,27.112501,-25.087502
66693381516408,1788474212533,-1.5187501,27.000002,-25.2
66693391516408,1788474212543,-1.7625,26.8875,-25.25625
66693401516408,1788474212553,-1.85625,27.018751,-25.29375
66693411516408,1788474212563,-1.85625,27.206251,-25.612501
66693421516408,1788474212573,-1.9687501,27.150002,-25.593752
66693431516408,1788474212583,-2.2125,27.112501,-26.062502
66693441516408,1788474212593,-2.5687501,27.281252,-26.343752
66693451516408,1788474212603,-2.775,27.13125,-26.2875
66693461516408,1788474212613,-3.0187502,27.31875,-26.5125
66693471516408,1788474212623,-2.8500001,27.243752,-26.306252
66693481516408,1788474212633,-2.7562501,27.187502,-26.156252
66693491516408,1788474212643,-2.68125,27.075,-25.931252
66693501516408,1788474212653,-2.8500001,27.018751,-25.9125
66693511516408,1788474212663,-2.9437501,27.018751,-25.66875
66693521516408,1788474212673,-2.9250002,26.906252,-25.500002
66693531516408,1788474212683,-2.98125,26.812502,-25.48125
66693541516408,1788474212693,-2.8125,27.093752,-25.35
66693551516408,1788474212703,-3.0937502,27.300001,-25.368752
66693561516408,1788474212713,-3.0937502,27.393751,-25.63125
66693571516408,1788474212723,-3.1875002,27.525002,-25.706251
66693581516408,1788474212733,-2.9250002,27.468752,-25.687502
66693591516408,1788474212743,-2.775,27.581251,-25.612501
66693601516408,1788474212753,-2.625,27.712502,-25.706251
66693611516408,1788474212763,-2.5687501,27.768751,-25.706251
66693621516408,1788474212773,-2.5687501,27.243752,-25.687502
66693631516408,1788474212783,-2.41875,27.35625,-25.81875
66693641516408,1788474212793,-2.4375,27.16875,-25.725
66693651516408,1788474212803,-2.5125,27.112501,-25.7625
66693661516408,1788474212813,-2.4750001,27.243752,-25.85625
66693671516408,1788474212823,-2.4562502,27.16875,-25.968752
66693681516408,1788474212833,-2.7,27.31875,-25.9125
66693691516408,1788474212843,-2.4,27.45,-25.85625
66693701516408,1788474212853,-2.3812501,27.768751,-25.968752
66693711516408,1788474212863,-2.4,27.54375,-26.00625
66693721516408,1788474212873,-2.79375,27.54375,-26.00625
66693731516408,1788474212883,-2.7375002,27.73125,-26.156252
66693741516408,1788474212893,-2.7562501,27.525002,-25.9125
66693751516408,1788474212903,-2.79375,27.675001,-25.85625
66693761516408,1788474212913,-2.3812501,27.393751,-25.743752
66693771516408,1788474212923,-2.6625001,27.16875,-25.9125
66693781516408,1788474212933,-2.8125,27.187502,-25.706251
66693791516408,1788474212943,-2.7,27.2625,-25.5375
66693801516408,1788474212953,-2.3812501,27.431252,-25.406252
66693811516408,1788474212963,-2.30625,27.093752,-25.125002
66693821516408,1788474212973,-2.5125,27.056252,-25.0125
66693831516408,1788474212983,-2.4562502,26.8875,-24.993752
66693841516408,1788474212993,-2.7562501,27.018751,-25.10625
66693851516408,1788474213003,-2.7,27.018751,-24.73125
66693861516408,1788474213013,-2.3625002,26.8875,-24.975
66693871516408,1788474213023,-2.4562502,26.868752,-25.0125
66693881516408,1788474213033,-2.41875,26.906252,-25.031252
66693891516408,1788474213043,-2.5500002,27.093752,-25.143751
66693901516408,1788474213053,-2.4375,27.4125,-25.2
66693911516408,1788474213063,-2.3812501,27.35625,-25.237501
66693921516408,1788474213073,-2.1750002,27.35625,-25.125002
66693931516408,1788474213083,-2.25,27.375002,-25.368752
66693941516408,1788474213093,-2.4,27.337502,-25.312502
66693951516408,1788474213103,-2.34375,27.337502,-25.29375
66693961516408,1788474213113,-2.4750001,27.13125,-25.406252
66693971516408,1788474213123,-2.4750001,27.187502,-25.500002
66693981516408,1788474213133,-2.5687501,27.187502,-25.687502
66693991516408,1788474213143,-2.5875,27.206251,-25.66875
66694001516408,1788474213153,-2.71875,27.206251,-25.612501
66694011516408,1788474213163,-2.71875,27.45,-25.7625
66694021516408,1788474213173,-2.7,27.562502,-25.875002
66694031516408,1788474213183,-2.8125,27.618752,-25.893751
66694041516408,1788474213193,-2.5875,27.7875,-25.781252
66694051516408,1788474213203,-2.49375,27.825,-25.63125
66694061516408,1788474213213,-2.625,27.712502,-25.48125
66694071516408,1788474213223,-2.7,27.73125,-25.556252
66694081516408,1788474213233,-2.71875,27.825,-25.706251
66694091516408,1788474213243,-2.60625,27.675001,-25.518751
66694101516408,1788474213253,-2.6437502,27.45,-25.237501
66694111516408,1788474213263,-2.53125,27.487501,-25.312502
66694121516408,1788474213273,-2.7,27.50625,-25.368752
66694131516408,1788474213283,-2.7,27.375002,-25.500002
66694141516408,1788474213293,-2.30625,27.225,-25.5375
66694151516408,1788474213303,-2.1375,27.300001,-25.425001
66694161516408,1788474213313,-2.04375,27.31875,-25.48125
66694171516408,1788474213323,-2.1375,27.300001,-25.368752
66694181516408,1788474213333,-2.2125,27.525002,-25.406252
66694191516408,1788474213343,-2.34375,27.300001,-25.29375
66694201516408,1788474213353,-2.30625,27.337502,-25.3875
66694211516408,1788474213363,-2.41875,27.4125,-25.425001
66694221516408,1788474213373,-2.79375,27.4125,-25.518751
66694231516408,1788474213383,-2.8875,27.16875,-25.518751
66694241516408,1788474213393,-2.8875,27.075,-25.48125
66694251516408,1788474213403,-2.90625,26.8875,-25.706251
66694261516408,1788474213413,-2.775,26.75625,-25.575
66694271516408,1788474213423,-2.775,26.85,-25.800001
66694281516408,1788474213433,-2.775,26.75625,-25.706251
66694291516408,1788474213443,-2.79375,26.831251,-25.687502
66694301516408,1788474213453,-2.5500002,27.056252,-25.612501
66694311516408,1788474213463,-2.625,27.150002,-25.725
66694321516408,1788474213473,-2.53125,27.225,-25.85625
66694331516408,1788474213483,-2.4562502,27.562502,-25.837502
66694341516408,1788474213493,-2.5687501,27.487501,-26.04375
66694351516408,1788474213503,-2.4750001,27.54375,-26.1375
66694361516408,1788474213513,-2.79375,27.431252,-26.475
66694371516408,1788474213523,-2.4750001,27.35625,-26.475
66694381516408,1788474213533,-2.325,27.31875,-26.493752
66694391516408,1788474213543,-2.5125,27.300001,-26.493752
66694401516408,1788474213553,-2.6437502,27.13125,-26.306252
66694411516408,1788474213563,-2.5500002,27.018751,-26.456251
66694421516408,1788474213573,-2.49375,27.2625,-26.325
66694431516408,1788474213583,-2.53125,27.35625,-26.2875
66694441516408,1788474213593,-2.2125,27.50625,-25.875002
66694451516408,1788474213603,-2.34375,27.4125,-25.875002
66694461516408,1788474213613,-2.6437502,27.225,-25.875002
66694471516408,1788474213623,-2.3812501,27.50625,-25.875002
66694481516408,1788474213633,-2.325,27.54375,-26.025002
66694491516408,1788474213643,-2.4,27.487501,-25.781252
66694501516408,1788474213653,-2.4750001,27.45,-26.025002
66694511516408,1788474213663,-2.41875,27.243752,-25.800001
66694521516408,1788474213673,-2.4562502,27.056252,-25.800001
66694531516408,1788474213683,-2.71875,27.056252,-25.725
66694541516408,1788474213693,-2.625,27.35625,-25.518751
66694551516408,1788474213703,-2.71875,27.225,-25.612501
66694561516408,1788474213713,-2.775,27.13125,-25.612501
66694571516408,1788474213723,-2.8875,27.093752,-25.7625
66694581516408,1788474213733,-2.9437501,27.056252,-25.575
66694591516408,1788474213743,-2.8500001,27.281252,-25.7625
66694601516408,1788474213753,-2.775,27.54375,-25.875002
66694611516408,1788474213763,-2.4750001,27.768751,-26.025002
66694621516408,1788474213773,-2.41875,27.750002,-26.23125
66694631516408,1788474213783,-2.325,27.656252,-26.081251
66694641516408,1788474213793,-2.1937501,27.7875,-26.00625
66694651516408,1788474213803,-2.2125,27.6375,-25.95
66694661516408,1788474213813,-2.0625,27.54375,-26.118752
66694671516408,1788474213823,-2.15625,27.431252,-25.781252
66694681516408,1788474213833,-2.15625,27.393751,-25.875002
66694691516408,1788474213843,-2.4562502,27.206251,-26.081251
66694701516408,1788474213853,-2.5875,27.206251,-25.893751
66694711516408,1788474213863,-2.71875,27.225,-25.85625
66694721516408,1788474213873,-2.8125,27.2625,-25.95
66694731516408,1788474213883,-2.775,27.487501,-26.04375
66694741516408,1788474213893,-2.8125,27.487501,-25.95
66694751516408,1788474213903,-2.9250002,27.31875,-26.156252
66694761516408,1788474213913,-3.0,27.112501,-26.081251
66694771516408,1788474213923,-2.775,27.16875,-25.66875
66694781516408,1788474213933,-2.60625,27.093752,-25.743752
66694791516408,1788474213943,-2.5125,27.093752,-25.875002
66694801516408,1788474213953,-2.60625,27.056252,-25.781252
66694811516408,1788474213963,-2.4375,27.075,-25.743752
66694821516408,1788474213973,-2.30625,27.2625,-25.612501
66694831516408,1788474213983,-2.0625,27.337502,-25.593752
66694841516408,1788474213993,-2.04375,27.50625,-25.575
66694851516408,1788474214003,-2.0812502,27.337502,-25.48125
66694861516408,1788474214013,-2.15625,27.2625,-25.612501
66694871516408,1788474214023,-2.2875001,27.2625,-25.7625
66694881516408,1788474214033,-2.34375,27.206251,-25.800001
66694891516408,1788474214043,-2.625,27.187502,-25.800001
66694901516408,1788474214053,-2.8125,26.94375,-25.837502
66694911516408,1788474214063,-3.1125002,26.85,-25.7625
66694921516408,1788474214073,-2.8500001,26.775002,-25.893751
66694931516408,1788474214083,-2.8500001,26.925001,-25.931252
66694941516408,1788474214093,-2.98125,26.8875,-25.931252
66694951516408,1788474214103,-2.8500001,27.0375,-25.593752
66694961516408,1788474214113,-2.775,27.112501,-25.556252
66694971516408,1788474214123,-2.60625,26.962502,-25.35
66694981516408,1788474214133,-2.5875,27.16875,-25.237501
66694991516408,1788474214143,-2.49375,27.375002,-25.275002
66695001516408,1788474214153,-2.8312502,27.45,-25.125002
66695011516408,1788474214163,-3.0,27.337502,-25.125002
66695021516408,1788474214173,-2.79375,27.300001,-25.10625
66695031516408,1788474214183,-2.8125,27.150002,-25.218752
66695041516408,1788474214193,-2.9250002,27.056252,-25.143751
66695051516408,1788474214203,-2.79375,27.35625,-25.406252
66695061516408,1788474214213,-2.71875,27.206251,-25.48125
66695071516408,1788474214223,-2.625,27.0375,-25.368752
66695081516408,1788474214233,-2.325,27.150002,-25.518751
66695091516408,1788474214243,-2.325,27.337502,-25.518751
66695101516408,1788474214253,-2.5687501,27.225,-25.29375
66695111516408,1788474214263,-2.3625002,27.31875,-25.425001
66695121516408,1788474214273,-2.3625002,27.375002,-25.518751
66695131516408,1788474214283,-2.49375,27.13125,-25.462502
66695141516408,1788474214293,-2.5125,27.243752,-25.66875
66695151516408,1788474214303,-2.3812501,27.281252,-25.987501
66695161516408,1788474214313,-2.3625002,27.2625,-25.875002
66695171516408,1788474214323,-2.2125,27.13125,-26.156252
66695181516408,1788474214333,-2.34375,27.31875,-26.437502
66695191516408,1788474214343,-2.5125,27.2625,-26.268751
66695201516124,1788474214353,-2.34375,27.525002,-26.19375
66695211516229,1788474214363,-2.34375,27.618752,-26.2875
66695221516229,1788474214373,-2.325,27.54375,-26.081251
66695231516229,1788474214383,-2.5687501,27.581251,-26.081251
66695241516229,1788474214393,-2.8500001,27.31875,-26.00625
66695251516229,1788474214403,-3.1125002,27.375002,-25.893751
66695261516229,1788474214413,-3.1125002,27.431252,-25.800001
66695271516229,1788474214423,-3.2250001,27.31875,-25.81875
66695281516229,1788474214433,-3.3187501,26.98125,-25.800001
66695291516229,1788474214443,-3.3937502,26.98125,-25.462502
66695301516229,1788474214453,-3.5062501,27.243752,-25.66875
66695311516437,1788474214463,-3.525,27.337502,-25.575
66695321516437,1788474214473,-3.4125001,27.6,-25.593752
66695331516437,1788474214483,-3.075,27.4125,-25.500002
66695341516437,1788474214493,-2.71875,27.4125,-25.66875
66695351516437,1788474214503,-2.7375002,27.525002,-25.837502
66695361516437,1788474214513,-2.6625001,27.6,-25.9125
66695371516437,1788474214523,-2.5687501,27.487501,-26.2875
66695381516437,1788474214533,-2.4,27.018751,-26.19375
66695391516437,1788474214543,-2.1937501,26.925001,-25.987501
66695401516437,1788474214553,-2.1750002,26.868752,-26.268751
66695411516437,1788474214563,-2.0625,26.962502,-26.362501
66695421516437,1788474214573,-2.1000001,26.98125,-26.1
66695431516437,1788474214583,-2.1750002,27.018751,-26.025002
66695441516437,1788474214593,-2.1937501,27.075,-25.987501
66695451516437,1788474214603,-2.1937501,27.075,-25.893751
66695461516437,1788474214613,-2.30625,27.4125,-25.875002
66695471516437,1788474214623,-2.49375,27.487501,-25.875002
66695481516437,1788474214633,-2.53125,27.2625,-25.575
66695491516437,1788474214643,-2.53125,27.31875,-25.5375
66695501516437,1788474214653,-2.53125,27.281252,-25.66875
66695511516437,1788474214663,-2.3812501,27.112501,-25.650002
66695521516437,1788474214673,-2.30625,27.150002,-25.63125
66695531516437,1788474214683,-2.2125,27.150002,-25.500002
66695541516437,1788474214693,-2.1750002,27.187502,-25.500002
66695551516437,1788474214703,-2.1750002,27.225,-25.5375
66695561516437,1788474214713,-2.1750002,27.31875,-25.800001
66695571516437,1788474214723,-2.41875,27.281252,-25.743752
66695581516437,1788474214733,-2.60625,27.431252,-25.5375
66695591516437,1788474214743,-2.7562501,27.468752,-25.63125
66695601516437,1788474214753,-2.8125,27.281252,-25.687502
66695611516437,1788474214763,-2.71875,27.468752,-25.725
66695621516437,1788474214773,-2.7562501,27.150002,-25.9125
66695631516437,1788474214783,-2.79375,27.13125,-25.931252
66695641516437,1788474214793,-2.9625,27.243752,-25.7625
66695651516437,1788474214803,-2.8500001,27.45,-25.875002
66695661516437,1788474214813,-2.6625001,27.35625,-26.118752
66695671516437,1788474214823,-2.325,27.2625,-26.025002
66695681516437,1788474214833,-2.1750002,27.375002,-26.062502
66695691516437,1788474214843,-2.3625002,27.13125,-26.212502
66695701516437,1788474214853,-2.4,27.2625,-26.081251
66695711516437,1788474214863,-2.34375,27.35625,-26.081251
66695721516437,1788474214873,-2.1750002,27.50625,-26.156252
66695731516437,1788474214883,-2.34375,27.225,-26.04375
66695741516437,1788474214893,-2.5125,27.243752,-25.95
66695751516437,1788474214903,-2.625,27.375002,-25.95
66695761516437,1788474214913,-2.8875,27.54375,-26.025002
66695771516437,1788474214923,-2.79375,27.50625,-25.968752
66695781516437,1788474214933,-2.8125,27.54375,-25.85625
66695791516437,1788474214943,-2.8875,27.375002,-25.931252
66695801516437,1788474214953,-2.9625,27.150002,-25.893751
66695811516437,1788474214963,-3.0187502,27.45,-25.9125
66695821516437,1788474214973,-2.71875,27.243752,-26.1
66695831516437,1788474214983,-2.8125,27.281252,-26.1375
66695841516437,1788474214993,-2.6437502,27.2625,-26.156252
66695851516437,1788474215003,-2.625,27.243752,-26.1
66695861516437,1788474215013,-2.53125,27.206251,-26.23125
66695871516437,1788474215023,-2.4562502,27.31875,-26.156252
66695881516437,1788474215033,-2.5500002,27.300001,-26.118752
66695891516437,1788474215043,-2.3812501,27.112501,-26.19375
66695901516437,1788474215053,-2.4375,27.150002,-26.1375
66695911516437,1788474215063,-2.5500002,27.4125,-25.968752
66695921516437,1788474215073,-2.5687501,27.225,-26.00625
66695931516437,1788474215083,-2.5875,27.4125,-26.00625
66695941516437,1788474215093,-2.86875,27.487501,-25.968752
66695951516437,1788474215103,-2.7562501,27.618752,-25.95
66695961516437,1788474215113,-2.4,27.806252,-25.893751
66695971516437,1788474215123,-2.53125,27.806252,-25.9125
66695981516437,1788474215133,-2.5500002,27.7875,-25.7625
66695991516437,1788474215143,-2.4562502,27.656252,-26.118752
66696001516437,1788474215153,-2.34375,27.581251,-25.968752
66696011516437,1788474215163,-2.49375,27.337502,-25.85625
66696021516437,1788474215173,-2.325,27.112501,-25.85625
66696031516437,1788474215183,-2.49375,26.75625,-25.875002
66696041516437,1788474215193,-2.68125,26.362501,-25.85625
66696051516437,1788474215203,-2.2875001,26.475,-25.893751
66696061516437,1788474215213,-2.41875,26.587502,-25.85625
66696071516437,1788474215223,-2.5500002,26.38125,-25.66875
66696081516437,1788474215233,-2.7562501,26.362501,-25.5375
66696091516437,1788474215243,-2.68125,26.531252,-25.612501
66696101516437,1788474215253,-2.53125,26.79375,-25.181252
66696111516437,1788474215263,-2.5500002,26.8875,-25.031252
66696121516437,1788474215273,-2.4562502,26.98125,-25.087502
66696131516437,1788474215283,-2.5875,26.681252,-25.0125
66696141516437,1788474215293,-2.625,26.531252,-24.900002
66696151516437,1788474215303,-2.41875,26.531252,-24.88125
66696161516437,1788474215313,-2.23125,26.587502,-24.993752
66696171516437,1788474215323,-2.1937501,26.587502,-24.956251
66696181516437,1788474215333,-2.5125,26.456251,-25.3875
66696191516437,1788474215343,-2.5500002,26.5125,-25.66875
66696201516437,1788474215353,-2.6625001,26.475,-25.725
66696211516437,1788474215363,-2.68125,26.56875,-25.66875
66696221516437,1788474215373,-2.7,26.587502,-25.556252
66696231516437,1788474215383,-2.6437502,26.681252,-25.462502
66696241516437,1788474215393,-2.7375002,26.8875,-25.275002
66696251516437,1788474215403,-2.8312502,27.075,-25.237501
66696261516437,1788474215413,-2.5500002,27.075,-25.331251
66696271516437,1788474215423,-2.53125,27.000002,-25.2
66696281516437,1788474215433,-2.6437502,26.98125,-25.275002
66696291516437,1788474215443,-2.6437502,26.925001,-25.518751
66696301516437,1788474215453,-2.71875,27.093752,-25.725
66696311516437,1788474215463,-2.79375,27.112501,-25.837502
66696321516437,1788474215473,-2.9250002,26.94375,-25.85625
66696331516437,1788474215483,-2.775,26.94375,-25.800001
66696341516437,1788474215493,-2.8312502,26.8875,-25.725
66696351516437,1788474215503,-2.60625,26.812502,-25.81875
66696361516437,1788474215513,-2.49375,26.925001,-25.743752
66696371516437,1788474215523,-2.625,26.98125,-25.575
66696381516437,1788474215533,-2.7,26.85,-25.518751
66696391516437,1788474215543,-2.7,26.718752,-25.425001
66696401516437,1788474215553,-2.8312502,26.812502,-25.518751
66696411516437,1788474215563,-2.9437501,26.7,-25.725
66696421516437,1788474215573,-2.68125,26.681252,-26.025002
66696431516437,1788474215583,-2.775,26.79375,-25.893751
66696441516437,1788474215593,-2.8875,26.925001,-25.837502
66696451516437,1788474215603,-2.9625,27.281252,-25.706251
66696461516437,1788474215613,-2.8875,27.375002,-26.00625
66696471516437,1788474215623,-2.9625,27.618752,-25.987501
66696481516437,1788474215633,-2.7,27.525002,-26.00625
66696491516437,1788474215643,-2.775,27.45,-26.081251
66696501516437,1788474215653,-3.15,27.768751,-25.7625
66696511516437,1788474215663,-3.2062502,27.712502,-25.781252
66696521516437,1788474215673,-3.2812502,27.54375,-25.893751
66696531516437,1788474215683,-3.2250001,27.187502,-25.85625
66696541516437,1788474215693,-3.0375001,27.093752,-25.462502
66696551516437,1788474215703,-2.9437501,26.94375,-25.406252
66696561516437,1788474215713,-3.05625,27.093752,-25.331251
66696571516437,1788474215723,-3.0375001,27.018751,-25.125002
66696581516437,1788474215733,-2.71875,26.7,-25.06875
66696591516437,1788474215743,-2.775,26.79375,-25.218752
66696601516437,1788474215753,-2.5500002,26.737501,-25.087502
66696611516437,1788474215763,-2.49375,26.85,-25.275002
66696621516437,1788474215773,-2.4375,27.000002,-25.462502
66696631516437,1788474215783,-2.49375,27.075,-25.706251
66696641516437,1788474215793,-2.2687502,27.000002,-25.593752
66696651516437,1788474215803,-2.1000001,27.0375,-25.7625
66696661516437,1788474215813,-2.2687502,27.243752,-25.893751
66696671516437,1788474215823,-2.1000001,27.225,-25.687502
66696681516437,1788474215833,-2.1000001,27.525002,-25.7625
66696691516437,1788474215843,-2.25,27.4125,-25.781252
66696701516437,1788474215853,-2.25,27.2625,-25.875002
66696711516437,1788474215863,-2.11875,27.187502,-25.687502
66696721516437,1788474215873,-2.4375,27.35625,-25.81875
66696731516437,1788474215883,-2.4375,27.337502,-25.800001
66696741516437,1788474215893,-2.5500002,27.206251,-25.7625
66696751516437,1788474215903,-2.5687501,27.243752,-25.81875
66696761516437,1788474215913,-2.5687501,27.000002,-25.687502
66696771516437,1788474215923,-2.3812501,27.000002,-25.650002
66696781516437,1788474215933,-2.5500002,27.243752,-25.3875
66696791516437,1788474215943,-2.5687501,27.243752,-25.48125
66696801516437,1788474215953,-2.41875,26.962502,-25.406252
66696811516437,1788474215963,-2.5500002,26.962502,-25.406252
66696821516437,1788474215973,-2.5687501,26.75625,-25.25625
66696831516437,1788474215983,-2.6625001,26.5125,-25.181252
66696841516437,1788474215993,-2.71875,26.775002,-25.35
66696851516437,1788474216003,-2.7375002,26.85,-25.368752
66696861516437,1788474216013,-2.79375,26.79375,-25.650002
66696871516437,1788474216023,-2.79375,26.8875,-25.706251
66696881516437,1788474216033,-2.68125,27.056252,-25.725
66696891516437,1788474216043,-2.68125,27.056252,-25.725
66696901516437,1788474216053,-2.6437502,27.2625,-25.837502
66696911516437,1788474216063,-2.625,27.768751,-25.9125
66696921516437,1788474216073,-2.41875,27.6,-25.743752
66696931516437,1788474216083,-2.3625002,27.50625,-25.63125
66696941516437,1788474216093,-2.2125,27.50625,-25.500002
66696951516437,1788474216103,-2.4,27.35625,-25.48125
66696961516437,1788474216113,-2.4,27.187502,-25.556252
66696971516437,1788474216123,-2.3812501,27.16875,-25.5375
66696981516437,1788474216133,-2.3625002,26.962502,-25.331251
66696991516437,1788474216143,-2.3812501,26.437502,-25.2
66697001516437,1788474216153,-2.53125,26.531252,-25.275002
66697011516437,1788474216163,-2.49375,26.79375,-25.25625
66697021516437,1788474216173,-2.41875,26.868752,-25.2
66697031516437,1788474216183,-2.4750001,27.0375,-25.10625
66697041516437,1788474216193,-2.5875,27.281252,-24.975
66697051516437,1788474216203,-2.6625001,27.243752,-24.656252
66697061516437,1788474216213,-2.5875,27.431252,-24.7875
66697071516437,1788474216223,-2.68125,27.656252,-25.0125
66697081516437,1788474216233,-2.6437502,27.750002,-25.06875
66697091516437,1788474216243,-2.8312502,27.6,-25.06875
66697101516437,1788474216253,-2.9250002,27.562502,-25.06875
66697111516437,1788474216263,-2.71875,27.487501,-24.993752
66697121516437,1788474216273,-2.34375,27.393751,-24.993752
66697131516437,1788474216283,-2.41875,27.4125,-25.1625
66697141516437,1788474216293,-2.5687501,27.4125,-25.25625
66697151516437,1788474216303,-2.3812501,27.50625,-25.125002
66697161516437,1788474216313,-2.2687502,27.31875,-25.050001
66697171516437,1788474216323,-2.1750002,27.16875,-25.181252
66697181516437,1788474216333,-2.30625,27.000002,-25.1625
66697191516437,1788474216343,-2.25,27.056252,-25.3875
66697201516437,1788474216353,-2.79375,27.075,-25.63125
66697211516437,1788474216363,-2.60625,27.187502,-25.800001
66697221516437,1788474216373,-2.625,27.16875,-25.781252
66697231516437,1788474216383,-2.8125,27.000002,-25.781252
66697241516437,1788474216393,-2.98125,26.925001,-25.7625
66697251516437,1788474216403,-2.9625,27.000002,-25.800001
66697261516437,1788474216413,-2.9250002,26.925001,-26.1375
66697271516437,1788474216423,-3.0937502,26.94375,-25.931252
66697281516437,1788474216433,-2.8875,26.812502,-25.85625
66697291516437,1788474216443,-2.9250002,26.906252,-25.725
66697301516437,1788474216453,-2.86875,26.94375,-25.66875
66697311516437,1788474216463,-2.5875,26.775002,-25.85625
66697321516437,1788474216473,-2.7375002,27.056252,-26.081251
66697331516437,1788474216483,-2.8125,27.112501,-25.81875
66697341516437,1788474216493,-2.6625001,27.393751,-25.593752
66697351516437,1788474216503,-2.7,27.093752,-25.575
66697361516437,1788474216513,-2.6437502,27.093752,-25.63125
66697371516437,1788474216523,-2.60625,27.056252,-25.725
66697381516437,1788474216533,-2.5125,27.112501,-25.725
66697391516437,1788474216543,-2.8500001,27.2625,-25.518751
66697401516437,1788474216553,-2.6625001,27.206251,-25.1625
66697411516437,1788474216563,-2.53125,27.31875,-25.050001
66697421516437,1788474216573,-2.71875,27.112501,-25.1625
66697431516437,1788474216583,-2.4750001,27.243752,-25.06875
66697441516437,1788474216593,-2.5125,27.300001,-25.0125
66697451516437,1788474216603,-2.5500002,27.35625,-25.0125
66697461516437,1788474216613,-2.625,27.4125,-25.087502
66697471516437,1788474216623,-2.53125,27.50625,-25.087502
66697481516437,1788474216633,-2.7562501,27.225,-25.406252
66697491516437,1788474216643,-3.0,27.112501,-25.63125
66697501516437,1788474216653,-2.86875,27.243752,-25.425001
66697511516437,1788474216663,-3.16875,27.281252,-25.500002
66697521516437,1788474216673,-3.2625,27.281252,-25.650002
66697531516437,1788474216683,-3.3187501,27.4125,-25.556252
66697541516437,1788474216693,-3.3000002,27.300001,-25.48125
66697551516437,1788474216703,-3.24375,27.31875,-25.612501
66697561516437,1788474216713,-3.075,27.35625,-25.518751
66697571516437,1788474216723,-2.8875,27.187502,-25.575
66697581516437,1788474216733,-2.8875,27.281252,-25.612501
66697591516437,1788474216743,-2.9250002,27.187502,-25.743752
66697601516437,1788474216753,-2.8875,27.112501,-25.63125
66697611516437,1788474216763,-2.8125,26.962502,-25.593752
66697621516437,1788474216773,-2.8125,27.13125,-25.48125
66697631516437,1788474216783,-2.7,26.98125,-25.425001
66697641516437,1788474216793,-2.7,27.018751,-25.612501
66697651516437,1788474216803,-2.7562501,27.187502,-25.63125
66697661516437,1788474216813,-2.60625,26.94375,-25.575
66697671516437,1788474216823,-2.325,26.98125,-25.48125
66697681516437,1788474216833,-2.1750002,26.906252,-25.275002
66697691516437,1788474216843,-2.2875001,26.6625,-25.44375
66697701516437,1788474216853,-2.2125,26.5125,-25.556252
66697711516437,1788474216863,-2.25,26.56875,-25.612501
66697721516437,1788474216873,-2.15625,26.625002,-25.518751
66697731516437,1788474216883,-2.0812502,26.550001,-25.500002
66697741516437,1788474216893,-2.325,26.587502,-25.5375
66697751516437,1788474216903,-2.4375,26.6625,-25.612501
66697761516437,1788474216913,-2.4750001,26.625002,-25.781252
66697771516437,1788474216923,-2.1750002,26.7,-25.931252
66697781516437,1788474216933,-2.0812502,26.7,-26.04375
66697791516437,1788474216943,-2.0812502,26.60625,-25.893751
66697801516437,1788474216953,-2.30625,26.56875,-25.725
66697811516437,1788474216963,-2.34375,26.56875,-25.7625
66697821516437,1788474216973,-2.41875,26.531252,-25.743752
66697831516437,1788474216983,-2.5125,26.493752,-25.837502
66697841516437,1788474216993,-2.5875,26.38125,-25.81875
66697851516437,1788474217003,-2.90625,26.250002,-25.63125
66697861516437,1788474217013,-3.15,26.062502,-25.5375
66697871516437,1788474217023,-3.1875002,26.2875,-25.575
66697881516437,1788474217033,-2.9625,26.2875,-25.612501
66697891516437,1788474217043,-3.0187502,26.456251,-25.593752
66697901516437,1788474217053,-2.9625,26.456251,-25.500002
66697911516437,1788474217063,-2.8125,26.5125,-25.3875
66697921516437,1788474217073,-2.5687501,26.75625,-25.312502
66697931516437,1788474217083,-2.4750001,27.056252,-25.218752
66697941516437,1788474217093,-2.2687502,27.375002,-25.331251
66697951516437,1788474217103,-2.04375,27.187502,-25.518751
66697961516437,1788474217113,-2.25,27.243752,-25.63125
66697971516437,1788474217123,-2.30625,27.150002,-25.66875
66697981516437,1788474217133,-2.15625,27.13125,-25.837502
66697991516437,1788474217143,-2.1937501,27.187502,-25.875002
66698001516437,1788474217153,-2.325,27.150002,-25.987501
66698011516437,1788474217163,-2.30625,27.056252,-26.062502
66698021516437,1788474217173,-2.34375,27.000002,-25.875002
66698031516437,1788474217183,-2.5125,27.206251,-25.800001
66698041516437,1788474217193,-2.41875,27.2625,-25.743752
66698051516437,1788474217203,-2.3625002,27.112501,-25.650002
66698061516437,1788474217213,-2.41875,27.243752,-25.593752
66698071516437,1788474217223,-2.5125,27.16875,-25.331251
66698081516437,1788474217233,-2.4750001,27.093752,-25.181252
66698091516437,1788474217243,-2.53125,26.98125,-25.06875
66698101516437,1788474217253,-2.53125,26.8875,-25.0125
66698111516437,1788474217263,-2.6437502,26.587502,-25.0125
66698121516437,1788474217273,-2.6437502,26.812502,-25.06875
66698131516437,1788474217283,-2.5500002,26.812502,-25.050001
66698141516437,1788474217293,-2.4562502,26.737501,-25.181252
66698151516437,1788474217303,-2.325,26.94375,-25.218752
66698161516437,1788474217313,-2.2125,27.206251,-25.462502
66698171516437,1788474217323,-2.325,27.4125,-25.575
66698181516437,1788474217333,-2.15625,27.581251,-25.95
66698191516437,1788474217343,-2.1375,27.843752,-26.062502
66698201516437,1788474217353,-1.8937501,27.6,-25.931252
66698211516437,1788474217363,-2.0625,27.91875,-25.837502
66698221516437,1788474217373,-2.15625,27.862501,-25.837502
66698231516437,1788474217383,-2.2125,27.73125,-25.81875
66698241516437,1788474217393,-2.5125,27.50625,-25.500002
66698251516437,1788474217403,-2.30625,27.35625,-25.331251
66698261516437,1788474217413,-2.4562502,27.093752,-25.181252
66698271516437,1788474217423,-2.2875001,27.281252,-24.88125
66698281516437,1788474217433,-2.7,27.243752,-24.7875
66698291516437,1788474217443,-2.5500002,27.056252,-24.975
66698301516437,1788474217453,-2.5125,27.206251,-25.06875
66698311516437,1788474217463,-2.625,27.225,-25.218752
66698321516437,1788474217473,-2.4750001,27.431252,-25.331251
66698331516437,1788474217483,-2.5500002,27.50625,-25.5375
66698341516437,1788474217493,-2.5687501,27.525002,-25.518751
66698351516437,1788474217503,-2.6437502,27.300001,-25.781252
66698361516437,1788474217513,-2.5500002,27.525002,-26.025002
66698371516437,1788474217523,-2.53125,27.393751,-25.893751
66698381516437,1788474217533,-2.53125,27.431252,-25.85625
66698391516437,1788474217543,-2.5875,27.206251,-25.9125
66698401516437,1788474217553,-2.9250002,26.925001,-25.987501
66698411516437,1788474217563,-3.0375001,26.85,-26.025002
66698421516437,1788474217573,-2.9625,27.018751,-26.04375
66698431516437,1788474217583,-3.05625,27.000002,-25.931252
66698441516437,1788474217593,-2.9625,26.868752,-25.85625
66698451516437,1788474217603,-3.0187502,27.000002,-25.9125
66698461516437,1788474217613,-3.3937502,26.8875,-25.650002
66698471516437,1788474217623,-3.3187501,27.056252,-25.63125
66698481516437,1788474217633,-2.8312502,27.0375,-25.650002
66698491516437,1788474217643,-2.71875,27.150002,-25.518751
66698501516437,1788474217653,-2.9250002,27.206251,-25.406252
66698511516437,1788474217663,-2.71875,27.093752,-25.25625
66698521516437,1788474217673,-2.8125,27.000002,-25.25625
66698531516437,1788474217683,-2.8875,26.906252,-25.087502
66698541516437,1788474217693,-2.6437502,27.018751,-25.25625
66698551516437,1788474217703,-2.625,27.075,-25.218752
66698561516437,1788474217713,-2.7,27.45,-25.275002
66698571516437,1788474217723,-2.7,27.35625,-25.143751
66698581516437,1788474217733,-2.3812501,27.2625,-25.050001
66698591516437,1788474217743,-2.5500002,27.35625,-25.143751
66698601516437,1788474217753,-2.68125,27.4125,-25.0125
66698611516437,1788474217763,-2.49375,27.45,-25.050001
66698621516437,1788474217773,-2.4750001,27.675001,-24.88125
66698631516437,1788474217783,-2.4750001,27.6375,-24.88125
66698641516437,1788474217793,-2.7,27.468752,-24.825
66698651516437,1788474217803,-2.5125,27.54375,-24.88125
66698661516437,1788474217813,-2.79375,27.712502,-25.2
66698671516437,1788474217823,-2.86875,27.750002,-25.0125
66698681516437,1788474217833,-2.7,27.69375,-25.143751
66698691516437,1788474217843,-2.71875,27.656252,-25.44375
66698701516437,1788474217853,-2.4562502,27.4125,-25.612501
66698711516437,1788474217863,-2.2125,27.393751,-25.66875
66698721516437,1788474217873,-1.9875001,27.187502,-25.5375
66698731516437,1788474217883,-2.0062501,27.16875,-25.687502
66698741516437,1788474217893,-1.9875001,26.737501,-25.743752
66698751516437,1788474217903,-1.8375001,26.718752,-25.837502
66698761516437,1788474217913,-1.8000001,26.775002,-25.800001
66698771516437,1788474217923,-1.8750001,26.79375,-25.725
66698781516437,1788474217933,-2.025,26.587502,-25.650002
66698791516437,1788474217943,-2.3625002,26.493752,-25.650002
66698801516437,1788474217953,-2.5687501,26.79375,-25.931252
66698811516437,1788474217963,-2.8125,26.625002,-25.743752
66698821516437,1788474217973,-2.9250002,26.8875,-25.462502
66698831516437,1788474217983,-2.98125,26.925001,-25.725
66698841516437,1788474217993,-3.0375001,26.962502,-25.687502
66698851516437,1788474218003,-2.86875,27.187502,-25.48125
66698861516437,1788474218013,-3.0,27.487501,-25.44375
66698871516437,1788474218023,-2.90625,27.393751,-25.35
66698881516437,1788474218033,-2.71875,27.31875,-25.425001
66698891516437,1788474218043,-2.7375002,27.300001,-25.5375
66698901516437,1788474218053,-2.5875,27.187502,-25.650002
66698911516437,1788474218063,-2.5875,27.187502,-25.406252
66698921516437,1788474218073,-2.5875,27.150002,-25.368752
66698931516437,1788474218083,-2.49375,26.85,-25.462502
66698941516437,1788474218093,-2.4,26.643751,-25.3875
66698951516437,1788474218103,-2.4,26.7,-25.406252
66698961516437,1788474218113,-2.6625001,26.60625,-24.91875
66698971516437,1788474218123,-2.49375,26.962502,-25.10625
66698981516437,1788474218133,-2.6437502,27.093752,-24.825
66698991516437,1788474218143,-2.49375,27.187502,-24.993752
66699001516437,1788474218153,-2.49375,27.0375,-25.087502
66699011516437,1788474218163,-2.7562501,27.16875,-25.143751
66699021516437,1788474218173,-2.8125,27.35625,-25.368752
66699031516437,1788474218183,-2.7375002,27.487501,-25.44375
66699041516437,1788474218193,-2.34375,27.6375,-25.462502
66699051516437,1788474218203,-2.4375,27.468752,-25.368752
66699061516437,1788474218213,-2.11875,27.525002,-25.406252
66699071516437,1788474218223,-2.2125,27.4125,-25.312502
66699081516437,1788474218233,-2.4,27.468752,-25.425001
66699091516437,1788474218243,-2.3812501,27.375002,-25.312502
66699101516437,1788474218253,-2.2687502,27.018751,-25.29375
66699111516437,1788474218263,-2.0062501,27.0375,-24.900002
66699121516437,1788474218273,-2.2875001,26.75625,-25.087502
66699131516437,1788474218283,-2.2875001,26.681252,-24.937502
66699141516437,1788474218293,-2.4562502,26.550001,-25.143751
66699151516437,1788474218303,-2.4375,26.56875,-25.1625
66699161516437,1788474218313,-2.2875001,26.625002,-24.843752
66699171516437,1788474218323,-2.3625002,26.812502,-24.7875
66699181516437,1788474218333,-2.4562502,27.13125,-24.843752
66699191516437,1788474218343,-2.775,26.925001,-25.275002
66699201516437,1788474218353,-2.90625,27.000002,-25.1625
66699211516437,1788474218363,-2.86875,27.13125,-25.29375
66699221516437,1788474218373,-2.86875,27.225,-25.2
66699231516437,1788474218383,-3.0,27.375002,-25.35
66699241516437,1788474218393,-2.79375,27.35625,-25.462502
66699251516437,1788474218403,-2.6625001,27.431252,-25.63125
66699261516437,1788474218413,-2.7,27.2625,-25.500002
66699271516437,1788474218423,-2.5875,27.468752,-25.29375
66699281516437,1788474218433,-2.3812501,27.4125,-25.35
66699291516437,1788474218443,-2.4,27.31875,-25.48125
66699301516437,1788474218453,-2.34375,27.375002,-25.48125
66699311516437,1788474218463,-2.30625,27.337502,-25.312502
66699321516437,1788474218473,-2.4750001,27.093752,-25.29375
66699331516437,1788474218483,-2.5125,27.0375,-25.312502
66699341516437,1788474218493,-2.34375,27.2625,-25.3875
66699351516437,1788474218503,-2.4,27.000002,-25.593752
66699361516437,1788474218513,-2.2875001,27.112501,-25.575
66699371516437,1788474218523,-2.2125,27.13125,-25.368752
66699381516437,1788474218533,-2.1750002,27.056252,-25.5375
66699391516437,1788474218543,-2.025,26.94375,-25.687502
66699401516437,1788474218553,-2.1000001,27.337502,-25.612501
66699411516437,1788474218563,-2.0625,27.31875,-25.500002
66699421516437,1788474218573,-2.23125,27.187502,-25.556252
66699431516437,1788474218583,-2.2125,27.45,-25.556252
66699441516437,1788474218593,-2.4750001,27.487501,-25.500002
66699451516437,1788474218603,-2.625,27.243752,-25.5375
66699461516437,1788474218613,-2.8125,27.206251,-25.48125
66699471516437,1788474218623,-3.05625,27.225,-25.66875
66699481516437,1788474218633,-2.9250002,27.13125,-25.875002
66699491516437,1788474218643,-3.0,27.000002,-25.968752
66699501516437,1788474218653,-2.86875,27.018751,-25.893751
66699511516437,1788474218663,-2.775,27.225,-25.9125
66699521516437,1788474218673,-2.60625,27.093752,-26.1375
66699531516437,1788474218683,-2.625,27.468752,-26.1
66699541516437,1788474218693,-2.3812501,27.337502,-26.325
66699551516437,1788474218703,-2.0812502,27.45,-26.04375
66699561516437,1788474218713,-2.2125,27.618752,-26.00625
66699571516437,1788474218723,-2.30625,27.900002,-26.00625
66699581516437,1788474218733,-2.4,27.900002,-25.968752
66699591516437,1788474218743,-2.325,27.843752,-25.987501
66699601516437,1788474218753,-2.53125,27.91875,-25.706251
66699611516437,1788474218763,-2.625,28.06875,-25.706251
66699621516437,1788474218773,-2.7562501,28.218752,-25.44375
66699631516437,1788474218783,-2.90625,28.181252,-25.500002
66699641516437,1788474218793,-2.6437502,27.937502,-25.612501
66699651516437,1788474218803,-2.6437502,27.88125,-25.518751
66699661516437,1788474218813,-2.5875,27.862501,-25.35
66699671516437,1788474218823,-2.90625,27.806252,-25.2
66699681516437,1788474218833,-2.6625001,28.06875,-25.368752
66699691516437,1788474218843,-2.53125,27.900002,-25.368752
66699701516437,1788474218853,-2.4750001,27.993752,-25.275002
66699711516437,1788474218863,-2.5500002,27.975,-25.25625
66699721516437,1788474218873,-2.625,28.06875,-24.993752
66699731516437,1788474218883,-2.3625002,27.975,-24.975
66699741516437,1788474218893,-2.5125,27.956251,-25.275002
66699751516437,1788474218903,-2.41875,27.937502,-25.331251
66699761516437,1788474218913,-2.53125,27.73125,-25.218752
66699771516437,1788474218923,-2.625,27.6375,-25.25625
66699781516437,1788474218933,-2.71875,27.50625,-25.25625
66699791516437,1788474218943,-2.5500002,27.431252,-25.275002
66699801516437,1788474218953,-2.68125,27.337502,-25.368752
66699811516437,1788474218963,-2.7,27.31875,-25.3875
66699821516437,1788474218973,-2.7,27.50625,-25.1625
66699831516437,1788474218983,-2.8500001,27.281252,-25.143751
66699841516437,1788474218993,-2.775,27.2625,-25.1625
66699851516437,1788474219003,-2.6437502,27.375002,-25.29375
66699861516437,1788474219013,-2.68125,27.487501,-25.35
66699871516437,1788474219023,-2.7,27.31875,-25.331251
66699881516437,1788474219033,-2.60625,27.281252,-25.3875
66699891516437,1788474219043,-2.5875,27.187502,-25.48125
66699901516437,1788474219053,-2.5687501,26.94375,-25.63125
66699911516437,1788474219063,-2.2125,27.018751,-25.650002
66699921516437,1788474219073,-2.1750002,27.018751,-25.612501
66699931516437,1788474219083,-2.2125,27.0375,-25.66875
66699941516437,1788474219093,-2.1750002,26.85,-25.63125
66699951516437,1788474219103,-2.2125,27.300001,-25.575
66699961516437,1788474219113,-2.34375,27.487501,-25.9125
66699971516437,1788474219123,-2.41875,27.6375,-25.875002
66699981516437,1788474219133,-2.2875001,27.54375,-25.837502
66699991516437,1788474219143,-2.23125,27.581251,-25.9125
66700001516437,1788474219153,-2.2875001,27.562502,-26.062502
66700011516437,1788474219163,-2.3812501,27.375002,-26.025002
66700021516437,1788474219173,-2.3625002,27.375002,-26.062502
66700031516437,1788474219183,-2.30625,27.075,-26.025002
66700041516437,1788474219193,-2.15625,26.98125,-25.800001
66700051516437,1788474219203,-2.2687502,26.868752,-25.9125
66700061516437,1788474219213,-2.3812501,26.925001,-25.837502
66700071516437,1788474219223,-2.7562501,26.85,-25.650002
66700081516437,1788474219233,-2.7562501,26.718752,-25.556252
66700091516437,1788474219243,-2.6625001,26.718752,-25.462502
66700101516437,1788474219253,-2.625,26.85,-25.63125
66700111516437,1788474219263,-2.5875,26.98125,-25.725
66700121516437,1788474219273,-2.5125,26.643751,-25.66875
66700131516437,1788474219283,-2.53125,26.625002,-25.462502
66700141516437,1788474219293,-2.3812501,26.625002,-25.425001
66700151516437,1788474219303,-2.23125,26.41875,-25.7625
66700161516437,1788474219313,-2.2687502,26.718752,-25.837502
66700171516437,1788474219323,-2.23125,26.75625,-25.95
66700181516437,1788474219333,-2.2875001,26.75625,-25.9125
66700191516437,1788474219343,-2.3812501,26.531252,-25.85625
66700201516437,1788474219353,-2.49375,26.718752,-25.837502
66700211516437,1788474219363,-2.30625,26.6625,-26.04375
66700221516437,1788474219373,-2.5125,26.75625,-26.1
66700231516437,1788474219383,-2.4750001,27.13125,-25.7625
66700241516437,1788474219393,-2.34375,26.868752,-25.875002
66700251516437,1788474219403,-2.2875001,26.94375,-25.800001
66700261516437,1788474219413,-2.4,26.906252,-25.7625
66700271516437,1788474219423,-2.3812501,26.94375,-26.118752
66700281516437,1788474219433,-2.2125,27.206251,-26.250002
66700291516437,1788474219443,-2.34375,27.2625,-26.343752
66700301516437,1788474219453,-2.34375,27.300001,-26.400002
66700311516437,1788474219463,-2.60625,27.056252,-26.7
66700321516437,1788474219473,-2.7,27.112501,-26.56875
66700331516437,1788474219483,-2.90625,27.056252,-26.718752
66700341516437,1788474219493,-2.8125,27.000002,-26.925001
66700351516437,1788474219503,-2.9250002,27.206251,-26.75625
66700361516437,1788474219513,-3.15,27.018751,-26.6625
66700371516437,1788474219523,-3.1875002,27.13125,-26.531252
66700381516437,1788474219533,-3.1125002,27.112501,-26.643751
66700391516437,1788474219543,-2.86875,27.2625,-26.550001
66700401516437,1788474219553,-2.90625,27.31875,-26.60625
66700411516437,1788474219563,-2.9250002,27.581251,-26.400002
66700421516437,1788474219573,-3.0937502,27.768751,-26.175001
66700431516437,1788474219583,-3.16875,27.656252,-25.743752
66700441516437,1788474219593,-3.0187502,27.675001,-25.66875
66700451516437,1788474219603,-2.9437501,27.656252,-25.462502
66700461516437,1788474219613,-2.79375,27.750002,-25.331251
66700471516437,1788474219623,-2.71875,27.675001,-25.48125
66700481516437,1788474219633,-2.71875,27.581251,-25.63125
66700491516437,1788474219643,-2.86875,27.431252,-25.7625
66700501516437,1788474219653,-2.7,27.206251,-25.687502
66700511516437,1788474219663,-2.4,27.300001,-25.95
66700521516437,1788474219673,-2.4375,27.431252,-26.081251
66700531516437,1788474219683,-2.4375,27.375002,-26.362501
66700541516437,1788474219693,-2.34375,27.187502,-26.56875
66700551516437,1788474219703,-2.34375,27.225,-26.38125
66700561516437,1788474219713,-2.4375,27.431252,-26.400002
66700571516437,1788474219723,-2.325,27.281252,-26.343752
66700581516437,1788474219733,-2.2687502,27.206251,-26.362501
66700591516437,1788474219743,-2.34375,27.281252,-26.531252
66700601516437,1788474219753,-2.325,27.150002,-26.737501
66700611516437,1788474219763,-2.41875,27.206251,-26.5125
66700621516437,1788474219773,-2.7562501,27.13125,-26.531252
66700631516437,1788474219783,-3.0187502,27.018751,-26.531252
66700641516437,1788474219793,-2.98125,27.018751,-26.437502
66700651516437,1788474219803,-2.8500001,27.375002,-26.268751
66700661516437,1788474219813,-2.90625,27.45,-26.531252
66700671516437,1788474219823,-2.8875,27.13125,-26.456251
66700681516437,1788474219833,-2.79375,27.0375,-26.38125
66700691516437,1788474219843,-2.8125,27.150002,-26.7
66700701516437,1788474219853,-2.71875,27.225,-26.550001
66700711516437,1788474219863,-2.7,27.35625,-26.718752
66700721516437,1788474219873,-2.5687501,27.300001,-26.718752
66700731516437,1788474219883,-2.4562502,27.13125,-26.718752
66700741516437,1788474219893,-2.5125,27.112501,-26.493752
66700751516437,1788474219903,-2.6625001,27.018751,-26.437502
66700761516437,1788474219913,-2.7562501,27.206251,-26.268751
66700771516437,1788474219923,-2.775,27.225,-26.250002
66700781516437,1788474219933,-2.53125,27.13125,-26.212502
66700791516437,1788474219943,-2.2125,27.16875,-26.00625
66700801516437,1788474219953,-2.2875001,27.225,-26.025002
66700811516437,1788474219963,-2.4,27.150002,-25.931252
66700821516437,1788474219973,-2.2125,27.13125,-26.175001
66700831516437,1788474219983,-2.11875,27.4125,-26.081251
66700841516437,1788474219993,-2.04375,27.35625,-26.250002
66700851516437,1788474220003,-1.9312501,27.150002,-26.118752
66700861516437,1788474220013,-2.2687502,27.281252,-26.081251
66700871516437,1788474220023,-2.30625,27.150002,-26.025002
66700881516437,1788474220033,-2.34375,27.093752,-25.81875
66700891516437,1788474220043,-2.4562502,27.375002,-25.987501
66700901516437,1788474220053,-2.625,27.281252,-25.85625
66700911516437,1788474220063,-2.7562501,27.243752,-25.725
66700921516437,1788474220073,-2.90625,27.31875,-25.500002
66700931516437,1788474220083,-2.90625,27.2625,-25.500002
66700941516437,1788474220093,-2.5687501,27.337502,-25.593752
66700951516437,1788474220103,-2.6437502,27.45,-25.575
66700961516437,1788474220113,-2.53125,27.337502,-25.556252
66700971516437,1788474220123,-2.3625002,27.16875,-25.687502
66700981516437,1788474220133,-2.4,27.300001,-25.63125
66700991516437,1788474220143,-2.1937501,27.206251,-25.95
66701001516437,1788474220153,-2.23125,27.206251,-25.893751
66701011516437,1788474220163,-2.2875001,27.281252,-25.987501
66701021516437,1788474220173,-2.5687501,27.300001,-25.893751
66701031516437,1788474220183,-2.8125,27.393751,-26.00625
66701041516437,1788474220193,-2.8500001,27.45,-26.250002
66701051516437,1788474220203,-2.8500001,27.54375,-26.156252
66701061516437,1788474220213,-2.90625,27.50625,-26.118752
66701071516437,1788474220223,-3.0375001,27.581251,-25.968752
66701081516437,1788474220233,-2.7562501,27.4125,-25.931252
66701091516437,1788474220243,-2.7,27.50625,-25.66875
66701101516437,1788474220253,-2.6625001,27.187502,-25.575
66701111516437,1788474220263,-2.5875,27.056252,-25.575
66701121516437,1788474220273,-2.625,27.018751,-25.500002
66701131516437,1788474220283,-2.49375,26.718752,-25.406252
66701141516437,1788474220293,-2.30625,26.85,-25.181252
66701151516437,1788474220303,-2.1375,27.000002,-25.35
66701161516437,1788474220313,-2.30625,27.018751,-25.556252
66701171516437,1788474220323,-2.2687502,26.925001,-25.687502
66701181516437,1788474220333,-2.2687502,27.243752,-25.687502
66701191516437,1788474220343,-2.2125,27.13125,-25.7625
66701201516437,1788474220353,-2.04375,27.075,-25.556252
66701211516437,1788474220363,-2.23125,27.056252,-25.5375
66701221516437,1788474220373,-2.1750002,26.94375,-25.706251
66701231516437,1788474220383,-2.11875,26.925001,-25.687502
66701241516437,1788474220393,-2.1937501,27.13125,-25.66875
66701251516437,1788474220403,-2.11875,26.925001,-25.650002
66701261516437,1788474220413,-2.0625,26.925001,-25.725
66701271516437,1788474220423,-1.85625,26.925001,-25.85625
66701281516437,1788474220433,-1.8000001,26.868752,-26.1375
66701291516437,1788474220443,-1.9687501,27.000002,-26.23125
66701301516437,1788474220453,-2.1375,26.962502,-26.362501
66701311516437,1788474220463,-2.68125,26.962502,-26.175001
66701321516437,1788474220473,-2.79375,26.79375,-26.04375
66701331516437,1788474220483,-2.79375,27.187502,-25.875002
66701341516437,1788474220493,-2.775,27.000002,-25.9125
66701351516437,1788474220503,-3.2062502,27.056252,-25.63125
66701361516437,1788474220513,-3.3375,27.056252,-25.368752
66701371516437,1788474220523,-3.0937502,26.98125,-25.368752
66701381516437,1788474220533,-3.1875002,27.018751,-25.031252
66701391516437,1788474220543,-2.8875,27.000002,-25.050001
66701401516437,1788474220553,-2.5875,27.000002,-25.10625
66701411516437,1788474220563,-2.775,26.79375,-25.275002
66701421516437,1788474220573,-2.9437501,26.98125,-25.29375
66701431516437,1788474220583,-2.71875,27.0375,-25.406252
66701441516437,1788474220593,-2.5875,27.225,-25.406252
66701451516437,1788474220603,-2.49375,27.206251,-25.331251
66701461516437,1788474220613,-2.4,27.187502,-25.518751
66701471516437,1788474220623,-2.3625002,27.150002,-25.518751
66701481516437,1788474220633,-2.4750001,27.16875,-25.406252
66701491516437,1788474220643,-2.3625002,27.112501,-25.518751
66701501516437,1788474220653,-2.2125,26.925001,-25.48125
66701511516437,1788474220663,-2.23125,26.906252,-25.368752
66701521516437,1788474220673,-2.4,26.8875,-25.44375
66701531516437,1788474220683,-2.4562502,26.925001,-25.687502
66701541516437,1788474220693,-2.30625,26.925001,-25.743752
66701551516437,1788474220703,-2.5875,26.681252,-25.650002
66701561516437,1788474220713,-2.7562501,26.6625,-25.95
66701571516437,1788474220723,-2.7562501,26.56875,-25.66875
66701581516437,1788474220733,-2.6625001,26.625002,-25.612501
66701591516437,1788474220743,-2.5500002,26.79375,-25.9125
66701601516437,1788474220753,-2.41875,26.79375,-25.95
66701611516437,1788474220763,-2.3812501,26.7,-25.800001
66701621516437,1788474220773,-2.41875,26.625002,-25.63125
66701631516437,1788474220783,-2.04375,27.243752,-25.9125
66701641516437,1788474220793,-1.85625,27.206251,-25.725
66701651516437,1788474220803,-1.8937501,27.337502,-25.875002
66701661516437,1788474220813,-1.95,27.581251,-25.968752
66701671516437,1788474220823,-2.0625,27.4125,-25.85625
66701681516437,1788474220833,-2.325,27.281252,-25.875002
66701691516437,1788474220843,-2.5500002,27.45,-25.63125
66701701516437,1788474220853,-2.5875,27.825,-25.593752
66701711516437,1788474220863,-2.6625001,27.468752,-25.575
66701721516437,1788474220873,-2.7375002,27.487501,-25.462502
66701731516437,1788474220883,-2.8875,27.618752,-25.500002
66701741516437,1788474220893,-2.7562501,27.375002,-25.48125
66701751516437,1788474220903,-2.5875,27.2625,-25.63125
66701761516437,1788474220913,-2.4,27.468752,-25.5375
66701771516437,1788474220923,-2.34375,27.468752,-25.781252
66701781516437,1788474220933,-2.5500002,27.0375,-26.081251
66701791516437,1788474220943,-2.53125,27.000002,-25.95
66701801516437,1788474220953,-2.6625001,26.94375,-26.025002
66701811516437,1788474220963,-2.6437502,26.681252,-25.781252
66701821516437,1788474220973,-2.90625,26.718752,-25.66875
66701831516437,1788474220983,-2.8312502,26.79375,-25.406252
66701841516437,1788474220993,-2.9625,26.550001,-25.275002
66701851516437,1788474221003,-2.86875,26.60625,-25.237501
66701861516437,1788474221013,-2.6437502,26.60625,-25.237501
66701871516437,1788474221023,-2.6625001,26.550001,-25.312502
66701881516437,1788474221033,-2.5500002,26.643751,-25.462502
66701891516437,1788474221043,-2.2875001,26.831251,-25.7625
66701901516437,1788474221053,-2.2875001,26.831251,-25.7625
66701911516437,1788474221063,-2.5125,27.075,-25.781252
66701921516437,1788474221073,-2.53125,27.206251,-25.987501
66701931516437,1788474221083,-2.53125,27.018751,-26.025002
66701941516437,1788474221093,-2.49375,27.243752,-26.00625
66701951516437,1788474221103,-2.60625,27.243752,-25.9125
66701961516437,1788474221113,-2.68125,27.243752,-25.743752
66701971516437,1788474221123,-2.7562501,27.35625,-25.612501
66701981516437,1788474221133,-2.5875,27.337502,-25.500002
66701991516437,1788474221143,-2.7,27.0375,-25.5375
66702001516437,1788474221153,-2.5125,26.906252,-25.500002
66702011516437,1788474221163,-2.71875,26.868752,-25.29375
66702021516437,1788474221173,-2.5500002,26.8875,-25.031252
66702031516437,1788474221183,-2.2875001,27.056252,-25.143751
66702041516437,1788474221193,-2.11875,27.000002,-25.218752
66702051516437,1788474221203,-2.2687502,26.718752,-25.143751
66702061516437,1788474221213,-2.5125,26.737501,-25.35
66702071516437,1788474221223,-2.2687502,26.8875,-25.125002
66702081516437,1788474221233,-2.30625,27.000002,-24.956251
66702091516437,1788474221243,-2.0625,27.150002,-25.1625
66702101516437,1788474221253,-2.3812501,27.16875,-25.331251
66702111516437,1788474221263,-2.8125,27.018751,-25.143751
66702121516437,1788474221273,-2.7375002,27.0375,-25.275002
66702131516437,1788474221283,-2.71875,27.225,-25.406252
66702141516437,1788474221293,-2.625,27.281252,-25.406252
66702151516437,1788474221303,-2.7375002,27.35625,-25.518751
66702161516437,1788474221313,-2.86875,27.6,-25.800001
66702171516437,1788474221323,-3.0,27.487501,-25.575
66702181516437,1788474221333,-2.8500001,27.45,-25.518751
66702191516437,1788474221343,-2.3812501,27.431252,-25.593752
66702201516437,1788474221353,-2.4562502,27.431252,-25.518751
66702211516437,1788474221363,-2.5687501,27.54375,-25.5375
66702221516437,1788474221373,-2.4562502,27.468752,-25.556252
66702231516437,1788474221383,-2.4562502,27.225,-25.66875
66702241516437,1788474221393,-2.5125,26.94375,-25.44375
66702251516437,1788474221403,-2.325,27.000002,-25.725
66702261516437,1788474221413,-2.41875,27.000002,-25.725
66702271516437,1788474221423,-2.53125,27.2625,-25.800001
66702281516437,1788474221433,-2.53125,27.225,-25.706251
66702291516437,1788474221443,-2.5875,27.16875,-25.575
66702301516437,1788474221453,-2.625,27.075,-25.575
66702311516437,1788474221463,-2.625,27.16875,-25.66875
66702321516437,1788474221473,-2.5500002,27.281252,-25.743752
66702331516437,1788474221483,-2.7,27.206251,-25.687502
66702341516437,1788474221493,-2.8312502,27.31875,-25.66875
66702351516437,1788474221503,-2.8500001,26.906252,-25.44375
66702361516437,1788474221513,-2.7375002,27.187502,-25.44375
66702371516437,1788474221523,-2.5125,27.018751,-25.575
66702381516437,1788474221533,-2.7562501,27.093752,-25.3875
66702391516437,1788474221543,-2.7375002,27.13125,-24.91875
66702401516437,1788474221553,-2.6437502,26.925001,-24.900002
66702411516437,1788474221563,-2.68125,27.018751,-24.862501
66702421516437,1788474221573,-2.4562502,26.868752,-25.087502
66702431516437,1788474221583,-2.5500002,27.13125,-25.218752
66702441516437,1788474221593,-2.5500002,26.79375,-25.181252
66702451516437,1788474221603,-2.625,26.625002,-25.143751
66702461516437,1788474221613,-2.4562502,26.550001,-25.312502
66702471516437,1788474221623,-2.4375,26.625002,-25.518751
66702481516437,1788474221633,-2.4375,26.737501,-25.500002
66702491516437,1788474221643,-2.325,26.60625,-25.44375
66702501516437,1788474221653,-2.5687501,26.775002,-25.331251
66702511516437,1788474221663,-2.625,26.7,-25.331251
66702521516437,1788474221673,-3.1875002,26.831251,-25.35
66702531516437,1788474221683,-3.0937502,26.94375,-25.237501
66702541516437,1788474221693,-3.2062502,26.962502,-25.25625
66702551516437,1788474221703,-3.4687502,27.018751,-25.181252
66702561516437,1788474221713,-3.3937502,27.187502,-25.25625
66702571516437,1788474221723,-3.43125,27.45,-25.3875
66702581516437,1788474221733,-3.075,27.31875,-25.331251
66702591516437,1788474221743,-3.0,27.300001,-25.331251
66702601516437,1788474221753,-2.625,27.4125,-25.48125
66702611516437,1788474221763,-2.5687501,27.393751,-25.5375
66702621516437,1788474221773,-2.4750001,27.54375,-25.48125
66702631516437,1788474221783,-2.34375,27.581251,-25.500002
66702641516437,1788474221793,-2.5875,27.50625,-25.500002
66702651516437,1788474221803,-2.625,27.375002,-25.331251
66702661516437,1788474221813,-2.9250002,27.393751,-25.368752
66702671516437,1788474221823,-2.9250002,27.525002,-25.406252
66702681516437,1788474221833,-2.8500001,27.45,-25.275002
66702691516437,1788474221843,-3.1125002,27.712502,-25.275002
66702701516437,1788474221853,-2.9250002,27.825,-25.425001
66702711516437,1788474221863,-2.7375002,27.581251,-25.368752
66702721516437,1788474221873,-2.8312502,27.525002,-25.368752
66702731516437,1788474221883,-2.8500001,27.468752,-25.44375
66702741516437,1788474221893,-2.5875,27.4125,-25.237501
66702751516437,1788474221903,-2.6625001,27.300001,-25.368752
66702761516437,1788474221913,-2.7375002,27.225,-25.5375
66702771516437,1788474221923,-2.30625,27.0375,-25.800001
66702781516437,1788474221933,-2.4562502,27.0375,-25.650002
66702791516437,1788474221943,-2.5687501,27.018751,-25.893751
66702801516437,1788474221953,-2.30625,26.75625,-25.837502
66702811516437,1788474221963,-2.2687502,27.000002,-25.725
66702821516437,1788474221973,-2.625,26.98125,-25.743752
66702831516437,1788474221983,-2.4,27.000002,-25.575
66702841516437,1788474221993,-2.4750001,27.056252,-25.237501
66702851516437,1788474222003,-2.4375,27.018751,-25.031252
66702861516437,1788474222013,-2.625,26.831251,-24.88125
66702871516437,1788474222023,-2.90625,26.775002,-24.843752
66702881516437,1788474222033,-3.24375,27.093752,-24.73125
66702891516437,1788474222043,-3.2812502,26.775002,-24.843752
66702901516437,1788474222053,-2.86875,26.906252,-25.06875
66702911516437,1788474222063,-3.0937502,27.187502,-25.2
66702921516437,1788474222073,-2.9625,27.112501,-25.35
66702931516437,1788474222083,-3.1125002,27.018751,-25.3875
66702941516437,1788474222093,-2.7375002,27.0375,-25.462502
66702951516437,1788474222103,-2.325,27.337502,-25.650002
66702961516437,1788474222113,-2.04375,27.2625,-25.800001
66702971516437,1788474222123,-1.9875001,27.4125,-25.837502
66702981516437,1788474222133,-2.3812501,27.31875,-25.743752
66702991516437,1788474222143,-2.1375,27.093752,-25.725
66703001516437,1788474222153,-2.0812502,27.2625,-25.66875
66703011516437,1788474222163,-2.11875,27.581251,-25.500002
66703021516437,1788474222173,-2.3812501,27.337502,-25.612501
66703031516437,1788474222183,-2.49375,27.150002,-25.312502
66703041516437,1788474222193,-2.49375,27.281252,-25.29375
66703051516437,1788474222203,-2.4,27.075,-25.275002
66703061516437,1788474222213,-2.3812501,26.868752,-25.218752
66703071516437,1788474222223,-2.7375002,26.643751,-25.125002
66703081516437,1788474222233,-2.8500001,26.531252,-25.143751
66703091516437,1788474222243,-3.15,26.23125,-25.218752
66703101516437,1788474222253,-3.05625,26.456251,-25.2
66703111516437,1788474222263,-3.1312501,26.625002,-25.44375
66703121516437,1788474222273,-3.05625,26.56875,-25.612501
66703131516437,1788474222283,-3.3000002,26.7,-25.650002
66703141516437,1788474222293,-3.2625,26.85,-25.5375
66703151516437,1788474222303,-3.075,27.0375,-25.500002
66703161516437,1788474222313,-3.0187502,26.8875,-25.650002
66703171516437,1788474222323,-2.86875,27.018751,-25.63125
66703181516437,1788474222333,-2.8500001,27.075,-25.556252
66703191516437,1788474222343,-2.7,26.98125,-25.031252
66703201516437,1788474222353,-2.7562501,27.075,-25.06875
66703211516437,1788474222363,-2.60625,27.112501,-24.993752
66703221516437,1788474222373,-2.53125,27.056252,-25.29375
66703231516437,1788474222383,-2.5875,26.906252,-25.2
66703241516437,1788474222393,-2.68125,27.206251,-24.956251
66703251516437,1788474222403,-2.5875,27.300001,-24.768751
66703261516437,1788474222413,-2.7375002,27.187502,-24.843752
66703271516437,1788474222423,-2.86875,27.206251,-25.25625
66703281516437,1788474222433,-2.79375,26.98125,-25.10625
66703291516437,1788474222443,-2.775,27.018751,-25.143751
66703301516437,1788474222453,-2.6625001,26.98125,-24.975
66703311516437,1788474222463,-2.68125,27.225,-25.218752
66703321516437,1788474222473,-2.325,26.962502,-25.500002
66703331516437,1788474222483,-2.30625,26.868752,-25.800001
66703341516437,1788474222493,-2.2125,26.925001,-25.575
66703351516437,1788474222503,-2.15625,26.962502,-25.44375
66703361516437,1788474222513,-2.3812501,27.000002,-25.35
66703371516437,1788474222523,-2.5687501,26.8875,-25.25625
66703381516437,1788474222533,-2.53125,26.94375,-25.368752
66703391516437,1788474222543,-2.4750001,26.906252,-25.3875
66703401516437,1788474222553,-2.71875,26.98125,-25.29375
66703411516437,1788474222563,-2.71875,27.206251,-25.275002
66703421516437,1788474222573,-2.775,27.225,-25.237501
66703431516437,1788474222583,-2.9437501,27.056252,-25.143751
66703441516437,1788474222593,-2.7375002,27.112501,-25.125002
66703451516437,1788474222603,-2.41875,27.16875,-25.0125
66703461516437,1788474222613,-2.53125,27.31875,-25.087502
66703471516437,1788474222623,-2.34375,27.281252,-24.993752
66703481516437,1788474222633,-2.2687502,27.31875,-24.91875
66703491516437,1788474222643,-2.11875,27.206251,-24.825
66703501516437,1788474222653,-2.15625,27.225,-24.993752
66703511516437,1788474222663,-1.8750001,27.468752,-25.2
66703521516437,1788474222673,-1.9125,27.375002,-25.425001
66703531516437,1788474222683,-2.15625,27.487501,-25.44375
66703541516437,1788474222693,-2.0625,27.69375,-25.25625
66703551516437,1788474222703,-2.04375,27.675001,-25.143751
66703561516437,1788474222713,-2.025,27.750002,-25.06875
66703571516437,1788474222723,-2.2875001,27.862501,-25.125002
66703581516437,1788474222733,-2.2125,28.031252,-25.125002
66703591516437,1788474222743,-2.325,27.862501,-24.993752
66703601516437,1788474222753,-2.41875,28.10625,-24.7875
66703611516437,1788474222763,-2.30625,28.050001,-24.806252
66703621516437,1788474222773,-2.30625,28.050001,-25.087502
66703631516437,1788474222783,-2.2875001,28.10625,-25.181252
66703641516437,1788474222793,-2.3812501,28.10625,-25.125002
66703651516437,1788474222803,-2.11875,27.975,-25.050001
66703661516437,1788474222813,-2.1000001,27.806252,-25.10625
66703671516437,1788474222823,-2.1000001,27.618752,-25.275002
66703681516437,1788474222833,-1.9875001,27.525002,-25.312502
66703691516437,1788474222843,-2.0062501,27.50625,-25.3875
66703701516437,1788474222853,-2.1375,27.300001,-24.956251
66703711516437,1788474222863,-2.2875001,27.300001,-25.050001
66703721516437,1788474222873,-2.4,27.225,-25.29375
66703731516437,1788474222883,-2.5500002,27.075,-25.331251
66703741516437,1788474222893,-2.41875,27.16875,-25.275002
66703751516437,1788474222903,-2.5500002,27.431252,-25.0125
66703761516437,1788474222913,-2.5500002,27.337502,-25.0125
66703771516437,1788474222923,-2.5687501,27.150002,-24.862501
66703781516437,1788474222933,-2.3625002,27.31875,-24.91875
66703791516437,1788474222943,-2.4750001,27.206251,-24.900002
66703801516437,1788474222953,-2.23125,27.281252,-24.768751
66703811516437,1788474222963,-2.3625002,27.075,-24.73125
66703821516437,1788474222973,-2.53125,27.31875,-24.768751
66703831516437,1788474222983,-2.4562502,27.393751,-25.10625
66703841516437,1788474222993,-2.8125,27.393751,-25.125002
66703851516437,1788474223003,-2.8125,27.675001,-25.218752
66703861516437,1788474223013,-2.9437501,27.6375,-25.218752
66703871516437,1788474223023,-3.1125002,27.712502,-25.143751
66703881516437,1788474223033,-3.3187501,27.806252,-25.181252
66703891516437,1788474223043,-3.3937502,27.91875,-25.237501
66703901516437,1788474223053,-3.3750002,27.843752,-25.218752
66703911516437,1788474223063,-3.2250001,27.712502,-25.087502
66703921516437,1788474223073,-2.9625,27.675001,-25.275002
66703931516437,1788474223083,-2.86875,27.6375,-25.35
66703941516437,1788474223093,-2.9250002,27.487501,-25.25625
66703951516437,1788474223103,-2.68125,27.50625,-25.25625
66703961516437,1788474223113,-2.7375002,27.337502,-25.331251
66703971516437,1788474223123,-2.625,27.6,-25.181252
66703981516437,1788474223133,-2.34375,27.468752,-25.312502
66703991516437,1788474223143,-2.53125,27.45,-25.25625
66704001516437,1788474223153,-2.4375,27.6375,-25.125002
66704011516437,1788474223163,-2.4562502,27.581251,-24.956251
66704021516437,1788474223173,-2.3812501,27.6,-25.35
66704031516437,1788474223183,-2.325,27.54375,-25.425001
66704041516437,1788474223193,-2.3625002,27.525002,-25.44375
66704051516437,1788474223203,-2.2875001,27.375002,-25.5375
66704061516437,1788474223213,-2.5500002,27.243752,-25.518751
66704071516437,1788474223223,-2.49375,27.187502,-25.687502
66704081516437,1788474223233,-2.4750001,27.112501,-25.706251
66704091516437,1788474223243,-2.7,27.018751,-25.593752
66704101516437,1788474223253,-2.5875,27.150002,-25.3875
66704111516437,1788474223263,-2.625,27.31875,-25.556252
66704121516437,1788474223273,-2.5687501,27.35625,-25.462502
66704131516437,1788474223283,-2.775,27.50625,-25.3875
66704141516437,1788474223293,-2.71875,27.618752,-25.44375
66704151516437,1788474223303,-2.5125,27.656252,-25.48125
66704161516437,1788474223313,-2.3812501,27.468752,-25.556252
66704171516437,1788474223323,-2.30625,27.487501,-25.743752
66704181516437,1788474223333,-2.5687501,27.393751,-25.612501
66704191516437,1788474223343,-2.60625,27.31875,-25.48125
66704201516437,1788474223353,-2.5125,27.31875,-25.48125
66704211516437,1788474223363,-2.30625,27.281252,-25.575
66704221516437,1788474223373,-2.4,27.150002,-25.3875
66704231516437,1788474223383,-2.5500002,27.13125,-25.25625
66704241516437,1788474223393,-2.68125,27.45,-25.1625
66704251516437,1788474223403,-2.625,27.4125,-25.29375
66704261516437,1788474223413,-2.4,27.431252,-25.368752
66704271516437,1788474223423,-2.4375,27.487501,-25.368752
66704281516437,1788474223433,-2.5125,27.562502,-25.5375
66704291516437,1788474223443,-2.4750001,27.54375,-25.556252
66704301516437,1788474223453,-2.34375,27.7875,-25.575
66704311516437,1788474223463,-2.49375,27.768751,-25.462502
66704321516437,1788474223473,-2.53125,27.6375,-25.312502
66704331516437,1788474223483,-2.5875,27.675001,-25.462502
66704341516437,1788474223493,-2.625,27.468752,-25.575
66704351516437,1788474223503,-2.4,27.300001,-25.35
66704361516437,1788474223513,-2.4375,26.962502,-25.031252
66704371516437,1788474223523,-2.60625,26.85,-25.10625
66704381516437,1788474223533,-2.4375,26.7,-25.218752
66704391516437,1788474223543,-2.4562502,26.56875,-25.406252
66704401516437,1788474223553,-2.4750001,26.681252,-25.575
66704411516437,1788474223563,-2.4562502,26.75625,-25.5375
66704421516437,1788474223573,-2.41875,27.056252,-25.518751
66704431516437,1788474223583,-2.5875,26.98125,-25.593752
66704441516437,1788474223593,-2.4750001,27.13125,-25.837502
66704451516437,1788474223603,-2.30625,27.243752,-25.837502
66704461516437,1788474223613,-2.5125,27.187502,-25.650002
66704471516437,1788474223623,-2.5875,27.2625,-25.556252
66704481516437,1788474223633,-2.60625,27.112501,-25.593752
66704491516437,1788474223643,-2.5500002,26.8875,-25.500002
66704501516437,1788474223653,-2.7,26.681252,-25.44375
66704511516437,1788474223663,-2.6437502,26.94375,-25.556252
66704521516437,1788474223673,-2.49375,26.962502,-25.650002
66704531516437,1788474223683,-2.53125,26.8875,-25.5375
66704541516437,1788474223693,-2.5875,27.018751,-25.687502
66704551516437,1788474223703,-2.4375,27.018751,-25.781252
66704561516437,1788474223713,-2.30625,27.093752,-25.63125
66704571516437,1788474223723,-2.3812501,27.225,-25.575
66704581516437,1788474223733,-2.2875001,27.225,-25.575
66704591516437,1788474223743,-2.4750001,27.16875,-25.612501
66704601516437,1788474223753,-2.5125,27.225,-25.462502
66704611516437,1788474223763,-2.5125,27.300001,-25.575
66704621516437,1788474223773,-2.5875,27.431252,-25.5375
66704631516437,1788474223783,-2.5500002,27.525002,-25.25625
66704641516437,1788474223793,-2.6437502,27.431252,-25.35
66704651516437,1788474223803,-2.5875,27.243752,-25.66875
66704661516437,1788474223813,-2.5875,27.431252,-25.63125
66704671516437,1788474223823,-2.2875001,27.4125,-25.706251
66704681516437,1788474223833,-2.4562502,27.618752,-25.612501
66704691516437,1788474223843,-2.3812501,27.7875,-25.44375
66704701516437,1788474223853,-2.30625,27.675001,-25.3875
66704711516437,1788474223863,-2.4375,27.487501,-25.575
66704721516437,1788474223873,-2.60625,27.35625,-25.593752
66704731516437,1788474223883,-2.7562501,27.618752,-25.218752
66704741516437,1788474223893,-2.79375,27.581251,-25.312502
66704751516437,1788474223903,-2.90625,27.525002,-25.087502
66704761516437,1788474223913,-3.0187502,27.393751,-25.237501
66704771516437,1788474223923,-3.2812502,27.187502,-25.406252
66704781516437,1788474223933,-3.3187501,27.093752,-25.687502
66704791516437,1788474223943,-3.1125002,26.98125,-25.575
66704801516437,1788474223953,-3.0375001,27.093752,-25.575
66704811516437,1788474223963,-2.7375002,27.0375,-25.687502
66704821516437,1788474223973,-2.775,27.000002,-25.518751
66704831516437,1788474223983,-2.7375002,26.75625,-25.575
66704841516437,1788474223993,-2.775,26.718752,-25.312502
66704851516437,1788474224003,-2.53125,26.60625,-25.35
66704861516437,1788474224013,-2.4750001,26.587502,-24.88125
66704871516437,1788474224023,-2.53125,27.018751,-24.91875
66704881516437,1788474224033,-2.5875,26.925001,-24.750002
66704891516437,1788474224043,-2.8125,26.8875,-24.50625
66704901516437,1788474224053,-2.7375002,26.831251,-24.525002
66704911516437,1788474224063,-2.79375,27.018751,-24.487501
66704921516437,1788474224073,-2.68125,26.906252,-24.6
66704931516437,1788474224083,-2.625,27.0375,-24.4125
66704941516437,1788474224093,-2.5687501,27.187502,-24.50625
66704951516437,1788474224103,-2.5125,27.075,-24.50625
66704961516437,1788474224113,-2.53125,27.187502,-24.69375
66704971516437,1788474224123,-2.41875,27.300001,-24.993752
66704981516437,1788474224133,-2.49375,27.300001,-25.143751
66704991516437,1788474224143,-2.68125,27.243752,-25.087502
66705001516437,1788474224153,-2.68125,27.337502,-25.050001
66705011516437,1788474224163,-3.0,27.150002,-25.2
66705021516437,1788474224173,-3.1125002,27.000002,-25.462502
66705031516437,1788474224183,-3.16875,27.000002,-25.500002
66705041516437,1788474224193,-2.9250002,26.812502,-25.3875
66705051516437,1788474224203,-3.1125002,26.737501,-25.331251
66705061516437,1788474224213,-2.9250002,26.75625,-25.331251
66705071516437,1788474224223,-2.775,27.000002,-25.593752
66705081516437,1788474224233,-2.6625001,26.94375,-25.575
66705091516437,1788474224243,-2.41875,27.150002,-25.48125
66705101516437,1788474224253,-2.41875,27.16875,-25.10625
66705111516437,1788474224263,-2.2687502,26.962502,-24.937502
66705121516437,1788474224273,-2.4375,27.112501,-24.825
66705131516437,1788474224283,-2.2875001,27.0375,-24.750002
66705141516437,1788474224293,-2.25,27.056252,-24.712502
66705151516437,1788474224303,-2.4,27.075,-24.712502
66705161516437,1788474224313,-2.325,27.187502,-24.862501
66705171516437,1788474224323,-2.41875,27.093752,-24.712502
66705181516437,1788474224333,-2.23125,27.075,-25.031252
66705191516437,1788474224343,-2.25,27.000002,-25.087502
66705201516437,1788474224353,-2.1375,27.112501,-25.2
66705211516437,1788474224363,-2.25,27.093752,-25.312502
66705221516437,1788474224373,-2.23125,27.206251,-25.29375
66705231516437,1788474224383,-2.2125,27.093752,-25.087502
66705241516437,1788474224393,-2.3625002,27.000002,-24.956251
66705251516437,1788474224403,-2.325,26.868752,-25.143751
66705261516437,1788474224413,-2.3812501,26.718752,-25.10625
66705271516437,1788474224423,-2.60625,26.868752,-25.368752
66705281516437,1788474224433,-2.7375002,26.775002,-25.25625
66705291516437,1788474224443,-2.5500002,27.056252,-25.275002
66705301516437,1788474224453,-2.68125,26.8875,-25.1625
66705311516437,1788474224463,-2.7,26.718752,-25.312502
66705321516437,1788474224473,-2.4750001,26.643751,-25.275002
66705331516437,1788474224483,-2.49375,26.962502,-25.462502
66705341516437,1788474224493,-2.4,27.018751,-25.406252
66705351516437,1788474224503,-2.4,27.018751,-25.181252
66705361516437,1788474224513,-2.1750002,27.16875,-25.275002
66705371516437,1788474224523,-2.2125,27.056252,-25.237501
66705381516437,1788474224533,-2.25,27.018751,-25.331251
66705391516437,1788474224543,-2.1000001,27.2625,-25.29375
66705401516437,1788474224553,-2.25,27.35625,-25.29375
66705411516437,1788474224563,-2.11875,27.0375,-25.10625
66705421516437,1788474224573,-2.325,27.150002,-25.125002
66705431516437,1788474224583,-2.15625,27.075,-25.331251
66705441516437,1788474224593,-2.25,27.112501,-25.462502
66705451516437,1788474224603,-2.2125,26.962502,-25.593752
66705461516437,1788474224613,-2.1375,26.98125,-25.781252
66705471516437,1788474224623,-2.025,27.150002,-25.743752
66705481516437,1788474224633,-2.25,27.225,-25.9125
66705491516437,1788474224643,-2.3625002,27.337502,-25.931252
66705501516437,1788474224653,-2.2687502,27.375002,-25.987501
66705511516437,1788474224663,-2.41875,27.45,-25.9125
66705521516437,1788474224673,-2.60625,27.056252,-25.650002
66705531516437,1788474224683,-2.60625,27.13125,-25.556252
66705541516437,1788474224693,-2.8500001,27.243752,-25.3875
66705551516437,1788474224703,-3.0187502,27.000002,-25.312502
66705561516437,1788474224713,-3.075,27.000002,-25.218752
66705571516437,1788474224723,-3.075,27.0375,-25.143751
66705581516437,1788474224733,-3.075,27.0375,-25.0125
66705591516437,1788474224743,-2.8312502,27.13125,-24.825
66705601516437,1788474224753,-2.7,27.35625,-25.050001
66705611516437,1788474224763,-2.7562501,27.431252,-24.712502
66705621516437,1788474224773,-2.53125,27.2625,-24.768751
66705631516437,1788474224783,-2.6437502,27.337502,-24.88125
66705641516437,1788474224793,-2.3625002,27.375002,-24.937502
66705651516437,1788474224803,-2.53125,27.31875,-25.143751
66705661516437,1788474224813,-2.53125,27.281252,-25.218752
66705671516437,1788474224823,-2.79375,27.393751,-25.48125
66705681516437,1788474224833,-2.8500001,27.431252,-25.237501
66705691516437,1788474224843,-3.0375001,27.300001,-25.406252
66705701516437,1788474224853,-3.075,27.393751,-25.462502
66705711516437,1788474224863,-2.775,27.206251,-25.3875
66705721516437,1788474224873,-2.98125,27.13125,-25.25625
66705731516437,1788474224883,-2.98125,26.906252,-25.087502
66705741516437,1788474224893,-3.1125002,27.0375,-25.143751
66705751516437,1788474224903,-2.71875,26.8875,-25.218752
66705761516437,1788474224913,-2.53125,26.94375,-25.556252
66705771516437,1788474224923,-2.4375,27.13125,-25.743752
66705781516437,1788474224933,-2.4375,27.187502,-25.612501
66705791516437,1788474224943,-2.5125,27.375002,-25.800001
66705801516437,1788474224953,-2.4,27.393751,-26.025002
66705811516437,1788474224963,-2.25,27.300001,-26.1
66705821516437,1788474224973,-1.9875001,27.243752,-26.268751
66705831516437,1788474224983,-2.41875,27.0375,-26.175001
66705841516437,1788474224993,-2.4375,27.018751,-26.025002
66705851516437,1788474225003,-2.4562502,26.8875,-25.95
66705861516437,1788474225013,-2.53125,26.812502,-26.156252
66705871516437,1788474225023,-2.6625001,26.812502,-26.025002
66705881516437,1788474225033,-2.7562501,26.718752,-25.968752
66705891516437,1788474225043,-2.86875,27.16875,-25.875002
66705901516437,1788474225053,-2.90625,27.206251,-25.5375
66705911516437,1788474225063,-2.775,27.487501,-25.406252
66705921516437,1788474225073,-3.0187502,27.4125,-25.331251
66705931516437,1788474225083,-2.90625,27.206251,-25.312502
66705941516437,1788474225093,-2.8312502,27.112501,-25.237501
66705951516437,1788474225103,-2.8125,27.13125,-25.2
66705961516437,1788474225113,-2.7562501,27.112501,-25.087502
66705971516437,1788474225123,-2.8125,26.98125,-25.06875
66705981516437,1788474225133,-2.9437501,26.906252,-25.368752
66705991516437,1788474225143,-2.86875,26.8875,-25.35
66706001516437,1788474225153,-2.71875,26.94375,-25.5375
66706011516437,1788474225163,-2.90625,27.281252,-25.556252
66706021516437,1788474225173,-2.86875,27.73125,-25.44375
66706031516437,1788474225183,-2.625,27.73125,-25.3875
66706041516437,1788474225193,-2.7,27.825,-25.5375
66706051516437,1788474225203,-2.4375,27.862501,-25.48125
66706061516437,1788474225213,-2.5125,27.956251,-25.218752
66706071516437,1788474225223,-2.5687501,27.862501,-25.312502
66706081516437,1788474225233,-2.6625001,27.806252,-25.312502
66706091516437,1788474225243,-2.3625002,27.7875,-25.3875
66706101516437,1788474225253,-2.4,27.45,-25.331251
66706111516437,1788474225263,-2.6625001,27.187502,-25.44375
66706121516437,1788474225273,-2.53125,27.13125,-25.48125
66706131516437,1788474225283,-2.71875,27.13125,-25.725
66706141516437,1788474225293,-2.4750001,27.018751,-25.893751
66706151516437,1788474225303,-2.60625,26.906252,-25.85625
66706161516437,1788474225313,-2.4375,26.94375,-25.743752
66706171516437,1788474225323,-2.4375,26.79375,-25.556252
66706181516437,1788474225333,-2.2125,26.94375,-25.518751
66706191516437,1788474225343,-2.0062501,27.13125,-25.35
66706201516437,1788474225353,-1.9687501,27.187502,-25.25625
66706211516437,1788474225363,-1.725,27.075,-25.143751
66706221516437,1788474225373,-1.7625,27.16875,-25.10625
66706231516437,1788474225383,-1.63125,27.281252,-25.087502
66706241516437,1788474225393,-1.7625,27.300001,-25.1625
66706251516437,1788474225403,-2.0812502,27.187502,-25.3875
66706261516437,1788474225413,-2.1937501,27.300001,-25.406252
66706271516437,1788474225423,-2.4,27.393751,-25.743752
66706281516437,1788474225433,-2.4375,27.393751,-25.837502
66706291516437,1788474225443,-2.775,27.6,-25.800001
66706301516437,1788474225453,-2.9250002,27.50625,-25.81875
66706311516437,1788474225463,-2.9625,27.525002,-25.837502
66706321516437,1788474225473,-2.9250002,27.4125,-25.725
66706331516437,1788474225483,-2.7,27.487501,-25.575
66706341516437,1788474225493,-2.98125,27.206251,-25.85625
66706351516437,1788474225503,-2.9250002,27.13125,-25.781252
66706361516437,1788474225513,-2.98125,27.150002,-25.500002
66706371516437,1788474225523,-2.90625,27.056252,-25.575
66706381516437,1788474225533,-2.7,27.018751,-25.3875
66706391516437,1788474225543,-2.71875,27.225,-25.35
66706401516437,1788474225553,-2.9437501,27.4125,-25.368752
66706411516437,1788474225563,-3.0375001,27.35625,-25.312502
66706421516437,1788474225573,-2.8500001,27.35625,-25.10625
66706431516437,1788474225583,-2.8125,27.337502,-24.825
66706441516437,1788474225593,-2.7562501,27.300001,-24.825
66706451516437,1788474225603,-2.5875,27.243752,-24.993752
66706461516437,1788474225613,-2.68125,27.075,-25.1625
66706471516437,1788474225623,-2.7562501,27.0375,-25.06875
66706481516437,1788474225633,-2.3625002,26.868752,-24.900002
66706491516437,1788474225643,-2.11875,26.925001,-24.993752
66706501516437,1788474225653,-2.1750002,26.831251,-25.1625
66706511516437,1788474225663,-2.11875,26.85,-25.2
66706521516437,1788474225673,-1.95,26.812502,-25.3875
66706531516437,1788474225683,-1.9687501,26.94375,-25.143751
66706541516437,1788474225693,-2.15625,27.31875,-25.312502
66706551516437,1788474225703,-2.1000001,27.187502,-25.312502
66706561516437,1788474225713,-2.4,27.13125,-25.500002
66706571516437,1788474225723,-2.4,27.225,-25.500002
66706581516437,1788474225733,-2.5125,27.206251,-25.5375
66706591516437,1788474225743,-2.5500002,27.2625,-25.593752
66706601516437,1788474225753,-2.79375,27.35625,-25.650002
66706611516437,1788474225763,-2.8312502,27.225,-25.63125
66706621516437,1788474225773,-2.7562501,27.000002,-25.48125
66706631516437,1788474225783,-2.6625001,27.13125,-25.5375
66706641516437,1788474225793,-2.6625001,27.300001,-25.706251
66706651516437,1788474225803,-2.90625,27.31875,-25.612501
66706661516437,1788474225813,-2.9437501,27.35625,-25.650002
66706671516437,1788474225823,-2.8875,27.112501,-25.63125
66706681516437,1788474225833,-2.98125,27.093752,-25.368752
66706691516437,1788474225843,-3.0937502,27.16875,-25.29375
66706701516437,1788474225853,-3.1875002,27.2625,-25.3875
66706711516437,1788474225863,-3.16875,27.093752,-25.368752
66706721516437,1788474225873,-2.98125,27.187502,-25.312502
66706731516437,1788474225883,-3.0937502,27.16875,-25.368752
66706741516437,1788474225893,-2.775,27.337502,-25.29375
66706751516437,1788474225903,-2.775,27.281252,-25.29375
66706761516437,1788474225913,-2.6437502,27.150002,-25.5375
66706771516437,1788474225923,-2.5500002,27.13125,-25.575
66706781516437,1788474225933,-2.5875,27.206251,-25.44375
66706791516437,1788474225943,-2.4562502,27.393751,-25.687502
66706801516437,1788474225953,-2.34375,27.225,-25.575
66706811516437,1788474225963,-2.2125,27.225,-25.44375
66706821516437,1788474225973,-2.4,27.075,-25.44375
66706831516437,1788474225983,-2.4562502,27.112501,-25.331251
66706841516437,1788474225993,-2.53125,27.243752,-25.29375
66706851516437,1788474226003,-2.625,27.2625,-25.331251
66706861516437,1788474226013,-2.4,27.150002,-25.29375
66706871516437,1788474226023,-2.6625001,26.868752,-25.218752
66706881516437,1788474226033,-2.86875,26.925001,-25.29375
66706891516437,1788474226043,-2.53125,26.85,-25.5375
66706901516437,1788474226053,-2.3812501,27.093752,-25.5375
66706911516437,1788474226063,-2.325,27.056252,-25.837502
66706921516437,1788474226073,-2.34375,26.812502,-25.63125
66706931516437,1788474226083,-2.1750002,26.775002,-25.7625
66706941516437,1788474226093,-2.1937501,26.75625,-25.800001
66706951516437,1788474226103,-2.1375,26.812502,-25.800001
66706961516437,1788474226113,-2.0812502,26.906252,-25.81875
66706971516437,1788474226123,-2.60625,26.962502,-25.593752
66706981516437,1788474226133,-2.4375,26.925001,-25.518751
66706991516437,1788474226143,-2.5687501,27.187502,-25.368752
66707001516437,1788474226153,-2.60625,27.468752,-25.556252
66707011516437,1788474226163,-2.6625001,27.618752,-25.593752
66707021516437,1788474226173,-2.5687501,27.581251,-25.500002
66707031516437,1788474226183,-2.5687501,27.525002,-25.406252
66707041516437,1788474226193,-2.68125,27.16875,-25.29375
66707051516437,1788474226203,-2.3625002,27.281252,-25.44375
66707061516437,1788474226213,-2.5687501,27.300001,-25.612501
66707071516437,1788474226223,-2.53125,27.300001,-25.5375
66707081516437,1788474226233,-2.5875,27.056252,-25.500002
66707091516437,1788474226243,-2.7,26.94375,-25.575
66707101516437,1788474226253,-2.90625,27.2625,-25.706251
66707111516437,1788474226263,-2.6437502,27.487501,-25.837502
66707121516437,1788474226273,-2.4562502,27.825,-25.7625
66707131516437,1788474226283,-2.53125,27.750002,-25.706251
66707141516437,1788474226293,-2.71875,27.50625,-25.575
66707151516437,1788474226303,-2.7375002,27.45,-25.63125
66707161516437,1788474226313,-2.4375,27.675001,-25.85625
66707171516437,1788474226323,-2.41875,27.73125,-25.781252
66707181516437,1788474226333,-2.2125,27.468752,-25.66875
66707191516437,1788474226343,-2.30625,27.243752,-25.48125
66707201516437,1788474226353,-2.34375,27.075,-25.500002
66707211516437,1788474226363,-2.4375,26.925001,-25.500002
66707221516437,1788474226373,-2.1750002,27.187502,-25.425001
66707231516437,1788474226383,-2.1937501,27.150002,-25.406252
66707241516437,1788474226393,-2.2125,27.093752,-25.237501
66707251516437,1788474226403,-2.30625,26.962502,-25.331251
66707261516437,1788474226413,-2.5125,27.0375,-25.406252
66707271516437,1788474226423,-2.60625,27.16875,-25.593752
66707281516437,1788474226433,-2.71875,27.2625,-25.687502
66707291516437,1788474226443,-2.7375002,27.525002,-25.85625
66707301516437,1788474226453,-2.9437501,27.54375,-26.062502
66707311516437,1788474226463,-2.9250002,27.487501,-26.081251
66707321516437,1788474226473,-3.05625,27.750002,-25.987501
66707331516437,1788474226483,-2.90625,27.937502,-25.66875
66707341516437,1788474226493,-2.7,28.031252,-25.725
66707351516437,1788474226503,-2.79375,27.956251,-25.5375
66707361516437,1788474226513,-2.7562501,28.050001,-25.66875
66707371516437,1788474226523,-2.8125,27.956251,-25.575
66707381516437,1788474226533,-2.7,27.88125,-25.237501
66707391516437,1788474226543,-2.53125,27.956251,-25.25625
66707401516437,1788474226553,-2.4,27.712502,-25.35
66707411516437,1788474226563,-2.2875001,27.88125,-25.44375
66707421516437,1788474226573,-2.3625002,27.712502,-25.368752
66707431516437,1788474226583,-2.3625002,27.6,-25.556252
66707441516437,1788474226593,-2.23125,27.4125,-25.575
66707451516437,1788474226603,-2.0625,27.337502,-25.25625
66707461516437,1788474226613,-2.11875,27.243752,-25.29375
66707471516437,1788474226623,-2.2875001,27.375002,-25.087502
66707481516437,1788474226633,-2.15625,27.243752,-25.237501
66707491516437,1788474226643,-2.2687502,26.925001,-25.1625
66707501516437,1788474226653,-2.1750002,26.831251,-25.1625
66707511516437,1788474226663,-2.04375,26.94375,-25.06875
66707521516437,1788474226673,-2.0625,26.94375,-25.050001
66707531516437,1788474226683,-1.9312501,26.925001,-25.275002
66707541516437,1788474226693,-1.95,27.075,-25.237501
66707551516437,1788474226703,-2.0062501,26.8875,-25.63125
66707561516437,1788474226713,-2.34375,26.8875,-25.312502
66707571516437,1788474226723,-2.4375,27.075,-25.500002
66707581516437,1788474226733,-2.5687501,27.150002,-25.500002
66707591516437,1788474226743,-2.60625,27.187502,-25.63125
66707601516437,1788474226753,-2.53125,27.187502,-25.612501
66707611516437,1788474226763,-2.8312502,27.187502,-25.500002
66707621516437,1788474226773,-2.7375002,27.018751,-25.650002
66707631516437,1788474226783,-2.6437502,27.150002,-25.518751
66707641516437,1788474226793,-2.41875,27.281252,-25.575
66707651516437,1788474226803,-2.41875,27.093752,-25.44375
66707661516437,1788474226813,-2.23125,27.056252,-25.48125
66707671516437,1788474226823,-2.25,27.187502,-25.331251
66707681516437,1788474226833,-2.23125,27.206251,-25.1625
66707691516437,1788474226843,-2.0812502,27.300001,-25.25625
66707701516437,1788474226853,-2.15625,27.13125,-25.462502
66707711516437,1788474226863,-2.04375,27.0375,-25.425001
66707721516437,1788474226873,-1.9875001,26.831251,-25.5375
66707731516437,1788474226883,-1.85625,27.093752,-25.575
66707741516437,1788474226893,-2.025,27.112501,-25.593752
66707751516437,1788474226903,-2.1000001,27.075,-25.500002
66707761516437,1788474226913,-2.0812502,27.243752,-25.781252
66707771516437,1788474226923,-2.025,27.2625,-25.893751
66707781516437,1788474226933,-2.025,27.618752,-25.743752
66707791516437,1788474226943,-2.0062501,27.6375,-25.968752
66707801516437,1788474226953,-2.1375,27.91875,-26.00625
66707811516437,1788474226963,-2.2687502,27.69375,-26.1375
66707821516437,1788474226973,-2.1937501,27.581251,-26.081251
66707831516437,1788474226983,-2.2125,27.54375,-26.2875
66707841516437,1788474226993,-2.3625002,27.618752,-26.1375
66707851516437,1788474227003,-2.4750001,27.300001,-26.04375
66707861516437,1788474227013,-2.4375,27.431252,-26.062502
66707871516437,1788474227023,-2.5125,27.45,-25.743752
66707881516437,1788474227033,-2.6437502,27.393751,-25.462502
66707891516437,1788474227043,-2.4375,27.6,-25.35
66707901516437,1788474227053,-2.68125,27.6,-25.48125
66707911516437,1788474227063,-2.53125,27.431252,-25.462502
66707921516437,1788474227073,-2.49375,27.075,-25.425001
66707931516437,1788474227083,-2.49375,27.4125,-25.462502
66707941516437,1788474227093,-2.34375,26.98125,-25.44375
66707951516437,1788474227103,-2.3812501,26.94375,-25.7625
66707961516437,1788474227113,-2.3625002,26.868752,-25.875002
66707971516437,1788474227123,-2.4375,26.718752,-26.081251
66707981516437,1788474227133,-2.34375,26.812502,-25.893751
66707991516437,1788474227143,-2.34375,27.018751,-25.837502
66708001516437,1788474227153,-2.34375,26.962502,-25.837502
66708011516437,1788474227163,-2.25,26.831251,-25.875002
66708021516437,1788474227173,-2.41875,27.018751,-25.893751
66708031516437,1788474227183,-2.49375,27.187502,-25.5375
66708041516437,1788474227193,-2.5500002,27.0375,-25.575
66708051516437,1788474227203,-2.49375,27.093752,-25.5375
66708061516437,1788474227213,-2.5125,27.243752,-25.518751
66708071516437,1788474227223,-2.41875,27.375002,-25.556252
66708081516437,1788474227233,-2.68125,27.618752,-25.575
66708091516437,1788474227243,-2.5875,27.712502,-25.5375
66708101516437,1788474227253,-2.625,27.712502,-25.406252
66708111516437,1788474227263,-2.60625,27.581251,-25.518751
66708121516437,1788474227273,-2.3625002,27.768751,-25.5375
66708131516437,1788474227283,-2.4562502,27.768751,-25.368752
66708141516437,1788474227293,-2.325,27.69375,-25.406252
66708151516437,1788474227303,-2.5125,27.487501,-25.312502
66708161516437,1788474227313,-2.41875,27.45,-25.368752
66708171516437,1788474227323,-2.60625,27.45,-25.125002
66708181516437,1788474227333,-2.3625002,27.45,-25.2
66708191516437,1788474227343,-2.15625,27.468752,-25.1625
66708201516437,1788474227353,-2.2875001,27.2625,-24.956251
66708211516437,1788474227363,-2.2875001,27.206251,-24.862501
66708221516437,1788474227373,-2.2125,27.150002,-25.031252
66708231516437,1788474227383,-2.04375,27.112501,-25.181252
66708241516437,1788474227393,-1.8375001,26.962502,-25.312502
66708251516437,1788474227403,-1.7437501,27.0375,-25.462502
66708261516437,1788474227413,-1.95,27.000002,-25.5375
66708271516437,1788474227423,-1.9687501,26.906252,-25.63125
66708281516437,1788474227433,-1.9125,27.150002,-25.875002
66708291516437,1788474227443,-1.9125,27.150002,-25.875002
66708301516437,1788474227453,-2.04375,27.337502,-25.743752
66708311516437,1788474227463,-2.2875001,27.31875,-25.63125
66708321516437,1788474227473,-2.34375,27.31875,-25.575
66708331516437,1788474227483,-2.41875,27.093752,-25.593752
66708341516437,1788474227493,-2.1750002,26.962502,-25.687502
66708351516437,1788474227503,-2.4,26.925001,-25.66875
66708361516437,1788474227513,-2.49375,26.775002,-25.66875
66708371516437,1788474227523,-2.3812501,26.75625,-25.556252
66708381516437,1788474227533,-2.4375,26.7,-25.781252
66708391516437,1788474227543,-2.4375,26.85,-25.650002
66708401516437,1788474227553,-2.53125,27.0375,-25.650002
66708411516437,1788474227563,-2.49375,27.300001,-25.63125
66708421516437,1788474227573,-2.7562501,27.375002,-25.44375
66708431516437,1788474227583,-2.53125,27.581251,-25.181252
66708441516437,1788474227593,-2.3625002,27.50625,-25.237501
66708451516437,1788474227603,-2.4375,27.525002,-25.406252
66708461516437,1788474227613,-2.4562502,27.656252,-25.237501
66708471516437,1788474227623,-2.2875001,27.6,-25.312502
66708481516437,1788474227633,-2.3812501,27.525002,-25.275002
66708491516437,1788474227643,-2.4375,27.393751,-25.406252
66708501516437,1788474227653,-2.4375,27.45,-25.462502
66708511516437,1788474227663,-2.5125,27.431252,-25.575
66708521516437,1788474227673,-2.8125,27.54375,-25.462502
66708531516437,1788474227683,-2.90625,27.54375,-25.593752
66708541516437,1788474227693,-2.8125,27.54375,-25.425001
66708551516437,1788474227703,-2.9250002,27.337502,-25.35
66708561516437,1788474227713,-2.7375002,27.35625,-25.25625
66708571516437,1788474227723,-2.5687501,27.525002,-25.368752
66708581516437,1788474227733,-2.3625002,27.562502,-25.48125
66708591516437,1788474227743,-2.60625,27.54375,-25.66875
66708601516437,1788474227753,-2.4750001,27.54375,-25.575
66708611516437,1788474227763,-2.1937501,27.618752,-25.687502
66708621516437,1788474227773,-2.3812501,27.35625,-25.837502
66708631516437,1788474227783,-2.325,27.54375,-25.875002
66708641516437,1788474227793,-2.4375,27.581251,-25.95
66708651516437,1788474227803,-2.53125,27.337502,-25.743752
66708661516437,1788474227813,-2.4562502,27.35625,-25.66875
66708671516437,1788474227823,-2.1937501,27.2625,-25.5375
66708681516437,1788474227833,-2.04375,27.225,-25.837502
66708691516437,1788474227843,-2.15625,27.225,-25.63125
66708701516437,1788474227853,-1.95,27.206251,-25.612501
66708711516437,1788474227863,-1.95,27.112501,-25.706251
66708721516437,1788474227873,-1.9312501,27.0375,-25.725
66708731516437,1788474227883,-1.8937501,27.0375,-25.875002
66708741516437,1788474227893,-2.1750002,26.85,-25.81875
66708751516437,1788474227903,-2.49375,26.8875,-26.00625
66708761516437,1788474227913,-2.4,26.85,-25.725
66708771516437,1788474227923,-2.68125,26.79375,-25.85625
66708781516437,1788474227933,-2.8125,26.775002,-25.800001
66708791516437,1788474227943,-2.8125,26.812502,-25.63125
66708801516437,1788474227953,-2.86875,26.906252,-25.575
66708811516437,1788474227963,-2.7562501,27.0375,-25.425001
66708821516437,1788474227973,-2.7,27.150002,-25.35
66708831516437,1788474227983,-2.4,27.13125,-25.368752
66708841516437,1788474227993,-2.7375002,27.16875,-25.48125
66708851516437,1788474228003,-2.49375,27.150002,-25.237501
66708861516437,1788474228013,-2.1937501,27.50625,-25.331251
66708871516437,1788474228023,-2.0812502,27.487501,-25.406252
66708881516437,1788474228033,-2.04375,27.4125,-25.29375
66708891516437,1788474228043,-2.2125,27.300001,-25.218752
66708901516437,1788474228053,-2.30625,27.525002,-25.3875
66708911516437,1788474228063,-2.41875,27.6375,-25.218752
66708921516437,1788474228073,-2.11875,27.7875,-25.0125
66708931516437,1788474228083,-2.04375,27.900002,-25.518751
66708941516437,1788474228093,-2.11875,27.73125,-25.462502
66708951516437,1788474228103,-2.2875001,27.562502,-25.575
66708961516437,1788474228113,-2.23125,27.45,-25.612501
66708971516437,1788474228123,-2.1375,27.281252,-25.63125
66708981516437,1788474228133,-1.85625,27.206251,-25.25625
66708991516437,1788474228143,-1.63125,27.300001,-25.35
66709001516437,1788474228153,-1.7625,27.206251,-25.35
66709011516437,1788474228163,-1.8000001,27.093752,-24.975
66709021516437,1788474228173,-1.81875,27.000002,-24.91875
66709031516437,1788474228183,-1.6875001,27.13125,-24.806252
66709041516437,1788474228193,-1.7062501,27.393751,-25.06875
66709051516437,1788474228203,-1.725,27.618752,-25.237501
66709061516437,1788474228213,-1.6500001,27.393751,-25.48125
66709071516437,1788474228223,-1.9687501,27.300001,-25.3875
66709081516437,1788474228233,-1.9125,27.31875,-25.650002
66709091516437,1788474228243,-2.1375,27.393751,-25.743752
66709101516437,1788474228253,-2.3812501,27.4125,-25.518751
66709111516437,1788474228263,-2.3625002,27.618752,-25.612501
66709121516437,1788474228273,-2.4750001,27.562502,-25.66875
66709131516437,1788474228283,-2.60625,27.675001,-25.63125
66709141516437,1788474228293,-2.90625,27.54375,-25.66875
66709151516437,1788474228303,-2.5875,27.4125,-25.81875
66709161516437,1788474228313,-2.6437502,27.487501,-25.612501
66709171516437,1788474228323,-2.8312502,27.35625,-25.575
66709181516437,1788474228333,-2.7375002,27.31875,-25.95
66709191516437,1788474228343,-2.79375,27.337502,-25.968752
66709201516437,1788474228353,-2.79375,27.150002,-25.81875
66709211516437,1788474228363,-2.8500001,26.868752,-25.781252
66709221516437,1788474228373,-2.8312502,27.112501,-25.968752
66709231516437,1788474228383,-2.9437501,27.375002,-25.987501
66709241516437,1788474228393,-2.98125,27.150002,-26.2875
66709251516437,1788474228403,-2.6625001,27.393751,-26.437502
66709261516437,1788474228413,-2.5125,27.581251,-26.2875
66709271516437,1788474228423,-2.5687501,27.35625,-26.156252
66709281516437,1788474228433,-2.5687501,27.6,-26.156252
66709291516437,1788474228443,-2.3625002,27.768751,-26.325
66709301516437,1788474228453,-2.2687502,27.675001,-26.1375
66709311516437,1788474228463,-2.3625002,27.487501,-26.04375
66709321516437,1788474228473,-2.2687502,27.6375,-25.893751
66709331516437,1788474228483,-2.1937501,27.525002,-25.462502
66709341516437,1788474228493,-2.30625,27.375002,-25.406252
66709351516437,1788474228503,-2.2875001,27.393751,-25.725
66709361516437,1788474228513,-2.2875001,27.206251,-25.575
66709371516437,1788474228523,-2.325,27.018751,-25.331251
66709381516437,1788474228533,-2.30625,27.13125,-25.218752
66709391516437,1788474228543,-2.4,27.225,-25.25625
66709401516437,1788474228553,-2.25,27.16875,-25.181252
66709411516437,1788474228563,-2.4,27.16875,-25.5375
66709421516437,1788474228573,-2.5500002,27.16875,-25.81875
66709431516437,1788474228583,-2.5500002,27.243752,-25.500002
66709441516437,1788474228593,-2.34375,27.187502,-25.66875
66709451516437,1788474228603,-2.41875,27.4125,-25.725
66709461516437,1788474228613,-2.41875,27.35625,-25.968752
66709471516437,1788474228623,-2.23125,27.281252,-25.7625
66709481516437,1788474228633,-2.2125,27.4125,-25.875002
66709491516437,1788474228643,-2.04375,27.562502,-25.650002
66709501516437,1788474228653,-1.8937501,27.675001,-25.368752
66709511516437,1788474228663,-1.95,27.73125,-25.3875
66709521516437,1788474228673,-2.025,27.618752,-25.25625
66709531516437,1788474228683,-2.0625,27.6375,-25.181252
66709541516437,1788474228693,-2.30625,27.581251,-24.975
66709551516437,1788474228703,-2.325,27.562502,-25.0125
66709561516437,1788474228713,-2.49375,27.337502,-25.031252
66709571516437,1788474228723,-2.60625,27.35625,-25.2
66709581516437,1788474228733,-2.60625,27.4125,-25.331251
66709591516437,1788474228743,-2.60625,27.6,-25.237501
66709601516437,1788474228753,-2.7,27.675001,-25.29375
66709611516437,1788474228763,-2.6625001,27.581251,-25.406252
66709621516437,1788474228773,-2.23125,27.73125,-25.425001
66709631516437,1788474228783,-2.4375,27.825,-25.5375
66709641516437,1788474228793,-2.625,27.993752,-25.500002
66709651516437,1788474228803,-2.71875,27.88125,-25.593752
66709661516437,1788474228813,-2.9437501,27.581251,-25.48125
66709671516437,1788474228823,-2.79375,27.243752,-25.63125
66709681516437,1788474228833,-2.71875,27.4125,-25.837502
66709691516437,1788474228843,-2.7562501,27.525002,-25.95
66709701516437,1788474228853,-2.9625,27.468752,-25.968752
66709711516437,1788474228863,-2.7,27.206251,-25.987501
66709721516437,1788474228873,-2.8125,27.112501,-26.025002
66709731516437,1788474228883,-2.71875,26.98125,-25.931252
66709741516437,1788474228893,-2.5687501,27.300001,-25.931252
66709751516437,1788474228903,-2.7562501,27.375002,-25.7625
66709761516437,1788474228913,-2.60625,27.375002,-25.5375
66709771516437,1788474228923,-2.4750001,27.243752,-25.35
66709781516437,1788474228933,-2.60625,27.112501,-25.368752
66709791516437,1788474228943,-2.7562501,27.243752,-25.44375
66709801516437,1788474228953,-2.60625,27.243752,-25.44375
66709811516437,1788474228963,-2.7375002,27.225,-25.556252
66709821516437,1788474228973,-2.6625001,26.94375,-25.612501
66709831516437,1788474228983,-2.41875,26.906252,-25.781252
66709841516437,1788474228993,-2.5875,26.962502,-25.66875
66709851516437,1788474229003,-2.7,27.056252,-25.706251
66709861516437,1788474229013,-2.34375,27.337502,-25.687502
66709871516437,1788474229023,-2.4,27.187502,-25.593752
66709881516437,1788474229033,-2.3625002,27.093752,-25.556252
66709891516437,1788474229043,-1.9687501,27.45,-25.48125
66709901516437,1788474229053,-2.2125,27.54375,-25.3875
66709911516437,1788474229063,-2.1375,27.487501,-25.3875
66709921516437,1788474229073,-2.1750002,27.375002,-25.5375
66709931516437,1788474229083,-2.1375,27.2625,-25.63125
66709941516437,1788474229093,-2.4562502,27.056252,-25.706251
66709951516437,1788474229103,-2.4375,27.225,-25.81875
66709961516437,1788474229113,-2.2875001,27.281252,-26.062502
66709971516437,1788474229123,-2.625,27.075,-26.04375
66709981516437,1788474229133,-2.3812501,27.075,-26.19375
66709991516437,1788474229143,-2.4,27.0375,-26.062502
66710001516437,1788474229153,-2.4375,26.962502,-26.1375
66710011516437,1788474229163,-2.4750001,27.243752,-25.7625
66710021516437,1788474229173,-2.34375,27.337502,-25.575
66710031516437,1788474229183,-2.34375,27.243752,-25.425001
66710041516437,1788474229193,-2.4375,27.16875,-24.91875
66710051516437,1788474229203,-2.23125,27.13125,-24.843752
66710061516437,1788474229213,-2.34375,26.98125,-24.91875
66710071516437,1788474229223,-2.6437502,27.112501,-25.050001
66710081516437,1788474229233,-2.49375,27.206251,-24.768751
66710091516437,1788474229243,-2.53125,26.98125,-24.843752
66710101516437,1788474229253,-2.60625,27.112501,-24.956251
66710111516437,1788474229263,-2.5875,27.300001,-24.825
66710121516437,1788474229273,-2.49375,27.487501,-25.050001
66710131516437,1788474229283,-2.53125,27.581251,-25.0125
66710141516437,1788474229293,-2.3812501,27.73125,-24.900002
66710151516437,1788474229303,-2.3812501,27.6375,-24.862501
66710161516437,1788474229313,-2.4375,27.7875,-25.087502
66710171516437,1788474229323,-2.2875001,27.843752,-25.331251
66710181516437,1788474229333,-2.3812501,27.468752,-25.406252
66710191516437,1788474229343,-2.41875,27.300001,-25.331251
66710201516437,1788474229353,-2.3812501,27.112501,-25.425001
66710211516437,1788474229363,-2.4750001,27.056252,-25.612501
66710221516437,1788474229373,-2.4375,27.13125,-25.725
66710231516437,1788474229383,-2.1000001,27.243752,-26.025002
66710241516437,1788474229393,-2.2875001,26.906252,-25.9125
66710251516437,1788474229403,-2.4562502,26.868752,-25.837502
66710261516437,1788474229413,-2.15625,26.98125,-25.81875
66710271516437,1788474229423,-2.1750002,27.056252,-25.800001
66710281516437,1788474229433,-2.4375,27.206251,-25.7625
66710291516437,1788474229443,-2.625,27.075,-25.7625
66710301516437,1788474229453,-2.5125,26.962502,-25.556252
66710311516437,1788474229463,-2.79375,26.94375,-25.218752
66710321516437,1788474229473,-2.7,27.393751,-25.368752
66710331516437,1788474229483,-2.68125,27.2625,-25.3875
66710341516437,1788474229493,-2.7562501,27.431252,-25.312502
66710351516437,1788474229503,-2.90625,27.16875,-25.462502
66710361516437,1788474229513,-2.8312502,27.112501,-25.44375
66710371516437,1788474229523,-2.68125,27.225,-25.406252
66710381516437,1788474229533,-2.86875,27.337502,-25.406252
66710391516437,1788474229543,-2.8875,27.16875,-25.368752
66710401516437,1788474229553,-2.68125,26.925001,-25.10625
66710411516437,1788474229563,-2.6437502,27.056252,-25.087502
66710421516437,1788474229573,-2.68125,26.94375,-25.3875
66710431516437,1788474229583,-2.4562502,27.0375,-25.593752
66710441516437,1788474229593,-2.3625002,26.906252,-25.500002
66710451516437,1788474229603,-2.3812501,26.79375,-25.06875
66710461516437,1788474229613,-2.2125,26.79375,-25.10625
66710471516437,1788474229623,-1.95,26.8875,-25.275002
66710481516437,1788474229633,-1.95,26.75625,-25.368752
66710491516437,1788474229643,-2.1750002,26.625002,-25.312502
66710501516437,1788474229653,-2.23125,26.775002,-25.06875
66710511516437,1788474229663,-2.11875,27.018751,-25.06875
66710521516437,1788474229673,-2.1375,27.0375,-25.087502
66710531516437,1788474229683,-2.11875,27.150002,-25.425001
66710541516437,1788474229693,-2.2875001,27.0375,-25.275002
66710551516437,1788474229703,-2.60625,26.94375,-25.35
66710561516437,1788474229713,-2.86875,26.831251,-25.518751
66710571516437,1788474229723,-2.60625,27.16875,-25.85625
66710581516437,1788474229733,-2.5687501,27.018751,-25.85625
66710591516437,1788474229743,-2.6625001,26.925001,-25.85625
66710601516437,1788474229753,-2.71875,27.112501,-26.175001
66710611516437,1788474229763,-2.5125,27.150002,-26.250002
66710621516437,1788474229773,-2.5125,27.150002,-26.531252
66710631516437,1788474229783,-2.4,27.31875,-26.362501
66710641516437,1788474229793,-2.25,27.562502,-26.306252
66710651516437,1788474229803,-2.30625,27.300001,-26.175001
66710661516437,1788474229813,-2.23125,27.281252,-25.9125
66710671516437,1788474229823,-2.1937501,27.150002,-25.85625
66710681516437,1788474229833,-2.15625,27.150002,-25.44375
66710691516437,1788474229843,-2.30625,27.150002,-25.3875
66710701516437,1788474229853,-2.23125,27.16875,-25.181252
66710711516437,1788474229863,-2.0062501,27.018751,-25.10625
66710721516437,1788474229873,-1.9875001,27.018751,-24.768751
66710731516437,1788474229883,-1.9312501,27.0375,-24.375002
66710741516437,1788474229893,-1.9875001,26.98125,-24.337502
66710751516437,1788474229903,-2.0812502,27.13125,-24.150002
66710761516437,1788474229913,-2.04375,27.093752,-24.487501
66710771516437,1788474229923,-2.025,27.16875,-24.525002
66710781516437,1788474229933,-2.04375,27.112501,-24.900002
66710791516437,1788474229943,-2.3625002,27.16875,-24.975
66710801516437,1788474229953,-2.60625,27.112501,-25.275002
66710811516437,1788474229963,-2.6625001,27.000002,-25.706251
66710821516437,1788474229973,-2.5875,27.243752,-26.00625
66710831516437,1788474229983,-2.30625,27.206251,-26.118752
66710841516437,1788474229993,-2.4,27.187502,-25.85625
66710851516437,1788474230003,-2.3812501,27.2625,-25.687502
66710861516437,1788474230013,-2.41875,27.487501,-25.612501
66710871516437,1788474230023,-2.3812501,27.375002,-25.593752
66710881516437,1788474230033,-2.11875,27.487501,-25.800001
66710891516437,1788474230043,-2.1750002,27.468752,-25.893751
66710901516437,1788474230053,-2.3625002,27.393751,-25.85625
66710911516437,1788474230063,-2.7375002,27.281252,-25.987501
66710921516437,1788474230073,-2.60625,27.243752,-25.95
66710931516437,1788474230083,-2.5500002,27.093752,-25.95
66710941516437,1788474230093,-2.4750001,26.737501,-25.781252
66710951516437,1788474230103,-2.41875,26.8875,-25.800001
66710961516437,1788474230113,-2.49375,26.85,-25.725
66710971516437,1788474230123,-2.3812501,26.868752,-25.556252
66710981516437,1788474230133,-2.4,26.79375,-25.725
66710991516437,1788474230143,-2.15625,27.000002,-25.5375
66711001516437,1788474230153,-2.34375,26.98125,-25.63125
66711011516437,1788474230163,-2.3625002,27.018751,-25.837502
66711021516437,1788474230173,-2.5500002,27.112501,-25.875002
66711031516437,1788474230183,-2.49375,27.16875,-25.9125
66711041516437,1788474230193,-2.5875,27.16875,-25.85625
66711051516437,1788474230203,-2.68125,27.150002,-25.7625
66711061516437,1788474230213,-2.71875,26.98125,-25.593752
66711071516437,1788474230223,-2.775,26.79375,-25.725
66711081516437,1788474230233,-2.71875,26.79375,-25.781252
66711091516437,1788474230243,-2.8125,26.681252,-25.837502
66711101516437,1788474230253,-2.9250002,26.906252,-25.81875
66711111516437,1788474230263,-2.7375002,27.056252,-25.781252
66711121516437,1788474230273,-2.60625,26.94375,-25.687502
66711131516437,1788474230283,-2.5500002,27.093752,-25.743752
66711141516437,1788474230293,-2.3812501,27.31875,-25.725
66711151516437,1788474230303,-2.4562502,27.487501,-25.593752
66711161516437,1788474230313,-2.3625002,27.6375,-25.500002
66711171516437,1788474230323,-2.2687502,27.54375,-25.556252
66711181516437,1788474230333,-2.1375,27.54375,-25.425001
66711191516437,1788474230343,-2.15625,27.431252,-25.556252
66711201516437,1788474230353,-2.15625,27.6,-25.44375
66711211516437,1788474230363,-2.3625002,27.393751,-25.406252
66711221516437,1788474230373,-2.2875001,27.337502,-25.650002
66711231516437,1788474230383,-2.2125,27.225,-25.725
66711241516437,1788474230393,-2.4,27.187502,-25.800001
66711251516437,1788474230403,-2.2125,27.112501,-25.781252
66711261516437,1788474230413,-2.0062501,26.8875,-25.800001
66711271516437,1788474230423,-2.25,26.868752,-25.725
66711281516437,1788474230433,-2.1000001,27.056252,-25.893751
66711291516437,1788474230443,-1.9125,27.243752,-25.518751
66711301516437,1788474230453,-1.81875,27.243752,-25.425001
66711311516437,1788474230463,-1.725,27.187502,-25.29375
66711321516437,1788474230473,-1.81875,27.093752,-25.10625
66711331516437,1788474230483,-2.0062501,27.35625,-24.956251
66711341516437,1788474230493,-2.2125,27.4125,-24.91875
66711351516437,1788474230503,-2.30625,27.562502,-24.750002
66711361516437,1788474230513,-2.4562502,27.31875,-24.6
66711371516437,1788474230523,-2.4375,27.431252,-24.768751
66711381516437,1788474230533,-2.5687501,27.6,-24.675001
66711391516437,1788474230543,-2.5687501,27.862501,-24.750002
66711401516437,1788474230553,-2.3625002,27.956251,-24.581251
66711411516437,1788474230563,-2.25,27.7875,-24.750002
66711421516437,1788474230573,-2.0812502,27.825,-24.862501
66711431516437,1788474230583,-1.8937501,27.54375,-25.143751
66711441516437,1788474230593,-1.9687501,27.281252,-25.35
66711451516437,1788474230603,-2.0625,27.281252,-25.612501
66711461516437,1788474230613,-2.23125,27.300001,-25.556252
66711471516437,1788474230623,-2.23125,27.300001,-25.706251
66711481516437,1788474230633,-2.4750001,27.31875,-25.987501
66711491516437,1788474230643,-2.8312502,27.187502,-25.81875
66711501516437,1788474230653,-3.0187502,27.187502,-25.95
66711511516437,1788474230663,-3.15,27.16875,-25.893751
66711521516437,1788474230673,-3.05625,27.54375,-25.7625
66711531516437,1788474230683,-2.9625,27.300001,-25.725
66711541516437,1788474230693,-2.9437501,27.093752,-25.66875
66711551516437,1788474230703,-3.1312501,26.812502,-25.63125
66711561516437,1788474230713,-3.0375001,26.925001,-25.687502
66711571516437,1788474230723,-2.9250002,26.8875,-25.800001
66711581516437,1788474230733,-2.9437501,27.112501,-25.48125
66711591516437,1788474230743,-2.9437501,27.393751,-25.25625
66711601516437,1788474230753,-2.98125,27.45,-25.29375
66711611516437,1788474230763,-2.86875,27.618752,-25.218752
66711621516437,1788474230773,-2.71875,27.7875,-25.44375
66711631516437,1788474230783,-2.5875,27.843752,-25.575
66711641516437,1788474230793,-2.4,27.806252,-25.743752
66711651516437,1788474230803,-2.41875,27.975,-25.650002
66711661516437,1788474230813,-2.4750001,27.900002,-25.893751
66711671516437,1788474230823,-2.2875001,27.675001,-26.268751
66711681516437,1788474230833,-2.2687502,27.45,-26.643751
66711691516437,1788474230843,-2.2687502,27.16875,-26.737501
66711701516437,1788474230853,-2.4,27.0375,-26.531252
66711711516437,1788474230863,-2.325,27.018751,-26.325
66711721516437,1788474230873,-2.41875,26.925001,-26.325
66711731516437,1788474230883,-2.30625,27.000002,-26.268751
66711741516437,1788474230893,-2.1000001,26.6625,-26.212502
66711751516437,1788474230903,-2.1375,26.6625,-26.04375
66711761516437,1788474230913,-2.1000001,26.79375,-25.837502
66711771516437,1788474230923,-2.1750002,27.0375,-25.725
66711781516437,1788474230933,-2.1750002,27.093752,-25.968752
66711791516437,1788474230943,-2.2875001,27.243752,-26.175001
66711801516437,1788474230953,-2.15625,27.300001,-25.987501
66711811516437,1788474230963,-2.1000001,27.393751,-26.081251
66711821516437,1788474230973,-2.1750002,27.54375,-26.306252
66711831516437,1788474230983,-2.1000001,27.581251,-26.38125
66711841516437,1788474230993,-2.1375,27.750002,-26.268751
66711851516437,1788474231003,-2.1375,27.843752,-26.456251
66711861516437,1788474231013,-2.25,27.806252,-26.250002
66711871516437,1788474231023,-2.3625002,27.562502,-26.2875
66711881516437,1788474231033,-2.4562502,27.656252,-26.2875
66711891516437,1788474231043,-2.4562502,27.618752,-26.41875
66711901516437,1788474231053,-2.34375,27.88125,-26.250002
66711911516437,1788474231063,-2.3625002,27.656252,-26.212502
66711921516437,1788474231073,-2.49375,27.50625,-26.081251
66711931516437,1788474231083,-2.4562502,27.2625,-25.875002
66711941516437,1788474231093,-2.4,27.2625,-25.781252
66711951516437,1788474231103,-2.4,27.300001,-25.725
66711961516437,1788474231113,-2.49375,27.206251,-25.5375
66711971516437,1788474231123,-2.6437502,27.000002,-25.406252
66711981516437,1788474231133,-2.5875,26.79375,-25.237501
66711991516437,1788474231143,-2.5687501,27.056252,-25.125002
66712001516437,1788474231153,-2.2875001,27.112501,-25.29375
66712011516437,1788474231163,-2.2875001,27.206251,-25.575
66712021516437,1788474231173,-2.15625,27.075,-25.63125
66712031516437,1788474231183,-2.04375,27.150002,-25.5375
66712041516437,1788474231193,-1.85625,27.093752,-25.725
66712051516437,1788474231203,-1.66875,27.243752,-25.987501
66712061516437,1788474231213,-1.7812501,27.487501,-26.212502
66712071516437,1788474231223,-2.04375,27.35625,-26.19375
66712081516437,1788474231233,-2.04375,27.075,-26.1
66712091516437,1788474231243,-2.3625002,27.13125,-25.875002
66712101516437,1788474231253,-2.23125,27.13125,-25.95
66712111516437,1788474231263,-2.2875001,27.056252,-25.800001
66712121516437,1788474231273,-2.2875001,27.150002,-25.743752
66712131516437,1788474231283,-2.49375,27.075,-25.44375
66712141516437,1788474231293,-2.5125,26.906252,-25.237501
66712151516437,1788474231303,-2.53125,27.000002,-25.218752
66712161516437,1788474231313,-2.68125,27.225,-25.29375
66712171516437,1788474231323,-2.3625002,27.187502,-25.3875
66712181516437,1788474231333,-2.5875,27.393751,-25.1625
66712191516437,1788474231343,-2.3625002,27.712502,-25.275002
66712201516437,1788474231353,-2.2875001,27.581251,-25.406252
66712211516437,1788474231363,-2.34375,27.581251,-25.706251
66712221516437,1788474231373,-2.41875,27.468752,-25.743752
66712231516437,1788474231383,-2.15625,27.337502,-25.706251
66712241516437,1788474231393,-2.1937501,27.375002,-25.7625
66712251516437,1788474231403,-2.2125,27.4125,-25.743752
66712261516437,1788474231413,-2.1750002,27.112501,-25.893751
66712271516437,1788474231423,-2.34375,26.831251,-25.800001
66712281516437,1788474231433,-2.4562502,26.85,-25.725
66712291516437,1788474231443,-2.2875001,26.98125,-25.425001
66712301516437,1788474231453,-2.1937501,27.112501,-25.518751
66712311516437,1788474231463,-2.30625,27.16875,-25.781252
66712321516437,1788474231473,-2.49375,27.16875,-25.687502
66712331516437,1788474231483,-2.625,27.093752,-25.743752
66712341516437,1788474231493,-2.71875,27.431252,-25.987501
66712351516437,1788474231503,-2.79375,27.50625,-26.1
66712361516437,1788474231513,-2.79375,27.6375,-26.1
66712371516437,1788474231523,-2.775,27.31875,-26.175001
66712381516437,1788474231533,-2.98125,27.35625,-26.025002
66712391516437,1788474231543,-3.05625,27.150002,-25.9125
66712401516437,1788474231553,-2.8875,26.925001,-25.7625
66712411516437,1788474231563,-2.9250002,27.018751,-25.5375
66712421516437,1788474231573,-2.775,26.868752,-25.312502
66712431516437,1788474231583,-2.60625,26.831251,-25.2
66712441516437,1788474231593,-2.5875,26.718752,-25.10625
66712451516437,1788474231603,-2.4562502,26.962502,-25.237501
66712461516437,1788474231613,-2.11875,26.8875,-25.462502
66712471516437,1788474231623,-2.0625,27.13125,-25.462502
66712481516437,1788474231633,-1.85625,27.150002,-25.687502
66712491516437,1788474231643,-1.9125,27.300001,-25.593752
66712501516437,1788474231653,-2.0062501,27.206251,-25.63125
66712511516437,1788474231663,-2.0062501,27.2625,-25.9125
66712521516437,1788474231673,-2.325,27.300001,-26.00625
66712531516437,1788474231683,-2.68125,27.225,-25.7625
66712541516437,1788474231693,-3.0,27.16875,-25.650002
66712551516437,1788474231703,-3.0,27.206251,-25.593752
66712561516437,1788474231713,-3.16875,27.50625,-25.5375
66712571516437,1788474231723,-3.0375001,27.375002,-25.650002
66712581516437,1788474231733,-3.0,27.375002,-25.612501
66712591516437,1788474231743,-3.15,27.31875,-25.406252
66712601516437,1788474231753,-2.9437501,27.337502,-25.500002
66712611516437,1788474231763,-2.8500001,27.35625,-25.781252
66712621516437,1788474231773,-2.60625,27.50625,-25.968752
66712631516437,1788474231783,-2.68125,27.431252,-25.95
66712641516437,1788474231793,-2.6625001,27.31875,-26.062502
66712651516437,1788474231803,-2.71875,27.187502,-26.118752
66712661516437,1788474231813,-2.6625001,27.2625,-26.156252
66712671516437,1788474231823,-2.53125,27.2625,-26.025002
66712681516437,1788474231833,-2.5500002,27.281252,-25.95
66712691516437,1788474231843,-2.41875,27.393751,-25.81875
66712701516437,1788474231853,-2.5875,27.018751,-25.7625
66712711516437,1788474231863,-2.5500002,27.112501,-25.800001
66712721516437,1788474231873,-2.60625,27.13125,-25.81875
66712731516437,1788474231883,-2.60625,27.375002,-25.837502
66712741516437,1788474231893,-2.60625,27.50625,-25.931252
66712751516437,1788474231903,-2.79375,27.562502,-26.062502
66712761516437,1788474231913,-2.9250002,27.6375,-25.987501
66712771516437,1788474231923,-3.0,27.468752,-25.837502
66712781516437,1788474231933,-2.8875,27.7875,-25.612501
66712791516437,1788474231943,-3.05625,27.45,-25.743752
66712801516437,1788474231953,-3.1875002,27.337502,-25.425001
66712811516437,1788474231963,-2.9437501,27.093752,-25.368752
66712821516437,1788474231973,-2.7562501,27.000002,-25.275002
66712831516437,1788474231983,-2.5687501,27.000002,-25.368752
66712841516437,1788474231993,-2.4750001,27.075,-25.368752
66712851516437,1788474232003,-2.1937501,27.16875,-25.462502
66712861516437,1788474232013,-2.2125,27.150002,-25.48125
66712871516437,1788474232023,-1.9687501,27.375002,-25.425001
66712881516437,1788474232033,-1.9125,27.281252,-25.48125
66712891516437,1788474232043,-1.85625,27.45,-25.556252
66712901516437,1788474232053,-1.9312501,27.375002,-25.725
66712911516437,1788474232063,-1.9125,27.300001,-25.706251
66712921516437,1788474232073,-1.7812501,27.187502,-25.743752
66712931516437,1788474232083,-1.9125,26.94375,-25.331251
66712941516437,1788474232093,-1.9312501,27.000002,-25.237501
66712951516437,1788474232103,-2.0812502,27.018751,-25.312502
66712961516437,1788474232113,-1.95,27.206251,-25.368752
66712971516437,1788474232123,-2.1375,26.962502,-25.35
66712981516437,1788474232133,-2.2687502,27.225,-25.2
66712991516437,1788474232143,-2.3625002,27.393751,-25.44375
66713001516437,1788474232153,-2.4,27.562502,-25.593752
66713011516437,1788474232163,-2.5875,27.69375,-26.025002
66713021516437,1788474232173,-2.68125,27.50625,-26.212502
66713031516437,1788474232183,-2.5687501,27.6,-26.081251
66713041516437,1788474232193,-2.60625,27.31875,-26.19375
66713051516437,1788474232203,-2.68125,27.393751,-26.475
66713061516437,1788474232213,-2.68125,27.187502,-26.550001
66713071516437,1788474232223,-2.5875,27.45,-26.212502
66713081516437,1788474232233,-2.5875,27.2625,-26.00625
66713091516437,1788474232243,-2.5687501,27.468752,-26.025002
66713101516437,1788474232253,-2.53125,27.31875,-25.837502
66713111516437,1788474232263,-2.5125,27.2625,-25.800001
66713121516437,1788474232273,-2.25,27.54375,-25.781252
66713131516437,1788474232283,-2.0812502,27.656252,-25.331251
66713141516437,1788474232293,-1.9312501,27.712502,-25.462502
66713151516437,1788474232303,-1.8750001,27.300001,-25.518751
66713161516437,1788474232313,-1.7625,27.0375,-25.406252
66713171516437,1788474232323,-1.7437501,26.75625,-25.48125
66713181516437,1788474232333,-1.7437501,27.000002,-25.725
66713191516437,1788474232343,-1.8375001,27.13125,-26.062502
66713201516437,1788474232353,-2.0625,27.225,-26.23125
66713211516437,1788474232363,-2.2687502,27.150002,-26.306252
66713221516437,1788474232373,-2.4,27.16875,-26.156252
66713231516437,1788474232383,-2.60625,27.337502,-25.931252
66713241516437,1788474232393,-2.8312502,27.431252,-26.04375
66713251516437,1788474232403,-2.775,27.7875,-25.875002
66713261516437,1788474232413,-2.8125,27.656252,-25.800001
66713271516437,1788474232423,-2.775,27.750002,-25.425001
66713281516437,1788474232433,-3.075,27.375002,-25.218752
66713291516437,1788474232443,-3.075,27.337502,-25.425001
66713301516437,1788474232453,-3.15,27.300001,-25.143751
66713311516437,1788474232463,-3.15,27.112501,-25.237501
66713321516437,1788474232473,-3.075,27.187502,-25.218752
66713331516437,1788474232483,-2.86875,27.075,-25.35
66713341516437,1788474232493,-2.7375002,27.2625,-25.218752
66713351516437,1788474232503,-2.8312502,27.093752,-25.143751
66713361516437,1788474232513,-2.6625001,27.225,-25.368752
66713371516437,1788474232523,-2.4,27.2625,-24.993752
66713381516437,1788474232533,-2.49375,27.2625,-25.218752
66713391516437,1788474232543,-2.34375,27.375002,-25.181252
66713401516437,1788474232553,-2.25,27.54375,-25.25625
66713411516437,1788474232563,-2.325,27.50625,-25.10625
66713421516437,1788474232573,-2.4375,27.300001,-25.125002
66713431516437,1788474232583,-2.3625002,27.225,-25.25625
66713441516437,1788474232593,-2.23125,27.375002,-25.10625
66713451516437,1788474232603,-2.25,27.431252,-25.3875
66713461516437,1788474232613,-2.1000001,27.525002,-25.462502
66713471516437,1788474232623,-2.325,27.50625,-25.66875
66713481516437,1788474232633,-2.25,27.35625,-25.518751
66713491516437,1788474232643,-2.2875001,27.16875,-25.800001
66713501516437,1788474232653,-2.325,27.225,-25.9125
66713511516437,1788474232663,-2.25,27.35625,-25.987501
66713521516437,1788474232673,-2.1937501,27.225,-25.85625
66713531516437,1788474232683,-2.4375,27.300001,-25.706251
66713541516437,1788474232693,-2.5125,27.187502,-25.781252
66713551516437,1788474232703,-2.34375,27.075,-25.612501
66713561516437,1788474232713,-2.53125,26.98125,-25.612501
66713571516437,1788474232723,-2.53125,27.206251,-25.425001
66713581516437,1788474232733,-2.5125,27.2625,-25.48125
66713591516437,1788474232743,-2.4750001,27.337502,-25.275002
66713601516437,1788474232753,-2.5500002,27.4125,-25.2
66713611516437,1788474232763,-2.3625002,27.35625,-25.35
66713621516437,1788474232773,-2.1375,27.468752,-25.425001
66713631516437,1788474232783,-2.1937501,27.487501,-25.500002
66713641516437,1788474232793,-2.2125,27.562502,-25.612501
66713651516437,1788474232803,-2.2687502,27.468752,-25.706251
66713661516437,1788474232813,-2.1937501,27.431252,-25.612501
66713671516437,1788474232823,-2.25,27.393751,-25.81875
66713681516437,1788474232833,-2.11875,27.487501,-26.025002
66713691516437,1788474232843,-2.325,27.300001,-26.04375
66713701516437,1788474232853,-2.625,27.225,-25.781252
66713711516437,1788474232863,-2.41875,27.487501,-25.593752
66713721516437,1788474232873,-2.3625002,27.50625,-25.518751
66713731516437,1788474232883,-2.4,27.337502,-25.3875
66713741516437,1788474232893,-2.30625,27.337502,-25.312502
66713751516437,1788474232903,-2.2687502,27.112501,-25.275002
66713761516437,1788474232913,-2.325,26.962502,-25.143751
66713771516437,1788474232923,-2.34375,27.093752,-25.312502
66713781516437,1788474232933,-2.0062501,27.206251,-25.462502
66713791516437,1788474232943,-2.23125,26.962502,-25.556252
66713801516437,1788474232953,-2.2875001,27.0375,-25.725
66713811516437,1788474232963,-2.2875001,27.13125,-25.81875
66713821516437,1788474232973,-2.4750001,27.13125,-25.987501
66713831516437,1788474232983,-2.4750001,27.225,-26.1375
66713841516437,1788474232993,-2.325,27.4125,-26.23125
66713851516437,1788474233003,-2.25,27.468752,-26.025002
66713861516437,1788474233013,-2.60625,27.375002,-25.931252
66713871516437,1788474233023,-2.49375,27.375002,-25.95
66713881516437,1788474233033,-2.4375,27.35625,-25.81875
66713891516437,1788474233043,-2.7,27.4125,-25.800001
66713901516437,1788474233053,-2.71875,27.337502,-25.875002
66713911516437,1788474233063,-2.71875,27.468752,-25.687502
66713921516437,1788474233073,-2.8125,27.375002,-25.63125
66713931516437,1788474233083,-3.0187502,27.112501,-25.612501
66713941516437,1788474233093,-2.7562501,27.300001,-25.500002
66713951516437,1788474233103,-2.79375,27.337502,-25.368752
66713961516437,1788474233113,-2.8875,27.16875,-25.331251
66713971516437,1788474233123,-2.53125,27.300001,-25.25625
66713981516437,1788474233133,-2.11875,27.50625,-24.975
66713991516437,1788474233143,-2.0812502,27.187502,-25.125002
66714001516437,1788474233153,-2.0812502,27.337502,-25.087502
66714011516437,1788474233163,-1.9125,27.54375,-24.993752
66714021516437,1788474233173,-1.8937501,27.54375,-25.29375
66714031516437,1788474233183,-1.9687501,27.675001,-25.425001
66714041516437,1788474233193,-1.9875001,27.73125,-25.63125
66714051516437,1788474233203,-2.0625,27.54375,-25.781252
66714061516437,1788474233213,-2.30625,27.45,-25.893751
66714071516437,1788474233223,-2.3625002,27.675001,-25.893751
66714081516437,1788474233233,-2.5687501,27.468752,-25.9125
66714091516437,1788474233243,-2.4562502,27.50625,-26.362501
66714101516437,1788474233253,-2.6625001,27.16875,-26.212502
66714111516437,1788474233263,-2.7375002,27.000002,-26.343752
66714121516437,1788474233273,-2.4750001,26.925001,-26.1
66714131516437,1788474233283,-2.5125,26.962502,-26.343752
66714141516437,1788474233293,-2.5125,27.112501,-26.19375
66714151516437,1788474233303,-2.60625,27.112501,-25.9125
66714161516437,1788474233313,-2.79375,27.0375,-26.1
66714171516437,1788474233323,-2.8500001,27.16875,-25.800001
66714181516437,1788474233333,-2.8125,27.50625,-25.800001
66714191516437,1788474233343,-2.5500002,27.525002,-25.66875
66714201516437,1788474233353,-2.6625001,27.825,-25.781252
66714211516437,1788474233363,-2.325,27.88125,-25.275002
66714221516437,1788474233373,-2.60625,27.69375,-25.500002
66714231516437,1788474233383,-2.60625,27.750002,-25.312502
66714241516437,1788474233393,-2.3625002,27.937502,-25.218752
66714251516437,1788474233403,-2.2687502,27.825,-25.25625
66714261516437,1788474233413,-2.04375,27.712502,-25.29375
66714271516437,1788474233423,-2.2875001,27.750002,-25.275002
66714281516437,1788474233433,-2.2875001,27.6375,-25.368752
66714291516437,1788474233443,-2.5875,27.431252,-25.368752
66714301516437,1788474233453,-2.25,27.487501,-25.462502
66714311516437,1788474233463,-2.325,27.45,-25.743752
66714321516437,1788474233473,-2.41875,27.4125,-25.725
66714331516437,1788474233483,-2.4562502,27.31875,-25.500002
66714341516437,1788474233493,-2.5125,27.300001,-25.406252
66714351516437,1788474233503,-2.34375,27.35625,-25.500002
66714361516437,1788474233513,-2.2875001,27.45,-25.406252
66714371516437,1788474233523,-2.3812501,27.806252,-25.612501
66714381516437,1788474233533,-2.4562502,27.956251,-25.612501
66714391516437,1788474233543,-2.23125,28.087502,-25.687502
66714401516437,1788474233553,-2.04375,28.031252,-25.743752
66714411516437,1788474233563,-1.9687501,28.0125,-25.81875
66714421516437,1788474233573,-2.0625,27.825,-25.81875
66714431516437,1788474233583,-2.0625,27.73125,-25.81875
66714441516437,1788474233593,-2.23125,27.843752,-25.875002
66714451516437,1788474233603,-2.23125,27.69375,-25.781252
66714461516437,1788474233613,-2.30625,27.712502,-25.425001
66714471516437,1788474233623,-2.4,27.581251,-25.35
66714481516437,1788474233633,-2.30625,27.7875,-25.35
66714491516437,1788474233643,-2.4562502,27.750002,-25.44375
66714501516437,1788474233653,-2.4750001,27.768751,-25.425001
66714511516437,1788474233663,-2.49375,27.750002,-25.462502
66714521516437,1788474233673,-2.1937501,27.525002,-25.48125
66714531516437,1788474233683,-2.11875,27.337502,-25.44375
66714541516437,1788474233693,-1.9687501,26.98125,-25.66875
66714551516437,1788474233703,-1.81875,26.79375,-25.81875
66714561516437,1788474233713,-2.0625,26.6625,-25.837502
66714571516437,1788474233723,-2.0625,26.85,-25.987501
66714581516437,1788474233733,-2.0625,26.98125,-26.00625
66714591516437,1788474233743,-2.1375,27.150002,-25.968752
66714601516437,1788474233753,-2.2125,27.187502,-26.00625
66714611516437,1788474233763,-2.5875,27.225,-25.893751
66714621516437,1788474233773,-2.6437502,27.468752,-25.743752
66714631516437,1788474233783,-2.9625,27.656252,-25.66875
66714641516437,1788474233793,-2.7375002,27.562502,-25.518751
66714651516437,1788474233803,-2.775,27.4125,-25.425001
66714661516437,1788474233813,-2.86875,27.431252,-25.425001
66714671516437,1788474233823,-2.79375,27.431252,-25.462502
66714681516437,1788474233833,-2.8500001,27.225,-25.275002
66714691516437,1788474233843,-2.4750001,27.35625,-25.63125
66714701516437,1788474233853,-2.5500002,27.187502,-25.44375
66714711516437,1788474233863,-2.5875,27.31875,-25.3875
66714721516437,1788474233873,-2.68125,27.4125,-25.3875
66714731516437,1788474233883,-2.7375002,27.487501,-25.2
66714741516437,1788474233893,-2.5875,27.581251,-25.181252
66714751516437,1788474233903,-2.7562501,27.581251,-24.975
66714761516437,1788474233913,-2.8500001,27.73125,-24.993752
66714771516437,1788474233923,-2.7562501,27.73125,-24.806252
66714781516437,1788474233933,-2.68125,27.91875,-25.06875
66714791516437,1788474233943,-2.53125,27.91875,-25.218752
66714801516437,1788474233953,-2.5875,27.88125,-25.312502
66714811516437,1788474233963,-2.49375,27.937502,-25.462502
66714821516437,1788474233973,-2.4375,27.862501,-25.29375
66714831516437,1788474233983,-2.25,27.825,-25.44375
66714841516437,1788474233993,-2.325,27.843752,-25.312502
66714851516437,1788474234003,-2.5687501,27.750002,-25.312502
66714861516437,1788474234013,-2.5687501,27.712502,-25.237501
66714871516437,1788474234023,-2.4750001,27.4125,-25.2
66714881516437,1788474234033,-2.49375,27.375002,-25.06875
66714891516437,1788474234043,-2.41875,27.150002,-25.1625
66714901516437,1788474234053,-2.60625,26.94375,-25.5375
66714911516437,1788474234063,-2.71875,26.98125,-25.368752
66714921516437,1788474234073,-2.6437502,27.0375,-25.575
66714931516437,1788474234083,-2.5125,27.093752,-25.500002
66714941516437,1788474234093,-2.625,27.000002,-25.29375
66714951516437,1788474234103,-2.6625001,27.2625,-25.181252
66714961516437,1788474234113,-2.5687501,27.225,-25.050001
66714971516437,1788474234123,-2.60625,27.468752,-24.900002
66714981516437,1788474234133,-2.53125,27.712502,-24.6
66714991516437,1788474234143,-2.3625002,27.656252,-24.712502
66715001516437,1788474234153,-2.2687502,27.525002,-24.618752
66715011516437,1788474234163,-2.0625,27.69375,-24.750002
66715021516437,1788474234173,-2.0625,27.6,-25.0125
66715031516437,1788474234183,-2.0812502,27.468752,-25.050001
66715041516437,1788474234193,-2.1750002,27.54375,-25.1625
66715051516437,1788474234203,-2.2125,27.468752,-25.0125
66715061516437,1788474234213,-2.23125,27.187502,-25.06875
66715071516437,1788474234223,-2.4,27.150002,-24.825
66715081516437,1788474234233,-2.4562502,27.281252,-24.862501
66715091516437,1788474234243,-2.7562501,27.0375,-24.975
66715101516437,1788474234253,-2.60625,27.31875,-25.050001
66715111516437,1788474234263,-2.49375,27.431252,-25.125002
66715121516437,1788474234273,-2.53125,27.45,-25.10625
66715131516437,1788474234283,-2.7375002,27.431252,-25.218752
66715141516437,1788474234293,-2.7,27.525002,-25.29375
66715151516437,1788474234303,-2.7,27.468752,-25.612501
66715161516437,1788474234313,-2.71875,27.45,-25.743752
66715171516437,1788474234323,-2.625,27.7875,-25.556252
66715181516437,1788474234333,-2.71875,27.6,-25.593752
66715191516437,1788474234343,-2.8875,27.4125,-25.612501
66715201516437,1788474234353,-2.68125,27.281252,-25.800001
66715211516437,1788474234363,-2.5687501,27.468752,-26.212502
66715221516437,1788474234373,-2.6625001,27.6375,-26.268751
66715231516437,1788474234383,-2.5125,27.806252,-26.41875
66715241516437,1788474234393,-2.60625,27.7875,-26.268751
66715251516437,1788474234403,-2.7562501,27.768751,-26.343752
66715261516437,1788474234413,-2.7,27.768751,-26.400002
66715271516437,1788474234423,-2.53125,27.956251,-26.38125
66715281516437,1788474234433,-2.68125,27.975,-26.212502
66715291516437,1788474234443,-2.4375,27.825,-25.85625
66715301516437,1788474234453,-2.4750001,27.750002,-25.7625
66715311516437,1788474234463,-2.4375,27.750002,-25.706251
66715321516437,1788474234473,-2.34375,27.581251,-25.800001
66715331516437,1788474234483,-2.15625,27.4125,-25.725
66715341516437,1788474234493,-2.1000001,27.656252,-25.48125
66715351516437,1788474234503,-2.3625002,27.31875,-25.331251
66715361516437,1788474234513,-2.34375,27.45,-25.425001
66715371516437,1788474234523,-2.4750001,27.281252,-25.5375
66715381516437,1788474234533,-2.1937501,27.093752,-25.63125
66715391516437,1788474234543,-2.2875001,27.000002,-25.63125
66715401516437,1788474234553,-2.1937501,27.187502,-25.5375
66715411516437,1788474234563,-2.1750002,27.2625,-25.63125
66715421516437,1788474234573,-2.1750002,27.187502,-25.725
66715431516437,1788474234583,-1.9312501,27.431252,-25.893751
66715441516437,1788474234593,-1.9125,27.45,-25.81875
66715451516437,1788474234603,-1.9687501,27.712502,-25.706251
66715461516437,1788474234613,-2.15625,27.750002,-25.706251
66715471516437,1788474234623,-2.025,27.862501,-25.725
66715481516437,1788474234633,-1.8375001,27.88125,-25.593752
66715491516437,1788474234643,-2.0625,27.768751,-25.556252
66715501516437,1788474234653,-2.04375,27.6,-25.5375
66715511516437,1788474234663,-2.1000001,27.50625,-25.25625
66715521516437,1788474234673,-2.0062501,27.487501,-25.312502
66715531516437,1788474234683,-1.8937501,27.150002,-25.425001
66715541516437,1788474234693,-1.8937501,27.150002,-25.331251
66715551516437,1788474234703,-2.11875,26.962502,-25.0125
66715561516437,1788474234713,-2.3812501,26.75625,-25.25625
66715571516437,1788474234723,-2.15625,27.16875,-25.25625
66715581516437,1788474234733,-2.1937501,27.35625,-25.3875
66715591516437,1788474234743,-2.23125,27.393751,-25.48125
66715601516437,1788474234753,-2.325,27.468752,-25.44375
66715611516437,1788474234763,-2.34375,27.675001,-25.425001
66715621516437,1788474234773,-2.2687502,27.468752,-25.406252
66715631516437,1788474234783,-2.0062501,27.487501,-25.425001
66715641516437,1788474234793,-1.85625,27.843752,-25.462502
66715651516437,1788474234803,-2.0625,27.337502,-25.500002
66715661516437,1788474234813,-2.025,27.093752,-25.44375
66715671516437,1788474234823,-2.0062501,27.16875,-25.612501
66715681516437,1788474234833,-1.9312501,26.98125,-25.612501
66715691516437,1788474234843,-1.8000001,27.056252,-25.5375
66715701516437,1788474234853,-1.95,27.35625,-25.593752
66715711516437,1788474234863,-2.0625,27.337502,-25.800001
66715721516437,1788474234873,-2.1937501,27.16875,-25.725
66715731516437,1788474234883,-2.025,27.225,-25.893751
66715741516437,1788474234893,-1.7062501,27.225,-25.81875
66715751516437,1788474234903,-1.85625,27.018751,-25.687502
66715761516437,1788474234913,-1.85625,27.093752,-25.63125
66715771516437,1788474234923,-1.9312501,26.98125,-25.706251
66715781516437,1788474234933,-1.8375001,26.737501,-25.743752
66715791516437,1788474234943,-1.81875,26.75625,-25.725
66715801516437,1788474234953,-2.025,26.75625,-25.63125
66715811516437,1788474234963,-2.11875,26.812502,-25.44375
66715821516437,1788474234973,-2.4562502,27.112501,-25.518751
66715831516437,1788474234983,-2.4375,27.31875,-25.63125
66715841516437,1788474234993,-2.5500002,27.2625,-25.650002
66715851516437,1788474235003,-2.60625,27.300001,-25.650002
66715861516437,1788474235013,-2.5875,27.4125,-25.575
66715871516437,1788474235023,-2.5125,27.525002,-25.556252
66715881516437,1788474235033,-2.25,27.468752,-25.650002
66715891516437,1788474235043,-2.325,27.375002,-25.5375
66715901516437,1788474235053,-2.04375,27.281252,-25.425001
66715911516437,1788474235063,-1.66875,27.281252,-25.29375
66715921516437,1788474235073,-1.66875,27.487501,-25.3875
66715931516437,1788474235083,-1.48125,27.562502,-25.35
66715941516437,1788474235093,-1.5937501,27.50625,-25.462502
66715951516437,1788474235103,-1.85625,27.468752,-25.44375
66715961516437,1788474235113,-1.6125001,27.562502,-25.44375
66715971516437,1788474235123,-1.7437501,27.468752,-25.44375
66715981516437,1788474235133,-1.8750001,27.243752,-25.518751
66715991516437,1788474235143,-2.0812502,27.093752,-25.556252
66716001516437,1788474235153,-2.11875,26.831251,-25.44375
66716011516437,1788474235163,-2.3812501,26.94375,-25.575
66716021516437,1788474235173,-2.4,27.150002,-25.556252
66716031516437,1788474235183,-2.325,26.98125,-25.518751
66716041516437,1788474235193,-2.49375,26.681252,-25.81875
66716051516437,1788474235203,-2.3625002,27.018751,-25.687502
66716061516437,1788474235213,-2.4750001,27.112501,-25.650002
66716071516437,1788474235223,-2.6437502,27.112501,-25.5375
66716081516437,1788474235233,-2.60625,27.225,-25.687502
66716091516437,1788474235243,-2.5500002,27.075,-25.48125
66716101516437,1788474235253,-2.4750001,27.056252,-25.462502
66716111516437,1788474235263,-2.49375,27.225,-25.44375
66716121516437,1788474235273,-2.5500002,27.31875,-25.143751
66716131516437,1788474235283,-2.4750001,27.281252,-25.25625
66716141516437,1788474235293,-2.49375,27.393751,-25.143751
66716151516437,1788474235303,-2.3812501,27.393751,-25.500002
66716161516437,1788474235313,-2.49375,27.393751,-25.44375
66716171516437,1788474235323,-2.4562502,27.54375,-25.5375
66716181516437,1788474235333,-2.4,27.618752,-25.593752
66716191516437,1788474235343,-2.30625,27.35625,-25.612501
66716201516437,1788474235353,-2.4375,27.45,-25.556252
66716211516437,1788474235363,-2.4,27.2625,-25.556252
66716221516437,1788474235373,-2.4375,27.13125,-25.650002
66716231516437,1788474235383,-2.5875,27.375002,-25.612501
66716241516437,1788474235393,-2.41875,27.112501,-25.706251
66716251516437,1788474235403,-2.4750001,27.0375,-25.9125
66716261516437,1788474235413,-2.5125,26.812502,-25.687502
66716271516437,1788474235423,-2.5687501,26.962502,-25.650002
66716281516437,1788474235433,-2.34375,26.94375,-25.500002
66716291516437,1788474235443,-2.30625,26.94375,-25.5375
66716301516437,1788474235453,-2.34375,26.868752,-25.650002
66716311516437,1788474235463,-2.04375,26.6625,-25.593752
66716321516437,1788474235473,-2.15625,26.831251,-25.556252
66716331516437,1788474235483,-2.23125,26.7,-25.29375
66716341516437,1788474235493,-2.1750002,26.925001,-25.35
66716351516437,1788474235503,-2.30625,27.056252,-25.3875
66716361516437,1788474235513,-2.4,27.018751,-25.66875
66716371516437,1788474235523,-2.4375,27.075,-25.95
66716381516437,1788474235533,-2.2875001,27.300001,-25.875002
66716391516437,1788474235543,-2.4375,27.4125,-25.931252
66716401516437,1788474235553,-2.4562502,27.337502,-25.95
66716411516437,1788474235563,-2.41875,27.468752,-25.968752
66716421516437,1788474235573,-2.4750001,27.281252,-26.04375
66716431516437,1788474235583,-2.3625002,27.225,-25.987501
66716441516437,1788474235593,-2.34375,27.45,-25.893751
66716451516437,1788474235603,-2.3812501,27.4125,-25.612501
66716461516437,1788474235613,-2.5500002,27.562502,-25.500002
66716471516437,1788474235623,-2.53125,27.69375,-25.25625
66716481516437,1788474235633,-2.41875,27.712502,-25.181252
66716491516437,1788474235643,-2.4750001,27.562502,-24.975
66716501516437,1788474235653,-2.3625002,27.7875,-24.91875
66716511516437,1788474235663,-2.625,27.69375,-25.06875
66716521516437,1788474235673,-2.5875,27.581251,-25.10625
66716531516437,1788474235683,-2.41875,27.712502,-24.993752
66716541516437,1788474235693,-2.25,27.35625,-25.125002
66716551516437,1788474235703,-2.1750002,27.093752,-25.237501
66716561516437,1788474235713,-2.0812502,27.093752,-25.237501
66716571516437,1788474235723,-2.0625,27.13125,-25.275002
66716581516437,1788474235733,-2.1375,26.962502,-25.48125
66716591516437,1788474235743,-1.8937501,26.85,-25.66875
66716601516437,1788474235753,-2.025,26.79375,-25.518751
66716611516437,1788474235763,-2.1375,26.625002,-25.556252
66716621516437,1788474235773,-2.325,26.6625,-25.425001
66716631516437,1788474235783,-2.5125,26.5125,-25.462502
66716641516437,1788474235793,-2.7375002,26.587502,-25.44375
66716651516437,1788474235803,-2.4562502,26.625002,-25.518751
66716661516437,1788474235813,-2.5500002,26.643751,-25.25625
66716671516437,1788474235823,-2.6625001,26.868752,-24.975
66716681516437,1788474235833,-2.5687501,26.868752,-24.750002
66716691516437,1788474235843,-2.86875,26.925001,-24.675001
66716701516437,1788474235853,-2.625,27.0375,-24.768751
66716711516437,1788474235863,-2.41875,27.2625,-24.675001
66716721516437,1788474235873,-2.4,27.468752,-24.675001
66716731516437,1788474235883,-2.625,27.69375,-24.675001
66716741516437,1788474235893,-2.5500002,27.712502,-24.7875
66716751516437,1788474235903,-2.4375,27.618752,-24.956251
66716761516437,1788474235913,-2.30625,27.581251,-25.181252
66716771516437,1788474235923,-2.0062501,27.50625,-25.29375
66716781516437,1788474235933,-2.30625,27.618752,-25.593752
66716791516437,1788474235943,-2.4,27.468752,-25.48125
66716801516437,1788474235953,-2.1937501,27.337502,-25.312502
66716811516437,1788474235963,-2.1937501,27.000002,-25.500002
66716821516437,1788474235973,-2.30625,26.94375,-25.66875
66716831516437,1788474235983,-2.34375,27.0375,-25.5375
66716841516437,1788474235993,-2.4375,27.31875,-25.63125
66716851516437,1788474236003,-2.41875,27.50625,-25.575
66716861516437,1788474236013,-2.2687502,27.300001,-25.312502
66716871516437,1788474236023,-2.2687502,27.618752,-25.500002
66716881516437,1788474236033,-2.4375,27.50625,-25.593752
66716891516437,1788474236043,-2.53125,27.768751,-25.462502
66716901516437,1788474236053,-2.3812501,27.88125,-25.556252
66716911516437,1788474236063,-2.3625002,27.675001,-25.462502
66716921516437,1788474236073,-2.5500002,27.431252,-25.556252
66716931516437,1788474236083,-2.71875,27.35625,-25.593752
66716941516437,1788474236093,-2.7375002,27.4125,-25.66875
66716951516437,1788474236103,-2.6437502,27.150002,-25.743752
66716961516437,1788474236113,-2.4,27.300001,-25.612501
66716971516437,1788474236123,-2.1937501,27.225,-25.743752
66716981516437,1788474236133,-2.325,27.075,-25.312502
66716991516437,1788474236143,-2.41875,27.300001,-25.406252
66717001516437,1788474236153,-2.25,27.487501,-25.406252
66717011516437,1788474236163,-2.1750002,27.468752,-25.331251
66717021516437,1788474236173,-2.11875,27.2625,-25.35
66717031516437,1788474236183,-2.0625,27.2625,-25.0125
66717041516437,1788474236193,-2.2687502,27.375002,-25.0125
66717051516437,1788474236203,-2.30625,27.4125,-25.0125
66717061516437,1788474236213,-2.1750002,27.525002,-25.331251
66717071516437,1788474236223,-1.81875,27.31875,-25.29375
66717081516437,1788474236233,-1.8750001,27.093752,-25.087502
66717091516437,1788474236243,-2.0625,27.112501,-25.181252
66717101516437,1788474236253,-2.34375,27.2625,-25.143751
66717111516437,1788474236263,-2.60625,27.337502,-25.518751
66717121516437,1788474236273,-2.325,27.056252,-25.575
66717131516437,1788474236283,-2.2875001,26.98125,-25.650002
66717141516437,1788474236293,-2.2125,26.868752,-25.48125
66717151516437,1788474236303,-2.41875,26.79375,-25.425001
66717161516437,1788474236313,-2.325,26.79375,-25.612501
66717171516437,1788474236323,-2.325,26.5125,-25.63125
66717181516437,1788474236333,-2.0812502,26.6625,-25.687502
66717191516437,1788474236343,-1.9312501,26.456251,-25.575
66717201516437,1788474236353,-2.25,26.475,-25.725
66717211516437,1788474236363,-2.1750002,26.400002,-25.556252
66717221516437,1788474236373,-2.2687502,26.493752,-25.556252
66717231516437,1788474236383,-2.1375,26.94375,-25.575
66717241516437,1788474236393,-2.1750002,26.962502,-25.3875
66717251516437,1788474236403,-1.95,27.281252,-25.612501
66717261516437,1788474236413,-1.9875001,27.281252,-25.66875
66717271516437,1788474236423,-1.85625,27.4125,-25.500002
66717281516437,1788474236433,-1.7437501,27.468752,-25.575
66717291516437,1788474236443,-1.8750001,27.6375,-25.500002
66717301516437,1788474236453,-1.7812501,27.712502,-25.518751
66717311516437,1788474236463,-2.25,27.50625,-25.612501
66717321516437,1788474236473,-2.325,27.525002,-25.725
66717331516437,1788474236483,-2.3625002,27.6,-25.5375
66717341516437,1788474236493,-2.3625002,27.54375,-25.25625
66717351516437,1788474236503,-2.4562502,27.6375,-25.500002
66717361516437,1788474236513,-2.4750001,27.675001,-25.331251
66717371516437,1788474236523,-2.41875,27.300001,-25.593752
66717381516437,1788474236533,-2.625,27.16875,-25.66875
66717391516437,1788474236543,-2.4375,27.225,-25.575
66717401516437,1788474236553,-2.4,27.35625,-25.500002
66717411516437,1788474236563,-2.41875,27.2625,-25.650002
66717421516437,1788474236573,-2.4750001,27.375002,-25.7625
66717431516437,1788474236583,-2.5125,27.300001,-25.63125
66717441516437,1788474236593,-2.34375,27.206251,-25.406252
66717451516437,1788474236603,-2.41875,27.468752,-25.406252
66717461516437,1788474236613,-2.2875001,27.712502,-25.368752
66717471516437,1788474236623,-2.34375,27.431252,-25.500002
66717481516437,1788474236633,-2.4750001,27.35625,-25.500002
66717491516437,1788474236643,-2.775,27.243752,-25.331251
66717501516437,1788474236653,-2.86875,26.98125,-25.25625
66717511516437,1788474236663,-2.8500001,27.150002,-25.125002
66717521516437,1788474236673,-2.9437501,27.093752,-25.312502
66717531516437,1788474236683,-3.0937502,27.093752,-25.125002
66717541516437,1788474236693,-3.2062502,26.775002,-25.1625
66717551516437,1788474236703,-3.0937502,26.962502,-24.937502
66717561516437,1788474236713,-2.9250002,26.925001,-24.993752
66717571516437,1788474236723,-2.7375002,26.98125,-24.993752
66717581516437,1788474236733,-2.7375002,27.243752,-25.125002
66717591516437,1788474236743,-2.8875,27.056252,-25.218752
66717601516437,1788474236753,-2.8500001,27.2625,-25.35
66717611516437,1788474236763,-2.8125,27.300001,-25.556252
66717621516437,1788474236773,-2.8312502,27.50625,-25.575
66717631516437,1788474236783,-2.86875,27.562502,-25.800001
66717641516437,1788474236793,-2.7562501,27.525002,-25.7625
66717651516437,1788474236803,-2.775,27.54375,-25.781252
66717661516437,1788474236813,-2.71875,27.54375,-25.781252
66717671516437,1788474236823,-2.5875,27.6375,-25.781252
66717681516437,1788474236833,-2.71875,27.581251,-25.893751
66717691516437,1788474236843,-2.6625001,27.50625,-25.725
66717701516437,1788474236853,-2.4750001,27.562502,-25.725
66717711516437,1788474236863,-2.49375,27.562502,-25.612501
66717721516437,1788474236873,-2.5687501,27.54375,-25.743752
66717731516437,1788474236883,-2.4562502,27.525002,-25.63125
66717741516437,1788474236893,-2.3625002,27.375002,-25.556252
66717751516437,1788474236903,-2.30625,27.187502,-25.425001
66717761516437,1788474236913,-2.325,27.243752,-25.125002
66717771516437,1788474236923,-2.23125,27.056252,-25.125002
66717781516437,1788474236933,-2.0625,27.000002,-24.91875
66717791516437,1788474236943,-1.725,27.000002,-24.900002
66717801516437,1788474236953,-1.7625,26.962502,-24.656252
66717811516437,1788474236963,-1.7625,27.13125,-24.6
66717821516437,1788474236973,-1.66875,27.187502,-24.6375
66717831516437,1788474236983,-1.81875,27.35625,-24.675001
66717841516437,1788474236993,-1.8375001,27.35625,-24.975
66717851516437,1788474237003,-1.81875,27.73125,-24.956251
66717861516437,1788474237013,-2.23125,27.6375,-25.0125
66717871516437,1788474237023,-2.4750001,27.73125,-24.975
66717881516437,1788474237033,-2.53125,27.825,-25.06875
66717891516437,1788474237043,-2.6437502,27.750002,-25.368752
66717901516437,1788474237053,-2.8125,27.825,-25.331251
66717911516437,1788474237063,-2.79375,27.750002,-25.5375
66717921516437,1788474237073,-2.71875,27.581251,-25.406252
66717931516437,1788474237083,-2.8500001,27.281252,-25.500002
66717941516437,1788474237093,-2.775,27.393751,-25.800001
66717951516437,1788474237103,-2.8500001,27.225,-25.85625
66717961516437,1788474237113,-2.68125,27.187502,-25.837502
66717971516437,1788474237123,-2.5687501,27.16875,-25.837502
66717981516437,1788474237133,-2.5687501,26.925001,-25.931252
66717991516437,1788474237143,-2.6625001,26.79375,-25.7625
66718001516437,1788474237153,-2.625,27.0375,-25.706251
66718011516437,1788474237163,-2.6437502,27.056252,-25.687502
66718021516437,1788474237173,-2.6625001,27.075,-25.25625
66718031516437,1788474237183,-2.49375,27.093752,-25.237501
66718041516437,1788474237193,-2.625,27.300001,-25.2
66718051516437,1788474237203,-2.71875,27.150002,-25.143751
66718061516437,1788474237213,-2.4562502,27.31875,-25.1625
66718071516437,1788474237223,-2.2875001,27.6,-25.312502
66718081516437,1788474237233,-2.325,27.50625,-25.218752
66718091516437,1788474237243,-2.3625002,27.4125,-25.10625
66718101516437,1788474237253,-2.2687502,27.225,-25.218752
66718111516437,1788474237263,-2.2875001,27.35625,-25.3875
66718121516437,1788474237273,-2.25,27.225,-25.500002
66718131516437,1788474237283,-2.23125,27.206251,-25.48125
66718141516437,1788474237293,-2.15625,27.13125,-25.462502
66718151516437,1788474237303,-2.41875,27.000002,-25.25625
66718161516437,1788474237313,-2.4,26.962502,-25.2
66718171516437,1788474237323,-2.49375,27.16875,-25.368752
66718181516437,1788474237333,-2.4750001,27.2625,-25.425001
66718191516437,1788474237343,-2.5500002,27.243752,-25.331251
66718201516437,1788474237353,-2.3812501,27.31875,-25.181252
66718211516437,1788474237363,-2.1000001,27.525002,-25.25625
66718221516437,1788474237373,-2.3625002,27.581251,-25.087502
66718231516437,1788474237383,-2.0625,27.487501,-25.312502
66718241516437,1788474237393,-2.04375,27.581251,-25.35
66718251516437,1788474237403,-1.8000001,27.45,-25.331251
66718261516437,1788474237413,-1.81875,27.375002,-25.275002
66718271516437,1788474237423,-1.6125001,27.4125,-25.3875
66718281516437,1788474237433,-1.85625,27.206251,-25.63125
66718291516437,1788474237443,-1.9687501,27.281252,-25.743752
66718301516437,1788474237453,-1.9312501,26.98125,-25.81875
66718311516437,1788474237463,-2.25,27.075,-25.85625
66718321516437,1788474237473,-2.49375,26.925001,-25.987501
66718331516437,1788474237483,-2.41875,26.94375,-25.875002
66718341516437,1788474237493,-2.5500002,27.093752,-25.968752
66718351516437,1788474237503,-2.71875,27.018751,-25.95
66718361516437,1788474237513,-2.79375,27.13125,-25.85625
66718371516437,1788474237523,-2.9250002,27.018751,-25.687502
66718381516437,1788474237533,-2.9625,27.300001,-25.706251
66718391516437,1788474237543,-2.49375,27.281252,-25.462502
66718401516437,1788474237553,-2.3625002,27.468752,-25.406252
66718411516437,1788474237563,-2.41875,27.487501,-25.406252
66718421516437,1788474237573,-2.325,27.337502,-25.462502
66718431516437,1788474237583,-2.1000001,27.31875,-25.500002
66718441516437,1788474237593,-1.8937501,27.468752,-25.462502
66718451516437,1788474237603,-1.8375001,27.525002,-25.63125
66718461516437,1788474237613,-1.8937501,27.618752,-25.593752
66718471516437,1788474237623,-2.04375,27.675001,-25.85625
66718481516437,1788474237633,-1.8937501,27.45,-25.837502
66718491516437,1788474237643,-1.7812501,27.35625,-25.800001
66718501516437,1788474237653,-1.8937501,27.431252,-25.687502
66718511516437,1788474237663,-2.1375,27.2625,-25.48125
66718521516437,1788474237673,-2.3625002,27.056252,-25.44375
66718531516437,1788474237683,-2.3625002,26.868752,-25.25625
66718541516437,1788474237693,-2.34375,26.79375,-25.368752
66718551516437,1788474237703,-2.2687502,26.925001,-25.25625
66718561516437,1788474237713,-2.1750002,26.98125,-25.25625
66718571516437,1788474237723,-2.4375,27.056252,-25.406252
66718581516437,1788474237733,-2.49375,27.187502,-25.593752
66718591516437,1788474237743,-2.4,27.281252,-25.875002
66718601516437,1788474237753,-2.1000001,27.431252,-26.156252
66718611516437,1788474237763,-2.2875001,27.675001,-26.081251
66718621516437,1788474237773,-2.25,27.562502,-25.968752
66718631516437,1788474237783,-2.30625,27.281252,-26.156252
66718641516437,1788474237793,-2.3625002,27.281252,-26.1
66718651516437,1788474237803,-2.30625,27.393751,-25.987501
66718661516437,1788474237813,-2.1937501,27.393751,-25.968752
66718671516437,1788474237823,-2.4375,27.337502,-25.66875
66718681516437,1788474237833,-2.41875,27.431252,-25.518751
66718691516437,1788474237843,-2.25,27.243752,-25.575
66718701516437,1788474237853,-2.3812501,27.35625,-25.63125
66718711516437,1788474237863,-2.53125,27.581251,-25.181252
66718721516437,1788474237873,-2.71875,27.825,-25.25625
66718731516437,1788474237883,-2.79375,27.675001,-25.275002
66718741516437,1788474237893,-2.90625,27.712502,-25.462502
66718751516437,1788474237903,-2.79375,27.73125,-25.5375
66718761516437,1788474237913,-2.9625,27.50625,-25.462502
66718771516437,1788474237923,-3.0375001,27.300001,-25.518751
66718781516437,1788474237933,-2.90625,27.300001,-25.593752
66718791516437,1788474237943,-2.79375,27.112501,-25.968752
66718801516437,1788474237953,-2.86875,26.681252,-26.118752
66718811516437,1788474237963,-2.8312502,26.906252,-26.362501
66718821516437,1788474237973,-2.71875,26.75625,-26.00625
66718831516437,1788474237983,-2.5875,26.6625,-26.1
66718841516437,1788474237993,-2.5875,26.812502,-25.931252
66718851516437,1788474238003,-2.625,27.0375,-25.893751
66718861516437,1788474238013,-2.53125,26.906252,-25.800001
66718871516437,1788474238023,-2.625,26.98125,-25.612501
66718881516437,1788474238033,-2.34375,27.393751,-25.556252
66718891516437,1788474238043,-2.2875001,27.281252,-25.1625
66718901516437,1788474238053,-2.1375,27.225,-25.125002
66718911516437,1788474238063,-2.2687502,27.375002,-25.218752
66718921516437,1788474238073,-1.95,27.375002,-25.44375
66718931516437,1788474238083,-1.81875,27.675001,-25.44375
66718941516437,1788474238093,-1.8937501,27.6,-25.462502
66718951516437,1788474238103,-1.9125,27.581251,-25.5375
66718961516437,1788474238113,-1.8937501,27.562502,-25.237501
66718971516437,1788474238123,-1.7812501,27.675001,-25.44375
66718981516437,1788474238133,-1.9125,27.750002,-25.3875
66718991516437,1788474238143,-2.15625,27.843752,-25.031252
66719001516437,1788474238153,-2.4375,27.54375,-25.031252
66719011516437,1788474238163,-2.5875,27.468752,-25.050001
66719021516437,1788474238173,-2.4,27.50625,-25.050001
66719031516437,1788474238183,-2.4750001,27.525002,-24.937502
66719041516437,1788474238193,-2.4750001,27.375002,-25.06875
66719051516437,1788474238203,-2.5875,27.150002,-24.768751
66719061516437,1788474238213,-2.5125,27.225,-24.825
66719071516437,1788474238223,-2.2125,27.075,-25.087502
66719081516437,1788474238233,-2.3625002,27.112501,-25.125002
66719091516437,1788474238243,-2.2687502,27.056252,-24.900002
66719101516437,1788474238253,-2.4375,27.075,-24.937502
66719111516437,1788474238263,-2.0812502,26.94375,-25.050001
66719121516437,1788474238273,-2.1000001,26.925001,-25.125002
66719131516437,1788474238283,-2.0062501,26.98125,-25.25625
66719141516437,1788474238293,-1.9312501,26.925001,-25.06875
66719151516437,1788474238303,-2.025,27.075,-24.900002
66719161516437,1788474238313,-1.7437501,27.281252,-24.675001
66719171516437,1788474238323,-1.725,27.056252,-24.862501
66719181516437,1788474238333,-1.7062501,27.018751,-24.7875
66719191516437,1788474238343,-1.8750001,27.206251,-24.88125
66719201516437,1788474238353,-2.2125,27.150002,-25.06875
66719211516437,1788474238363,-2.4,27.150002,-25.125002
66719221516437,1788474238373,-2.34375,27.243752,-25.48125
66719231516437,1788474238383,-2.3625002,26.98125,-25.593752
66719241516437,1788474238393,-2.4562502,27.075,-25.63125
66719251516437,1788474238403,-2.71875,27.112501,-25.687502
66719261516437,1788474238413,-2.6625001,27.375002,-25.575
66719271516437,1788474238423,-2.68125,27.206251,-25.406252
66719281516437,1788474238433,-2.4562502,27.0375,-25.35
66719291516437,1788474238443,-2.5500002,27.0375,-25.48125
66719301516437,1788474238453,-2.86875,26.906252,-25.25625
66719311516437,1788474238463,-2.8312502,27.093752,-25.10625
66719321516437,1788474238473,-2.9250002,26.925001,-25.218752
66719331516437,1788474238483,-2.7562501,26.79375,-24.975
66719341516437,1788474238493,-2.9250002,26.718752,-25.125002
66719351516437,1788474238503,-2.98125,26.925001,-25.125002
66719361516437,1788474238513,-3.0937502,27.2625,-25.0125
66719371516437,1788474238523,-3.0187502,27.375002,-24.900002
66719381516437,1788474238533,-2.8500001,27.487501,-24.937502
66719391516437,1788474238543,-2.7,27.393751,-24.993752
66719401516437,1788474238553,-2.7562501,27.281252,-25.031252
66719411516437,1788474238563,-2.6625001,27.393751,-25.218752
66719421516437,1788474238573,-2.53125,27.50625,-25.143751
66719431516437,1788474238583,-2.30625,27.54375,-25.06875
66719441516437,1788474238593,-2.30625,27.6,-25.031252
66719451516437,1788474238603,-2.2875001,27.6375,-25.2
66719461516437,1788474238613,-2.2125,27.50625,-25.1625
66719471516437,1788474238623,-2.3625002,27.31875,-25.050001
66719481516437,1788474238633,-2.1000001,27.50625,-25.1625
66719491516437,1788474238643,-2.11875,27.6375,-25.06875
66719501516437,1788474238653,-2.1375,27.487501,-25.143751
66719511516437,1788474238663,-2.3625002,27.468752,-25.2
66719521516437,1788474238673,-2.23125,27.206251,-25.237501
66719531516437,1788474238683,-2.23125,27.112501,-25.143751
66719541516437,1788474238693,-2.11875,27.16875,-25.35
66719551516437,1788474238703,-2.1750002,27.206251,-25.425001
66719561516437,1788474238713,-2.41875,27.150002,-25.2
66719571516437,1788474238723,-2.4562502,26.79375,-25.218752
66719581516437,1788474238733,-2.41875,26.643751,-25.368752
66719591516437,1788474238743,-2.4375,26.6625,-25.575
66719601516437,1788474238753,-2.5687501,26.75625,-25.706251
66719611516437,1788474238763,-2.5125,26.85,-25.837502
66719621516437,1788474238773,-2.68125,26.868752,-25.687502
66719631516437,1788474238783,-2.53125,27.187502,-25.743752
66719641516437,1788474238793,-2.3812501,27.393751,-25.987501
66719651516437,1788474238803,-2.2875001,27.581251,-26.175001
66719661516437,1788474238813,-2.4750001,27.862501,-25.95
66719671516437,1788474238823,-2.34375,27.937502,-25.95
66719681516437,1788474238833,-2.2687502,28.218752,-25.781252
66719691516437,1788474238843,-2.1000001,28.181252,-25.3875
66719701516437,1788474238853,-2.1375,28.218752,-25.518751
66719711516437,1788474238863,-2.11875,28.143751,-25.406252
66719721516437,1788474238873,-1.9687501,27.937502,-25.125002
66719731516437,1788474238883,-1.81875,27.937502,-24.937502
66719741516437,1788474238893,-1.6875001,27.750002,-24.975
66719751516437,1788474238903,-1.5937501,27.69375,-24.825
66719761516437,1788474238913,-1.6125001,27.675001,-24.843752
66719771516437,1788474238923,-1.81875,27.54375,-25.06875
66719781516437,1788474238933,-1.8937501,27.618752,-24.862501
66719791516437,1788474238943,-1.9687501,27.6,-24.975
66719801516437,1788474238953,-2.2687502,27.581251,-25.181252
66719811516437,1788474238963,-2.4375,27.825,-25.25625
66719821516437,1788474238973,-2.3812501,28.050001,-25.181252
66719831516437,1788474238983,-2.60625,28.050001,-25.1625
66719841516437,1788474238993,-2.60625,28.050001,-25.0125
66719851516437,1788474239003,-2.5687501,28.125002,-24.862501
66719861516437,1788474239013,-2.5125,28.050001,-24.806252
66719871516437,1788474239023,-2.6625001,27.862501,-24.675001
66719881516437,1788474239033,-2.5500002,27.937502,-24.468752
66719891516437,1788474239043,-2.5875,27.843752,-24.375002
66719901516437,1788474239053,-2.7562501,27.656252,-24.35625
66719911516437,1788474239063,-2.8312502,27.393751,-24.337502
66719921516437,1788474239073,-2.7,27.206251,-24.431252
66719931516437,1788474239083,-2.71875,27.056252,-24.562502
66719941516437,1788474239093,-2.8500001,27.0375,-24.581251
66719951516437,1788474239103,-2.6437502,27.0375,-24.88125
66719961516437,1788474239113,-2.71875,27.018751,-25.25625
66719971516437,1788474239123,-2.6625001,27.000002,-25.275002
66719981516437,1788474239133,-2.79375,26.906252,-25.331251
66719991516437,1788474239143,-2.5500002,26.98125,-25.425001
66720001516437,1788474239153,-2.7375002,26.868752,-25.48125
66720011516437,1788474239163,-2.8875,26.962502,-25.5375
66720021516437,1788474239173,-2.60625,26.925001,-25.44375
66720031516437,1788474239183,-2.8312502,27.150002,-25.25625
66720041516437,1788474239193,-2.7562501,27.393751,-25.087502
66720051516437,1788474239203,-2.6437502,27.35625,-24.900002
66720061516437,1788474239213,-2.5500002,27.35625,-24.937502
66720071516437,1788474239223,-2.4,27.487501,-24.937502
66720081516437,1788474239233,-2.41875,27.50625,-24.91875
66720091516437,1788474239243,-2.34375,27.487501,-24.712502
66720101516437,1788474239253,-2.49375,27.225,-24.88125
66720111516437,1788474239263,-2.5125,27.31875,-24.843752
66720121516437,1788474239273,-2.775,27.000002,-24.50625
66720131516437,1788474239283,-3.075,27.13125,-24.768751
66720141516437,1788474239293,-2.98125,27.2625,-24.6375
66720151516437,1788474239303,-3.2062502,27.093752,-24.525002
66720161516437,1788474239313,-2.90625,27.13125,-24.487501
66720171516437,1788474239323,-2.7375002,27.206251,-24.73125
66720181516437,1788474239333,-2.53125,27.4125,-24.825
66720191516437,1788474239343,-2.41875,27.225,-24.825
66720201516437,1788474239353,-2.0812502,27.300001,-25.181252
66720211516437,1788474239363,-2.025,27.16875,-25.218752
66720221516437,1788474239373,-2.11875,27.075,-25.44375
66720231516437,1788474239383,-2.0062501,26.85,-25.462502
66720241516437,1788474239393,-2.325,26.625002,-25.612501
66720251516437,1788474239403,-2.4375,26.718752,-25.5375
66720261516437,1788474239413,-2.5687501,26.831251,-25.706251
66720271516437,1788474239423,-2.3812501,26.8875,-25.743752
66720281516437,1788474239433,-2.53125,26.737501,-25.575
66720291516437,1788474239443,-2.5875,26.531252,-25.331251
66720301516437,1788474239453,-2.3625002,26.625002,-25.29375
66720311516437,1788474239463,-2.5125,27.0375,-25.556252
66720321516437,1788474239473,-2.4375,27.337502,-25.48125
66720331516437,1788474239483,-2.4562502,27.337502,-25.368752
66720341516437,1788474239493,-2.5500002,27.393751,-25.237501
66720351516437,1788474239503,-2.775,27.393751,-25.331251
66720361516437,1788474239513,-2.625,27.6375,-25.368752
66720371516437,1788474239523,-2.3812501,27.7875,-25.706251
66720381516437,1788474239533,-2.41875,27.825,-25.650002
66720391516437,1788474239543,-2.23125,27.88125,-25.650002
66720401516437,1788474239553,-2.1750002,27.975,-25.687502
66720411516437,1788474239563,-2.11875,27.88125,-26.025002
66720421516437,1788474239573,-2.2875001,27.656252,-26.175001
66720431516437,1788474239583,-2.025,27.73125,-25.968752
66720441516437,1788474239593,-2.1000001,27.618752,-26.081251
66720451516437,1788474239603,-2.30625,27.73125,-26.00625
66720461516437,1788474239613,-2.325,27.393751,-26.00625
66720471516437,1788474239623,-2.4750001,27.300001,-25.837502
66720481516437,1788474239633,-2.3625002,27.13125,-25.781252
66720491516437,1788474239643,-2.325,27.187502,-25.5375
66720501516437,1788474239653,-1.9875001,27.206251,-25.425001
66720511516437,1788474239663,-2.1375,26.925001,-25.462502
66720521516437,1788474239673,-2.23125,27.000002,-25.331251
66720531516437,1788474239683,-2.2125,26.831251,-25.181252
66720541516437,1788474239693,-2.34375,27.093752,-25.3875
66720551516437,1788474239703,-2.41875,27.018751,-25.462502
66720561516437,1788474239713,-2.6437502,27.000002,-25.687502
66720571516437,1788474239723,-2.775,26.85,-25.650002
66720581516437,1788474239733,-2.8500001,26.925001,-25.3875
66720591516437,1788474239743,-2.8875,27.16875,-25.706251
66720601516437,1788474239753,-2.8312502,27.112501,-25.612501
66720611516437,1788474239763,-2.8312502,27.45,-25.743752
66720621516437,1788474239773,-2.8500001,27.54375,-25.5375
66720631516437,1788474239783,-2.8500001,27.6375,-25.5375
66720641516437,1788474239793,-2.7,27.581251,-25.368752
66720651516437,1788474239803,-2.60625,27.487501,-25.462502
66720661516437,1788474239813,-2.60625,27.768751,-25.556252
66720671516437,1788474239823,-2.625,27.7875,-25.29375
66720681516437,1788474239833,-2.68125,27.7875,-25.3875
66720691516437,1788474239843,-2.5875,27.581251,-25.425001
66720701516437,1788474239853,-2.5875,27.225,-25.312502
66720711516437,1788474239863,-2.53125,27.0375,-25.35
66720721516437,1788474239873,-2.53125,27.112501,-25.44375
66720731516437,1788474239883,-2.49375,27.4125,-25.593752
66720741516437,1788474239893,-2.5125,27.112501,-25.968752
66720751516437,1788474239903,-2.5875,27.187502,-26.04375
66720761516437,1788474239913,-2.7375002,27.243752,-26.025002
66720771516437,1788474239923,-2.68125,27.112501,-26.00625
66720781516437,1788474239933,-2.5125,27.300001,-26.00625
66720791516437,1788474239943,-2.60625,27.431252,-25.743752
66720801516437,1788474239953,-2.60625,27.468752,-25.575
66720811516437,1788474239963,-2.6625001,27.2625,-25.575
66720821516437,1788474239973,-2.7375002,27.31875,-25.368752
66720831516437,1788474239983,-2.7,27.075,-25.312502
66720841516437,1788474239993,-2.41875,26.812502,-25.35
66720851516437,1788474240003,-2.4750001,26.94375,-25.35
66720861516437,1788474240013,-2.6437502,26.906252,-25.556252
66720871516437,1788474240023,-2.53125,26.906252,-25.706251
66720881516437,1788474240033,-2.4,26.85,-25.85625
66720891516437,1788474240043,-2.325,26.925001,-25.837502
66720901516437,1788474240053,-2.2687502,26.98125,-25.743752
66720911516437,1788474240063,-2.1937501,27.2625,-25.893751
66720921516437,1788474240073,-2.4750001,27.50625,-25.7625
66720931516437,1788474240083,-2.49375,27.6,-25.687502
66720941516437,1788474240093,-2.4750001,27.525002,-25.612501
66720951516437,1788474240103,-2.6437502,27.54375,-25.406252
66720961516437,1788474240113,-2.8312502,27.656252,-25.368752
66720971516437,1788474240123,-3.05625,27.562502,-25.1625
66720981516437,1788474240133,-3.075,27.487501,-25.143751
66720991516437,1788474240143,-3.0187502,27.281252,-24.88125
66721001516437,1788474240153,-2.8500001,27.206251,-24.956251
66721011516437,1788474240163,-2.9250002,27.187502,-24.712502
66721021516437,1788474240173,-2.8312502,27.187502,-24.675001
66721031516437,1788474240183,-2.625,27.13125,-24.843752
66721041516437,1788474240193,-2.53125,27.000002,-24.562502
66721051516437,1788474240203,-2.41875,26.831251,-24.6375
66721061516437,1788474240213,-2.325,26.831251,-24.4125
66721071516437,1788474240223,-2.2875001,27.018751,-24.69375
66721081516437,1788474240233,-2.11875,27.093752,-24.900002
66721091516437,1788474240243,-2.1375,27.2625,-25.237501
66721101516437,1788474240253,-2.0062501,27.337502,-25.218752
66721111516437,1788474240263,-2.0625,27.431252,-25.125002
66721121516437,1788474240273,-1.9125,27.6375,-25.425001
66721131516437,1788474240283,-2.0812502,27.69375,-25.312502
66721141516437,1788474240293,-2.23125,27.88125,-25.66875
66721151516437,1788474240303,-2.2875001,27.91875,-25.706251
66721161516437,1788474240313,-2.4750001,27.900002,-25.500002
66721171516437,1788474240323,-2.4375,27.806252,-25.462502
66721181516437,1788474240333,-2.5500002,27.975,-25.48125
66721191516437,1788474240343,-2.6625001,28.125002,-25.593752
66721201516437,1788474240353,-2.8312502,27.806252,-25.425001
66721211516437,1788474240363,-2.49375,27.900002,-25.44375
66721221516437,1788474240373,-2.41875,27.825,-25.29375
66721231516437,1788474240383,-2.4375,27.862501,-25.087502
66721241516437,1788474240393,-2.3812501,27.6375,-25.10625
66721251516437,1788474240403,-2.30625,27.281252,-25.0125
66721261516437,1788474240413,-2.1937501,27.093752,-25.0125
66721271516437,1788474240423,-2.2125,26.831251,-24.993752
66721281516437,1788474240433,-2.30625,26.8875,-25.275002
66721291516437,1788474240443,-2.2875001,27.281252,-25.48125
66721301516437,1788474240453,-2.3625002,27.487501,-25.612501
66721311516437,1788474240463,-2.4,27.35625,-25.81875
66721321516437,1788474240473,-2.4,27.393751,-25.9125
66721331516437,1788474240483,-2.41875,27.468752,-25.987501
66721341516437,1788474240493,-2.775,27.525002,-26.04375
66721351516437,1788474240503,-2.5125,27.656252,-25.95
66721361516437,1788474240513,-2.5500002,27.73125,-25.800001
66721371516437,1788474240523,-2.68125,27.225,-25.556252
66721381516437,1788474240533,-2.53125,26.8875,-25.5375
66721391516437,1788474240543,-2.23125,26.962502,-25.29375
66721401516437,1788474240553,-2.2125,27.018751,-25.125002
66721411516437,1788474240563,-2.1937501,27.4125,-25.181252
66721421516437,1788474240573,-2.04375,27.468752,-24.975
66721431516437,1788474240583,-2.1750002,27.2625,-25.181252
66721441516437,1788474240593,-1.9687501,27.206251,-25.368752
66721451516437,1788474240603,-2.0062501,27.562502,-25.500002
66721461516437,1788474240613,-2.2687502,27.618752,-25.368752
66721471516437,1788474240623,-2.53125,27.393751,-25.48125
66721481516437,1788474240633,-2.53125,27.393751,-25.48125
66721491516437,1788474240643,-2.4,27.075,-25.44375
66721501516437,1788474240653,-2.49375,26.98125,-25.5375
66721511516437,1788474240663,-2.4,27.16875,-25.48125
66721521516437,1788474240673,-2.5500002,27.31875,-25.312502
66721531516437,1788474240683,-2.5125,27.0375,-25.275002
66721541516437,1788474240693,-2.4,26.906252,-25.237501
66721551516437,1788474240703,-2.1750002,27.056252,-25.29375
66721561516437,1788474240713,-1.9312501,26.98125,-25.500002
66721571516437,1788474240723,-2.2875001,27.093752,-25.593752
66721581516437,1788474240733,-2.1375,27.243752,-25.612501
66721591516437,1788474240743,-2.25,27.0375,-25.518751
66721601516437,1788474240753,-2.2687502,26.962502,-25.406252
66721611516437,1788474240763,-2.25,26.98125,-25.368752
66721621516437,1788474240773,-2.1000001,27.093752,-25.556252
66721631516437,1788474240783,-2.25,27.13125,-25.518751
66721641516437,1788474240793,-2.41875,27.16875,-25.44375
66721651516437,1788474240803,-2.04375,27.281252,-25.593752
66721661516437,1788474240813,-1.95,27.13125,-25.66875
66721671516437,1788474240823,-2.0062501,27.468752,-25.7625
66721681516437,1788474240833,-2.025,27.393751,-25.968752
66721691516437,1788474240843,-1.9875001,27.300001,-26.025002
66721701516437,1788474240853,-2.0812502,27.243752,-25.893751
66721711516437,1788474240863,-2.15625,27.16875,-25.9125
66721721516437,1788474240873,-2.1937501,27.393751,-26.1
66721731516437,1788474240883,-2.5125,27.281252,-25.81875
66721741516437,1788474240893,-2.60625,27.187502,-25.781252
66721751516437,1788474240903,-2.5687501,26.868752,-25.7625
66721761516437,1788474240913,-2.4562502,26.94375,-25.462502
66721771516437,1788474240923,-2.5875,27.0375,-25.593752
66721781516437,1788474240933,-2.41875,27.206251,-25.575
66721791516437,1788474240943,-2.5875,27.112501,-25.368752
66721801516437,1788474240953,-2.5500002,27.112501,-25.181252
66721811516437,1788474240963,-2.4375,27.281252,-25.2
66721821516437,1788474240973,-2.4750001,27.525002,-25.29375
66721831516437,1788474240983,-2.5687501,27.768751,-25.25625
66721841516437,1788474240993,-2.7562501,27.862501,-25.331251
66721851516437,1788474241003,-2.6437502,28.06875,-25.218752
66721861516437,1788474241013,-2.79375,27.975,-25.125002
66721871516437,1788474241023,-2.6625001,28.10625,-25.331251
66721881516437,1788474241033,-2.6625001,28.0125,-25.425001
66721891516437,1788474241043,-2.49375,27.7875,-25.462502
66721901516437,1788474241053,-2.1000001,27.562502,-25.48125
66721911516437,1788474241063,-1.9312501,27.6,-25.237501
66721921516437,1788474241073,-1.5937501,27.581251,-25.29375
66721931516437,1788474241083,-1.4625001,27.487501,-25.143751
66721941516437,1788474241093,-1.5187501,27.525002,-25.312502
66721951516437,1788474241103,-1.4250001,27.431252,-25.125002
66721961516437,1788474241113,-1.5,27.487501,-24.825
66721971516437,1788474241123,-1.5937501,27.618752,-24.69375
66721981516437,1788474241133,-1.9687501,27.562502,-24.618752
66721991516437,1788474241143,-1.9687501,27.16875,-24.656252
66722001516437,1788474241153,-2.2125,27.206251,-24.6
66722011516437,1788474241163,-2.4375,27.018751,-24.656252
66722021516437,1788474241173,-2.4562502,27.093752,-24.6375
66722031516437,1788474241183,-2.4562502,27.093752,-24.69375
66722041516437,1788474241193,-2.3812501,27.0375,-24.956251
66722051516437,1788474241203,-2.4375,26.925001,-24.862501
66722061516437,1788474241213,-2.3625002,27.225,-24.806252
66722071516437,1788474241223,-2.3812501,27.243752,-24.73125
66722081516437,1788474241233,-2.2687502,27.206251,-24.937502
66722091516437,1788474241243,-2.15625,27.31875,-24.88125
66722101516437,1788474241253,-1.9687501,27.225,-24.975
66722111516437,1788474241263,-2.025,27.0375,-25.06875
66722121516437,1788474241273,-2.0625,27.000002,-25.0125
66722131516437,1788474241283,-2.2125,27.0375,-25.181252
66722141516437,1788474241293,-2.4375,27.000002,-25.125002
66722151516437,1788474241303,-2.5875,27.225,-25.406252
66722161516437,1788474241313,-2.6437502,27.243752,-25.1625
66722171516437,1788474241323,-2.6437502,27.45,-25.237501
66722181516437,1788474241333,-2.68125,27.69375,-25.29375
66722191516437,1788474241343,-2.41875,27.806252,-25.406252
66722201516437,1788474241353,-2.325,27.6375,-25.500002
66722211516437,1788474241363,-2.3812501,27.6375,-25.706251
66722221516437,1788474241373,-2.1750002,27.712502,-25.687502
66722231516437,1788474241383,-2.0062501,28.06875,-25.800001
66722241516437,1788474241393,-1.9125,28.087502,-26.081251
66722251516437,1788474241403,-1.8375001,27.862501,-26.212502
66722261516437,1788474241413,-1.8750001,27.73125,-26.118752
66722271516437,1788474241423,-1.9875001,27.993752,-26.1375
66722281516437,1788474241433,-1.9125,28.143751,-26.1375
66722291516437,1788474241443,-1.7062501,28.25625,-25.875002
66722301516437,1788474241453,-1.4625001,28.125002,-25.931252
66722311516437,1788474241463,-1.575,27.862501,-26.00625
66722321516437,1788474241473,-1.63125,27.712502,-25.85625
66722331516437,1788474241483,-1.6125001,27.88125,-25.781252
66722341516437,1788474241493,-1.63125,27.7875,-25.575
66722351516437,1788474241503,-1.85625,27.562502,-25.331251
66722361516437,1788474241513,-1.9875001,27.750002,-25.368752
66722371516437,1788474241523,-2.1375,27.6375,-25.44375
66722381516437,1788474241533,-2.4,27.54375,-25.48125
66722391516437,1788474241543,-2.6625001,27.468752,-25.312502
66722401516437,1788474241553,-2.5125,27.618752,-25.181252
66722411516437,1788474241563,-2.68125,27.45,-25.143751
66722421516437,1788474241573,-2.625,27.656252,-25.10625
66722431516437,1788474241583,-2.5687501,27.618752,-25.181252
66722441516437,1788474241593,-2.60625,27.16875,-25.25625
66722451516437,1788474241603,-2.4562502,27.150002,-25.406252
66722461516437,1788474241613,-2.5500002,27.093752,-25.312502
66722471516437,1788474241623,-2.325,27.018751,-25.218752
66722481516437,1788474241633,-2.53125,26.962502,-25.3875
66722491516437,1788474241643,-2.5500002,26.98125,-25.275002
66722501516437,1788474241653,-2.6437502,27.075,-25.500002
66722511516437,1788474241663,-2.7562501,27.093752,-25.725
66722521516437,1788474241673,-2.90625,27.562502,-25.556252
66722531516437,1788474241683,-3.1312501,27.525002,-25.462502
66722541516437,1788474241693,-3.0937502,27.468752,-25.612501
66722551516437,1788474241703,-3.0375001,27.675001,-25.781252
66722561516437,1788474241713,-2.8500001,27.6375,-25.706251
66722571516437,1788474241723,-2.5125,27.750002,-25.9125
66722581516437,1788474241733,-2.5687501,27.54375,-25.7625
66722591516437,1788474241743,-2.30625,27.6375,-25.650002
66722601516437,1788474241753,-2.1375,27.393751,-25.518751
66722611516437,1788474241763,-1.9312501,27.525002,-25.368752
66722621516437,1788474241773,-1.9125,27.6375,-25.518751
66722631516437,1788474241783,-1.8375001,27.768751,-25.575
66722641516437,1788474241793,-2.04375,27.7875,-25.575
66722651516437,1788474241803,-2.11875,27.750002,-25.462502
66722661516437,1788474241813,-2.0625,27.468752,-25.575
66722671516437,1788474241823,-2.2125,27.393751,-25.425001
66722681516437,1788474241833,-2.3625002,27.468752,-25.44375
66722691516437,1788474241843,-2.3625002,27.525002,-25.781252
66722701516437,1788474241853,-2.2125,27.618752,-25.593752
66722711516437,1788474241863,-2.23125,27.54375,-25.331251
66722721516437,1788474241873,-2.25,27.581251,-25.3875
66722731516437,1788474241883,-2.4562502,27.54375,-25.368752
66722741516437,1788474241893,-2.325,27.900002,-25.406252
66722751516437,1788474241903,-2.60625,27.675001,-25.518751
66722761516437,1788474241913,-2.4,27.431252,-25.593752
66722771516437,1788474241923,-2.6625001,27.243752,-25.48125
66722781516437,1788474241933,-3.0,27.093752,-25.63125
66722791516437,1788474241943,-3.05625,26.94375,-25.556252
66722801516437,1788474241953,-2.9625,26.812502,-25.518751
66722811516437,1788474241963,-2.9250002,26.868752,-25.66875
66722821516437,1788474241973,-2.9250002,26.681252,-25.556252
66722831516437,1788474241983,-2.625,26.94375,-25.518751
66722841516437,1788474241993,-2.7,27.187502,-25.650002
66722851516437,1788474242003,-2.3625002,27.54375,-25.368752
66722861516437,1788474242013,-2.1375,27.562502,-25.5375
66722871516437,1788474242023,-2.0062501,27.6375,-25.63125
66722881516437,1788474242033,-1.9875001,27.712502,-25.781252
66722891516437,1788474242043,-1.8750001,27.6375,-25.66875
66722901516437,1788474242053,-2.0625,27.956251,-25.5375
66722911516437,1788474242063,-2.0062501,28.143751,-25.3875
66722921516437,1788474242073,-1.9687501,28.031252,-25.237501
66722931516437,1788474242083,-2.0812502,27.900002,-25.406252
66722941516437,1788474242093,-1.95,27.900002,-25.050001
66722951516437,1788474242103,-2.11875,27.91875,-25.031252
66722961516437,1788474242113,-2.23125,28.0125,-24.862501
66722971516437,1788474242123,-2.4750001,27.937502,-25.031252
66722981516437,1788474242133,-2.60625,27.712502,-25.087502
66722991516437,1788474242143,-2.5125,27.618752,-25.087502
66723001516437,1788474242153,-2.41875,27.806252,-24.993752
66723011516437,1788474242163,-2.4562502,27.69375,-25.10625
66723021516437,1788474242173,-2.5875,27.69375,-25.237501
66723031516437,1788474242183,-2.53125,27.4125,-25.331251
66723041516437,1788474242193,-2.2875001,27.4125,-25.35
66723051516437,1788474242203,-2.15625,27.31875,-25.29375
66723061516437,1788474242213,-2.0625,27.54375,-25.25625
66723071516437,1788474242223,-2.2125,27.54375,-25.500002
66723081516437,1788474242233,-2.325,27.35625,-25.612501
66723091516437,1788474242243,-2.3625002,27.2625,-25.425001
66723101516437,1788474242253,-2.4562502,27.243752,-25.237501
66723111516437,1788474242263,-2.325,27.4125,-25.031252
66723121516437,1788474242273,-2.7562501,27.337502,-24.993752
66723131516437,1788474242283,-2.86875,27.6,-24.91875
66723141516437,1788474242293,-2.7,27.2625,-25.125002
66723151516437,1788474242303,-2.5500002,27.225,-25.087502
66723161516437,1788474242313,-2.5875,27.45,-24.993752
66723171516437,1788474242323,-2.5875,27.487501,-25.087502
66723181516437,1788474242333,-2.5875,27.6375,-25.237501
66723191516437,1788474242343,-2.71875,27.768751,-25.462502
66723201516437,1788474242353,-2.4,27.937502,-25.593752
66723211516437,1788474242363,-2.325,27.6,-25.575
66723221516437,1788474242373,-2.5500002,27.54375,-25.575
66723231516437,1788474242383,-2.625,27.487501,-25.650002
66723241516437,1788474242393,-2.6437502,27.31875,-25.9125
66723251516437,1788474242403,-2.5875,27.13125,-25.931252
66723261516437,1788474242413,-2.4750001,27.056252,-25.95
66723271516437,1788474242423,-2.5500002,26.85,-26.025002
66723281516437,1788474242433,-2.7,26.85,-25.875002
66723291516437,1788474242443,-2.6437502,27.112501,-25.987501
66723301516437,1788474242453,-2.6437502,27.225,-25.9125
66723311516437,1788474242463,-2.60625,27.281252,-25.743752
66723321516437,1788474242473,-2.4750001,27.35625,-25.650002
66723331516437,1788474242483,-2.2875001,27.375002,-25.500002
66723341516437,1788474242493,-2.30625,27.393751,-25.48125
66723351516437,1788474242503,-2.04375,27.300001,-25.425001
66723361516437,1788474242513,-1.9312501,27.281252,-25.5375
66723371516437,1788474242523,-2.11875,27.2625,-25.35
66723381516437,1788474242533,-2.0625,27.31875,-25.518751
66723391516437,1788474242543,-2.11875,27.112501,-25.368752
66723401516437,1788474242553,-2.04375,26.962502,-25.1625
66723411516437,1788474242563,-2.1375,27.225,-25.1625
66723421516437,1788474242573,-2.2125,27.018751,-24.993752
66723431516437,1788474242583,-2.2125,27.112501,-25.087502
66723441516437,1788474242593,-2.41875,27.000002,-25.06875
66723451516437,1788474242603,-2.25,27.112501,-25.125002
66723461516437,1788474242613,-1.95,27.187502,-24.825
66723471516437,1788474242623,-1.9312501,27.4125,-25.10625
66723481516437,1788474242633,-1.95,27.6,-25.2
66723491516437,1788474242643,-2.11875,27.54375,-25.2
66723501516437,1788474242653,-2.1000001,27.806252,-25.48125
66723511516437,1788474242663,-2.23125,27.91875,-25.368752
66723521516437,1788474242673,-2.0812502,27.956251,-25.368752
66723531516437,1788474242683,-2.11875,27.6375,-25.368752
66723541516437,1788474242693,-2.1375,27.618752,-25.66875
66723551516437,1788474242703,-2.325,27.525002,-25.66875
66723561516437,1788474242713,-2.4750001,27.337502,-25.875002
66723571516437,1788474242723,-2.49375,27.393751,-25.931252
66723581516437,1788474242733,-2.3625002,27.337502,-25.95
66723591516437,1788474242743,-2.3625002,27.337502,-25.893751
66723601516437,1788474242753,-2.2875001,27.468752,-25.743752
66723611516437,1788474242763,-2.3625002,27.487501,-26.00625
66723621516437,1788474242773,-2.60625,27.206251,-25.687502
66723631516437,1788474242783,-2.49375,27.056252,-25.518751
66723641516437,1788474242793,-2.4375,27.150002,-25.3875
66723651516437,1788474242803,-2.5125,27.16875,-25.331251
66723661516437,1788474242813,-2.7375002,27.225,-25.143751
66723671516437,1788474242823,-2.8500001,27.187502,-25.1625
66723681516437,1788474242833,-3.0375001,27.225,-25.500002
66723691516437,1788474242843,-2.775,27.487501,-25.29375
66723701516437,1788474242853,-2.79375,27.768751,-25.462502
66723711516437,1788474242863,-2.8125,28.031252,-25.3875
66723721516437,1788474242873,-2.6437502,28.143751,-25.218752
66723731516437,1788474242883,-2.53125,28.031252,-25.237501
66723741516437,1788474242893,-2.41875,28.143751,-25.312502
66723751516437,1788474242903,-2.3625002,28.050001,-25.312502
66723761516437,1788474242913,-2.025,27.862501,-25.10625
66723771516437,1788474242923,-2.15625,27.73125,-25.0125
66723781516437,1788474242933,-2.0812502,27.618752,-25.050001
66723791516437,1788474242943,-2.1750002,27.393751,-25.125002
66723801516437,1788474242953,-2.23125,27.431252,-25.143751
66723811516437,1788474242963,-2.2687502,27.281252,-25.25625
66723821516437,1788474242973,-2.325,26.98125,-25.2
66723831516437,1788474242983,-2.41875,27.112501,-25.237501
66723841516437,1788474242993,-2.60625,27.000002,-25.181252
66723851516437,1788474243003,-2.6625001,27.0375,-25.25625
66723861516437,1788474243013,-2.7,27.000002,-25.181252
66723871516437,1788474243023,-2.625,27.075,-25.25625
66723881516437,1788474243033,-2.9625,26.831251,-25.29375
66723891516437,1788474243043,-3.0,26.906252,-25.25625
66723901516437,1788474243053,-2.68125,27.056252,-25.368752
66723911516437,1788474243063,-2.53125,27.0375,-25.35
66723921516437,1788474243073,-2.4562502,27.31875,-25.44375
66723931516437,1788474243083,-2.5875,27.337502,-25.368752
66723941516437,1788474243093,-2.4375,27.54375,-25.331251
66723951516437,1788474243103,-2.625,27.825,-25.331251
66723961516437,1788474243113,-2.3812501,27.91875,-25.3875
66723971516437,1788474243123,-2.3625002,28.0125,-25.275002
66723981516437,1788474243133,-2.7375002,28.050001,-25.275002
66723991516437,1788474243143,-2.7562501,27.843752,-25.25625
66724001516437,1788474243153,-2.8312502,27.656252,-25.25625
66724011516437,1788474243163,-2.7562501,27.487501,-25.275002
66724021516437,1788474243173,-2.68125,27.243752,-25.143751
66724031516437,1788474243183,-2.7,26.962502,-25.06875
66724041516437,1788474243193,-2.7375002,26.94375,-25.143751
66724051516437,1788474243203,-2.5875,26.868752,-25.218752
66724061516437,1788474243213,-2.4,26.625002,-25.0125
66724071516437,1788474243223,-2.41875,27.018751,-25.0125
66724081516437,1788474243233,-2.4375,27.0375,-24.900002
66724091516437,1788474243243,-2.5687501,27.13125,-25.087502
66724101516437,1788474243253,-2.86875,27.150002,-25.35
66724111516437,1788474243263,-2.6625001,27.375002,-25.2
66724121516437,1788474243273,-2.4562502,27.468752,-25.0125
66724131516437,1788474243283,-2.2875001,27.6375,-24.900002
66724141516437,1788474243293,-2.23125,27.825,-25.1625
66724151516437,1788474243303,-2.1375,27.393751,-25.087502
66724161516437,1788474243313,-2.1937501,27.206251,-25.087502
66724171516437,1788474243323,-1.8937501,27.206251,-25.218752
66724181516437,1788474243333,-1.8375001,27.150002,-25.10625
66724191516437,1788474243343,-1.7812501,26.75625,-25.312502
66724201516437,1788474243353,-1.8937501,26.643751,-25.368752
66724211516437,1788474243363,-2.025,26.456251,-25.425001
66724221516437,1788474243373,-2.1750002,26.400002,-25.25625
66724231516437,1788474243383,-2.34375,26.643751,-25.275002
66724241516437,1788474243393,-2.2875001,26.737501,-25.462502
66724251516437,1788474243403,-2.3625002,26.868752,-25.275002
66724261516437,1788474243413,-2.2875001,27.093752,-25.3875
66724271516437,1788474243423,-2.5500002,27.35625,-25.48125
66724281516437,1788474243433,-2.49375,27.487501,-25.556252
66724291516437,1788474243443,-2.53125,27.6375,-25.706251
66724301516437,1788474243453,-2.4,27.6,-25.837502
66724311516437,1788474243463,-2.41875,27.581251,-25.81875
66724321516437,1788474243473,-2.325,27.675001,-25.7625
66724331516437,1788474243483,-2.4,27.618752,-25.743752
66724341516437,1788474243493,-2.1750002,27.656252,-25.706251
66724351516437,1788474243503,-2.1000001,27.88125,-25.725
66724361516437,1788474243513,-2.04375,27.7875,-25.81875
66724371516437,1788474243523,-2.04375,27.750002,-25.725
66724381516437,1788474243533,-2.1750002,27.956251,-25.612501
66724391516437,1788474243543,-2.23125,27.993752,-25.650002
66724401516437,1788474243553,-2.53125,27.900002,-25.612501
66724411516437,1788474243563,-2.625,28.0125,-25.5375
66724421516437,1788474243573,-2.5875,27.900002,-25.500002
66724431516437,1788474243583,-2.71875,27.581251,-25.48125
66724441516437,1788474243593,-2.9250002,27.468752,-25.35
66724451516437,1788474243603,-2.8875,27.487501,-25.331251
66724461516437,1788474243613,-2.8125,27.393751,-25.44375
66724471516437,1788474243623,-2.625,27.300001,-25.44375
66724481516437,1788474243633,-2.41875,27.525002,-25.462502
66724491516437,1788474243643,-2.34375,27.375002,-25.35
66724501516437,1788474243653,-2.5125,27.468752,-25.425001
66724511516437,1788474243663,-2.30625,27.468752,-25.35
66724521516437,1788474243673,-2.325,27.54375,-25.462502
66724531516437,1788474243683,-2.25,27.468752,-25.35
66724541516437,1788474243693,-2.1375,27.431252,-25.181252
66724551516437,1788474243703,-2.1750002,27.50625,-25.1625
66724561516437,1788474243713,-2.25,27.393751,-25.087502
66724571516437,1788474243723,-2.2875001,27.31875,-25.29375
66724581516437,1788474243733,-2.34375,27.000002,-25.29375
66724591516437,1788474243743,-2.2687502,27.300001,-25.087502
66724601516437,1788474243753,-2.1750002,27.468752,-24.975
66724611516437,1788474243763,-2.3812501,27.50625,-25.25625
66724621516437,1788474243773,-2.5875,27.562502,-25.5375
66724631516437,1788474243783,-2.5687501,27.487501,-25.556252
66724641516437,1788474243793,-2.53125,27.468752,-25.518751
66724651516437,1788474243803,-2.3625002,27.656252,-25.462502
66724661516437,1788474243813,-2.4375,27.69375,-25.25625
66724671516437,1788474243823,-2.5125,27.300001,-25.500002
66724681516437,1788474243833,-2.60625,27.225,-25.66875
66724691516437,1788474243843,-2.5125,27.187502,-25.48125
66724701516437,1788474243853,-2.2875001,27.112501,-25.218752
66724711516437,1788474243863,-2.1937501,26.98125,-25.143751
66724721516437,1788474243873,-2.1937501,26.94375,-25.050001
66724731516437,1788474243883,-2.23125,26.812502,-24.993752
66724741516437,1788474243893,-2.025,27.018751,-25.050001
66724751516437,1788474243903,-2.11875,26.94375,-24.91875
66724761516437,1788474243913,-2.0625,26.94375,-24.956251
66724771516437,1788474243923,-1.9312501,26.962502,-25.050001
66724781516437,1788474243933,-2.04375,26.98125,-25.35
66724791516437,1788474243943,-2.025,27.187502,-25.368752
66724801516437,1788474243953,-1.9312501,27.13125,-25.48125
66724811516437,1788474243963,-1.9125,27.281252,-25.650002
66724821516437,1788474243973,-2.04375,26.906252,-25.650002
66724831516437,1788474243983,-1.9875001,27.056252,-25.687502
66724841516437,1788474243993,-1.9312501,27.0375,-25.612501
66724851516437,1788474244003,-2.3812501,27.187502,-25.66875
66724861516437,1788474244013,-2.41875,27.150002,-25.5375
66724871516437,1788474244023,-2.53125,27.31875,-25.63125
66724881516437,1788474244033,-2.68125,27.281252,-25.593752
66724891516437,1788474244043,-2.7375002,27.393751,-25.368752
66724901516437,1788474244053,-2.8312502,27.73125,-25.575
66724911516437,1788474244063,-2.49375,27.937502,-25.593752
66724921516437,1788474244073,-2.625,27.825,-25.331251
66724931516437,1788474244083,-2.2687502,27.768751,-25.29375
66724941516437,1788474244093,-2.25,27.956251,-25.29375
66724951516437,1788474244103,-2.2875001,27.806252,-25.5375
66724961516437,1788474244113,-2.1937501,27.806252,-25.7625
66724971516437,1788474244123,-2.2875001,27.562502,-25.931252
66724981516437,1788474244133,-2.34375,27.375002,-25.875002
66724991516437,1788474244143,-2.4750001,27.225,-25.9125
66725001516437,1788474244153,-2.325,27.35625,-26.025002
66725011516437,1788474244163,-2.25,27.468752,-25.893751
66725021516437,1788474244173,-2.30625,27.281252,-25.837502
66725031516437,1788474244183,-2.2125,27.243752,-25.500002
66725041516437,1788474244193,-2.25,27.243752,-25.462502
66725051516437,1788474244203,-2.25,27.187502,-25.368752
66725061516437,1788474244213,-2.15625,27.431252,-25.275002
66725071516437,1788474244223,-2.3625002,27.243752,-25.275002
66725081516437,1788474244233,-2.68125,27.112501,-25.2
66725091516437,1788474244243,-2.5875,26.8875,-25.425001
66725101516437,1788474244253,-2.41875,27.000002,-25.368752
66725111516437,1788474244263,-2.625,27.000002,-25.35
66725121516437,1788474244273,-2.6437502,27.393751,-25.275002
66725131516437,1788474244283,-2.49375,27.487501,-25.331251
66725141516437,1788474244293,-2.4562502,27.487501,-25.331251
66725151516437,1788474244303,-2.3625002,27.581251,-25.331251
66725161516437,1788474244313,-1.85625,27.7875,-25.368752
66725171516437,1788474244323,-2.1937501,27.618752,-25.218752
66725181516437,1788474244333,-2.4,27.6,-25.218752
66725191516437,1788474244343,-2.3812501,27.675001,-25.331251
66725201516437,1788474244353,-2.30625,27.525002,-25.312502
66725211516437,1788474244363,-2.1375,27.50625,-25.2
66725221516437,1788474244373,-2.2687502,27.581251,-25.10625
66725231516437,1788474244383,-2.23125,27.768751,-25.218752
66725241516437,1788474244393,-2.7,27.656252,-25.406252
66725251516437,1788474244403,-2.7562501,27.862501,-25.3875
66725261516437,1788474244413,-2.775,27.843752,-25.406252
66725271516437,1788474244423,-2.60625,27.675001,-25.312502
66725281516437,1788474244433,-2.6437502,27.54375,-25.25625
66725291516437,1788474244443,-2.775,27.6,-25.312502
66725301516437,1788474244453,-2.4750001,27.45,-25.35
66725311516437,1788474244463,-2.71875,27.50625,-25.312502
66725321516437,1788474244473,-2.6625001,27.525002,-25.1625
66725331516437,1788474244483,-2.5500002,27.54375,-25.050001
66725341516437,1788474244493,-2.53125,27.562502,-25.06875
66725351516437,1788474244503,-2.5500002,27.581251,-25.237501
66725361516437,1788474244513,-2.68125,27.6,-25.35
66725371516437,1788474244523,-2.5125,27.487501,-25.331251
66725381516437,1788474244533,-2.8125,27.4125,-25.575
66725391516437,1788474244543,-2.8500001,27.300001,-25.3875
66725401516437,1788474244553,-2.8500001,27.393751,-25.425001
66725411516437,1788474244563,-2.7,27.45,-25.500002
66725421516437,1788474244573,-2.3812501,27.54375,-25.66875
66725431516437,1788474244583,-2.4750001,27.618752,-25.612501
66725441516437,1788474244593,-2.4,27.656252,-25.706251
66725451516437,1788474244603,-2.7,27.69375,-25.800001
66725461516437,1788474244613,-2.4750001,27.88125,-25.725
66725471516437,1788474244623,-2.4375,27.656252,-25.95
66725481516437,1788474244633,-2.3625002,27.6375,-26.025002
66725491516437,1788474244643,-2.4375,27.618752,-26.1
66725501516437,1788474244653,-2.79375,27.525002,-25.9125
66725511516437,1788474244663,-2.6437502,27.300001,-25.9125
66725521516437,1788474244673,-2.5687501,27.187502,-25.81875
66725531516437,1788474244683,-2.2687502,27.0375,-25.800001
66725541516437,1788474244693,-2.23125,26.94375,-25.781252
66725551516437,1788474244703,-2.025,27.112501,-25.81875
66725561516437,1788474244713,-1.8937501,26.85,-25.9125
66725571516437,1788474244723,-2.0062501,26.625002,-25.781252
66725581516437,1788474244733,-1.9687501,26.60625,-26.025002
66725591516437,1788474244743,-2.025,26.812502,-25.893751
66725601516437,1788474244753,-2.0062501,26.8875,-26.062502
66725611516437,1788474244763,-2.30625,27.000002,-26.118752
66725621516437,1788474244773,-2.5687501,26.906252,-26.081251
66725631516437,1788474244783,-2.60625,26.85,-25.987501
66725641516437,1788474244793,-2.7562501,26.962502,-25.743752
66725651516437,1788474244803,-2.4,27.243752,-25.7625
66725661516437,1788474244813,-2.4375,27.150002,-25.500002
66725671516437,1788474244823,-2.4562502,27.075,-25.800001
66725681516437,1788474244833,-2.49375,27.225,-25.743752
66725691516437,1788474244843,-2.2875001,27.13125,-26.00625
66725701516437,1788474244853,-2.1750002,27.056252,-26.062502
66725711516437,1788474244863,-2.23125,27.150002,-26.025002
66725721516437,1788474244873,-2.04375,27.337502,-26.268751
66725731516437,1788474244883,-2.1937501,27.281252,-26.41875
66725741516437,1788474244893,-2.2125,27.2625,-26.625002
66725751516437,1788474244903,-2.1937501,27.243752,-26.456251
66725761516437,1788474244913,-2.1750002,27.31875,-26.250002
66725771516437,1788474244923,-2.1750002,27.562502,-25.81875
66725781516437,1788474244933,-2.2875001,27.50625,-25.706251
66725791516437,1788474244943,-2.23125,27.750002,-25.612501
66725801516437,1788474244953,-2.4375,27.712502,-25.425001
66725811516437,1788474244963,-2.5125,27.73125,-25.25625
66725821516437,1788474244973,-2.23125,27.862501,-25.218752
66725831516437,1788474244983,-2.34375,27.750002,-25.125002
66725841516437,1788474244993,-2.71875,27.562502,-25.275002
66725851516437,1788474245003,-2.7,27.337502,-25.425001
66725861516437,1788474245013,-2.6437502,27.54375,-25.368752
66725871516437,1788474245023,-2.8312502,27.375002,-25.406252
66725881516437,1788474245033,-2.71875,27.6,-25.3875
66725891516437,1788474245043,-2.5500002,27.581251,-25.593752
66725901516437,1788474245053,-2.7375002,27.675001,-25.593752
66725911516437,1788474245063,-2.4562502,27.900002,-25.66875
66725921516437,1788474245073,-2.0625,28.031252,-25.406252
66725931516437,1788474245083,-2.25,28.275002,-25.29375
66725941516437,1788474245093,-2.0062501,28.331251,-25.29375
66725951516437,1788474245103,-1.575,28.331251,-25.3875
66725961516437,1788474245113,-1.7062501,27.956251,-25.218752
66725971516437,1788474245123,-1.9125,27.768751,-25.2
66725981516437,1788474245133,-1.725,27.750002,-24.975
66725991516437,1788474245143,-2.1000001,27.88125,-24.900002
66726001516437,1788474245153,-2.30625,27.6,-25.06875
66726011516437,1788474245163,-2.0625,27.4125,-25.29375
66726021516437,1788474245173,-2.25,27.45,-25.3875
66726031516437,1788474245183,-2.2687502,27.31875,-25.35
66726041516437,1788474245193,-2.2125,27.431252,-25.331251
66726051516437,1788474245203,-2.3625002,27.50625,-25.35
66726061516437,1788474245213,-2.34375,27.581251,-25.462502
66726071516437,1788474245223,-2.325,27.50625,-25.406252
66726081516437,1788474245233,-1.9875001,27.69375,-25.556252
66726091516437,1788474245243,-2.30625,27.675001,-25.5375
66726101516437,1788474245253,-2.4375,27.618752,-25.5375
66726111516437,1788474245263,-2.53125,27.618752,-25.5375
66726121516437,1788474245273,-2.4,27.487501,-25.81875
66726131516437,1788474245283,-2.30625,27.73125,-25.687502
66726141516437,1788474245293,-2.30625,27.581251,-25.781252
66726151516437,1788474245303,-2.1375,27.50625,-25.9125
66726161516437,1788474245313,-2.30625,27.487501,-25.687502
66726171516437,1788474245323,-2.25,27.4125,-25.66875
66726181516437,1788474245333,-2.1000001,27.431252,-25.7625
66726191516437,1788474245343,-2.0625,27.581251,-25.781252
66726201516437,1788474245353,-2.1000001,27.956251,-25.837502
66726211516437,1788474245363,-1.7812501,27.806252,-25.95
66726221516437,1788474245373,-2.11875,27.7875,-26.081251
66726231516437,1788474245383,-2.025,27.768751,-26.081251
66726241516437,1788474245393,-1.9125,27.900002,-26.062502
66726251516437,1788474245403,-1.725,27.993752,-26.025002
66726261516437,1788474245413,-1.63125,27.993752,-25.931252
66726271516437,1788474245423,-1.9687501,27.993752,-25.85625
66726281516437,1788474245433,-2.11875,27.618752,-25.800001
66726291516437,1788474245443,-2.4562502,27.54375,-25.63125
66726301516437,1788474245453,-2.23125,27.375002,-25.5375
66726311516437,1788474245463,-2.30625,27.337502,-25.462502
66726321516437,1788474245473,-2.3812501,27.16875,-25.706251
66726331516437,1788474245483,-2.4562502,27.243752,-25.687502
66726341516437,1788474245493,-2.625,27.000002,-25.706251
66726351516437,1788474245503,-2.3625002,26.8875,-25.593752
66726361516437,1788474245513,-2.30625,26.868752,-25.556252
66726371516437,1788474245523,-2.2125,26.775002,-25.5375
66726381516437,1788474245533,-2.25,26.85,-25.593752
66726391516437,1788474245543,-2.2875001,26.868752,-25.837502
66726401516437,1788474245553,-2.3812501,26.737501,-25.9125
66726411516437,1788474245563,-2.4562502,26.812502,-26.062502
66726421516437,1788474245573,-2.49375,26.94375,-26.062502
66726431516437,1788474245583,-2.3625002,27.075,-26.19375
66726441516437,1788474245593,-2.325,27.150002,-26.175001
66726451516437,1788474245603,-2.325,27.13125,-26.04375
66726461516437,1788474245613,-2.3812501,27.150002,-25.7625
66726471516437,1788474245623,-2.4750001,27.243752,-25.518751
66726481516437,1788474245633,-2.49375,27.468752,-25.462502
66726491516437,1788474245643,-2.4,27.4125,-25.312502
66726501516437,1788474245653,-2.30625,27.525002,-25.275002
66726511516437,1788474245663,-2.4375,27.45,-25.312502
66726521516437,1788474245673,-2.4750001,27.31875,-25.25625
66726531516437,1788474245683,-2.5687501,27.50625,-25.35
66726541516437,1788474245693,-2.4375,27.6,-25.593752
66726551516437,1788474245703,-2.1750002,27.69375,-25.556252
66726561516437,1788474245713,-2.2687502,27.54375,-25.650002
66726571516437,1788474245723,-2.15625,27.468752,-25.63125
66726581516437,1788474245733,-2.1375,27.487501,-25.687502
66726591516437,1788474245743,-2.23125,27.45,-25.612501
66726601516437,1788474245753,-2.15625,27.618752,-25.725
66726611516437,1788474245763,-2.0812502,27.54375,-25.706251
66726621516437,1788474245773,-2.3812501,27.656252,-25.48125
66726631516437,1788474245783,-2.6437502,27.487501,-25.5375
66726641516437,1788474245793,-2.3625002,27.562502,-25.44375
66726651516437,1788474245803,-2.49375,27.768751,-25.368752
66726661516437,1788474245813,-2.3812501,27.712502,-25.218752
66726671516437,1788474245823,-2.4375,27.618752,-25.312502
66726681516437,1788474245833,-2.5125,27.6375,-25.143751
66726691516437,1788474245843,-2.60625,27.6375,-25.368752
66726701516437,1788474245853,-2.4375,27.393751,-25.575
66726711516437,1788474245863,-2.34375,27.45,-25.5375
66726721516437,1788474245873,-2.4562502,27.35625,-25.331251
66726731516437,1788474245883,-2.4750001,27.281252,-25.35
66726741516437,1788474245893,-2.325,27.35625,-25.462502
66726751516437,1788474245903,-2.23125,27.4125,-25.500002
66726761516437,1788474245913,-2.0812502,27.337502,-25.650002
66726771516437,1788474245923,-1.8000001,27.431252,-25.500002
66726781516437,1788474245933,-1.8375001,27.6375,-25.368752
66726791516437,1788474245943,-1.81875,27.525002,-25.3875
66726801516437,1788474245953,-1.8000001,27.6,-25.425001
66726811516437,1788474245963,-1.8937501,27.50625,-25.706251
66726821516437,1788474245973,-2.15625,27.431252,-25.406252
66726831516437,1788474245983,-2.325,27.431252,-25.44375
66726841516437,1788474245993,-2.4,27.487501,-25.29375
66726851516437,1788474246003,-2.4750001,27.468752,-25.237501
66726861516437,1788474246013,-2.4750001,27.4125,-25.29375
66726871516437,1788474246023,-2.7562501,27.45,-25.48125
66726881516437,1788474246033,-2.7562501,27.300001,-25.518751
66726891516437,1788474246043,-2.71875,27.206251,-25.29375
66726901516437,1788474246053,-2.79375,27.31875,-25.5375
66726911516437,1788474246063,-2.625,27.393751,-25.556252
66726921516437,1788474246073,-2.6437502,27.4125,-25.5375
66726931516437,1788474246083,-2.775,27.225,-25.66875
66726941516437,1788474246093,-2.79375,27.300001,-25.743752
66726951516437,1788474246103,-2.30625,27.393751,-25.500002
66726961516437,1788474246113,-2.2875001,27.54375,-25.612501
66726971516437,1788474246123,-2.0625,27.656252,-25.5375
66726981516437,1788474246133,-1.9312501,27.581251,-25.593752
66726991516437,1788474246143,-2.11875,27.50625,-25.593752
66727001516437,1788474246153,-2.1937501,27.300001,-25.706251
66727011516437,1788474246163,-2.25,27.562502,-25.687502
66727021516437,1788474246173,-2.34375,27.562502,-25.425001
66727031516437,1788474246183,-2.68125,27.45,-25.500002
66727041516437,1788474246193,-2.49375,27.300001,-25.312502
66727051516437,1788474246203,-2.7562501,27.187502,-25.25625
66727061516437,1788474246213,-2.8500001,27.206251,-25.1625
66727071516437,1788474246223,-2.8500001,27.0375,-25.031252
66727081516437,1788474246233,-2.68125,27.13125,-24.975
66727091516437,1788474246243,-2.68125,26.98125,-24.993752
66727101516437,1788474246253,-2.5125,26.79375,-25.218752
66727111516437,1788474246263,-2.325,26.8875,-25.275002
66727121516437,1788474246273,-2.775,26.906252,-25.5375
66727131516437,1788474246283,-2.5687501,27.093752,-25.9125
66727141516437,1788474246293,-2.4,26.8875,-25.66875
66727151516437,1788474246303,-2.23125,27.018751,-25.500002
66727161516437,1788474246313,-2.2125,27.187502,-25.575
66727171516437,1788474246323,-2.1000001,27.150002,-25.575
66727181516437,1788474246333,-2.25,27.0375,-25.650002
66727191516437,1788474246343,-2.4,27.13125,-25.556252
66727201516437,1788474246353,-2.0625,27.187502,-25.518751
66727211516437,1788474246363,-2.325,27.187502,-25.25625
66727221516437,1788474246373,-2.625,27.431252,-25.593752
66727231516437,1788474246383,-2.6437502,27.6375,-25.85625
66727241516437,1788474246393,-2.7375002,27.393751,-26.04375
66727251516437,1788474246403,-2.8125,27.35625,-26.025002
66727261516437,1788474246413,-2.49375,27.675001,-25.931252
66727271516437,1788474246423,-2.5125,27.4125,-25.893751
66727281516437,1788474246433,-2.5687501,27.375002,-25.893751
66727291516437,1788474246443,-2.5875,27.206251,-25.66875
66727301516437,1788474246453,-2.49375,27.16875,-25.48125
66727311516437,1788474246463,-2.41875,26.906252,-25.368752
66727321516437,1788474246473,-2.5500002,27.075,-25.368752
66727331516437,1788474246483,-2.30625,27.243752,-25.406252
66727341516437,1788474246493,-2.53125,27.112501,-25.29375
66727351516437,1788474246503,-2.3625002,27.150002,-25.35
66727361516437,1788474246513,-2.4,27.243752,-25.25625
66727371516437,1788474246523,-2.4750001,27.337502,-25.575
66727381516437,1788474246533,-2.4750001,27.337502,-25.63125
66727391516437,1788474246543,-2.5125,27.50625,-25.781252
66727401516437,1788474246553,-2.4,27.487501,-25.612501
66727411516437,1788474246563,-2.4375,27.487501,-25.66875
66727421516437,1788474246573,-2.4375,27.393751,-25.800001
66727431516437,1788474246583,-2.49375,27.54375,-25.968752
66727441516437,1788474246593,-2.4,27.581251,-26.156252
66727451516437,1788474246603,-2.1750002,27.50625,-26.062502
66727461516437,1788474246613,-2.11875,27.468752,-26.19375
66727471516437,1788474246623,-2.0625,27.562502,-26.00625
66727481516437,1788474246633,-2.15625,27.468752,-26.19375
66727491516437,1788474246643,-2.30625,27.225,-26.1
66727501516437,1788474246653,-2.1750002,27.206251,-25.987501
66727511516437,1788474246663,-2.11875,27.243752,-25.837502
66727521516437,1788474246673,-2.1750002,27.13125,-25.500002
66727531516437,1788474246683,-2.0625,27.225,-25.500002
66727541516437,1788474246693,-1.8750001,27.2625,-25.406252
66727551516437,1788474246703,-2.11875,27.206251,-25.650002
66727561516437,1788474246713,-1.95,27.225,-25.725
66727571516437,1788474246723,-1.95,27.375002,-25.81875
66727581516437,1788474246733,-2.1000001,27.4125,-25.81875
66727591516437,1788474246743,-2.11875,27.45,-25.95
66727601516437,1788474246753,-2.30625,27.6,-26.1
66727611516437,1788474246763,-2.41875,27.487501,-26.118752
66727621516437,1788474246773,-2.41875,27.393751,-26.118752
66727631516437,1788474246783,-2.34375,27.075,-25.95
66727641516437,1788474246793,-2.4750001,27.300001,-25.593752
66727651516437,1788474246803,-2.41875,27.487501,-25.5375
66727661516437,1788474246813,-2.34375,27.50625,-25.725
66727671516437,1788474246823,-2.4375,27.54375,-25.743752
66727681516437,1788474246833,-2.4,27.393751,-25.66875
66727691516437,1788474246843,-2.325,27.50625,-25.66875
66727701516437,1788474246853,-2.2687502,27.468752,-25.63125
66727711516437,1788474246863,-2.2687502,27.69375,-25.5375
66727721516437,1788474246873,-2.2687502,27.54375,-25.593752
66727731516437,1788474246883,-2.2875001,27.35625,-25.781252
66727741516437,1788474246893,-2.1750002,27.50625,-25.781252
66727751516437,1788474246903,-2.25,27.225,-25.837502
66727761516437,1788474246913,-2.0062501,27.150002,-26.00625
66727771516437,1788474246923,-1.9125,26.962502,-26.062502
66727781516437,1788474246933,-2.1000001,26.98125,-26.19375
66727791516437,1788474246943,-2.04375,27.0375,-26.2875
66727801516437,1788474246953,-1.9687501,27.000002,-26.2875
66727811516437,1788474246963,-2.025,26.906252,-26.04375
66727821516437,1788474246973,-2.1000001,26.7,-25.725
66727831516437,1788474246983,-2.0812502,26.718752,-25.500002
66727841516437,1788474246993,-2.2125,26.85,-25.406252
66727851516437,1788474247003,-2.41875,26.962502,-25.48125
66727861516437,1788474247013,-2.5125,27.206251,-25.518751
66727871516437,1788474247023,-2.41875,27.112501,-25.7625
66727881516437,1788474247033,-2.5125,27.2625,-25.800001
66727891516437,1788474247043,-2.4750001,27.337502,-25.85625
66727901516437,1788474247053,-2.5687501,27.375002,-26.04375
66727911516437,1788474247063,-2.4,27.4125,-26.04375
66727921516437,1788474247073,-2.2687502,27.487501,-26.118752
66727931516437,1788474247083,-2.325,27.487501,-26.025002
66727941516437,1788474247093,-2.30625,27.4125,-25.63125
66727951516437,1788474247103,-2.4,27.468752,-25.331251
66727961516437,1788474247113,-2.30625,27.487501,-25.331251
66727971516437,1788474247123,-2.2875001,27.50625,-25.368752
66727981516437,1788474247133,-2.2875001,27.656252,-25.368752
66727991516437,1788474247143,-2.3812501,27.54375,-25.425001
66728001516437,1788474247153,-2.53125,27.54375,-25.2
66728011516437,1788474247163,-2.4562502,27.806252,-25.218752
66728021516437,1788474247173,-2.625,27.843752,-25.650002
66728031516437,1788474247183,-2.60625,27.937502,-25.687502
66728041516437,1788474247193,-2.7375002,27.843752,-25.650002
66728051516437,1788474247203,-2.6625001,27.956251,-25.612501
66728061516437,1788474247213,-2.5500002,28.031252,-25.5375
66728071516437,1788474247223,-2.5687501,28.312502,-25.518751
66728081516437,1788474247233,-2.4750001,28.368752,-25.893751
66728091516437,1788474247243,-2.5687501,28.181252,-25.7625
66728101516437,1788474247253,-2.41875,27.956251,-25.650002
66728111516437,1788474247263,-2.41875,27.806252,-25.612501
66728121516437,1788474247273,-2.4375,27.825,-25.85625
66728131516437,1788474247283,-2.68125,27.862501,-25.987501
66728141516437,1788474247293,-2.7562501,27.6375,-26.081251
66728151516437,1788474247303,-2.6437502,27.35625,-26.212502
66728161516437,1788474247313,-2.6437502,27.31875,-26.025002
66728171516437,1788474247323,-2.5875,27.206251,-26.19375
66728181516437,1788474247333,-2.7,27.54375,-26.268751
66728191516437,1788474247343,-2.7375002,27.468752,-26.41875
66728201516437,1788474247353,-2.79375,27.525002,-26.306252
66728211516437,1788474247363,-2.4750001,27.468752,-26.025002
66728221516437,1788474247373,-2.2875001,27.562502,-26.025002
66728231516437,1788474247383,-2.25,27.768751,-25.81875
66728241516437,1788474247393,-2.1937501,27.525002,-25.7625
66728251516437,1788474247403,-2.2687502,27.581251,-25.781252
66728261516437,1788474247413,-2.15625,27.150002,-25.612501
66728271516437,1788474247423,-2.1750002,27.206251,-25.500002
66728281516437,1788474247433,-2.025,27.13125,-25.48125
66728291516437,1788474247443,-2.23125,27.112501,-25.687502
66728301516437,1788474247453,-2.325,27.112501,-25.687502
66728311516437,1788474247463,-2.4,27.000002,-25.706251
66728321516437,1788474247473,-2.3625002,27.281252,-25.9125
66728331516437,1788474247483,-2.1750002,27.431252,-25.63125
66728341516437,1788474247493,-2.1000001,27.69375,-25.837502
66728351516437,1788474247503,-1.85625,27.712502,-26.025002
66728361516437,1788474247513,-1.7062501,27.675001,-25.85625
66728371516437,1788474247523,-1.5375,27.768751,-25.85625
66728381516437,1788474247533,-1.5187501,27.656252,-25.875002
66728391516437,1788474247543,-1.66875,27.7875,-25.9125
66728401516437,1788474247553,-1.8000001,27.675001,-25.575
66728411516437,1788474247563,-1.8937501,27.581251,-25.706251
66728421516437,1788474247573,-1.85625,27.562502,-25.593752
66728431516437,1788474247583,-2.0062501,27.337502,-25.406252
66728441516437,1788474247593,-2.11875,27.375002,-25.462502
66728451516437,1788474247603,-1.9875001,27.31875,-25.25625
66728461516437,1788474247613,-2.1000001,27.4125,-25.125002
66728471516437,1788474247623,-1.95,27.468752,-25.237501
66728481516437,1788474247633,-1.9312501,27.50625,-25.25625
66728491516437,1788474247643,-1.81875,27.487501,-25.237501
66728501516437,1788474247653,-1.81875,27.431252,-25.143751
66728511516437,1788474247663,-1.8000001,27.69375,-25.0125
66728521516437,1788474247673,-1.725,27.91875,-25.1625
66728531516437,1788474247683,-1.7625,27.843752,-25.406252
66728541516437,1788474247693,-1.81875,27.750002,-25.312502
66728551516437,1788474247703,-1.9875001,27.487501,-25.312502
66728561516437,1788474247713,-2.1750002,27.525002,-25.3875
66728571516437,1788474247723,-2.2875001,27.487501,-25.48125
66728581516437,1788474247733,-2.4375,27.35625,-25.48125
66728591516437,1788474247743,-2.4,27.35625,-25.800001
66728601516437,1788474247753,-2.60625,26.962502,-25.781252
66728611516437,1788474247763,-2.8125,26.962502,-25.66875
66728621516437,1788474247773,-2.6437502,27.243752,-25.85625
66728631516437,1788474247783,-2.6437502,27.431252,-25.85625
66728641516437,1788474247793,-2.5500002,27.393751,-25.987501
66728651516437,1788474247803,-2.60625,27.468752,-25.725
66728661516437,1788474247813,-2.3625002,27.581251,-25.931252
66728671516437,1788474247823,-2.41875,27.487501,-25.63125
66728681516437,1788474247833,-2.15625,27.656252,-25.575
66728691516437,1788474247843,-2.25,27.525002,-25.518751
66728701516437,1788474247853,-2.2125,27.525002,-25.312502
66728711516437,1788474247863,-2.25,27.35625,-25.237501
66728721516437,1788474247873,-2.2125,27.4125,-25.237501
66728731516437,1788474247883,-2.25,27.281252,-25.500002
66728741516437,1788474247893,-2.4,27.375002,-25.29375
66728751516437,1788474247903,-2.4750001,27.525002,-25.275002
66728761516437,1788474247913,-2.34375,27.712502,-25.425001
66728771516437,1788474247923,-2.0812502,27.712502,-25.425001
66728781516437,1788474247933,-2.2125,27.487501,-25.66875
66728791516437,1788474247943,-2.23125,27.618752,-25.612501
66728801516437,1788474247953,-2.325,27.525002,-25.556252
66728811516437,1788474247963,-2.1937501,27.562502,-25.44375
66728821516437,1788474247973,-2.15625,27.562502,-25.518751
66728831516437,1788474247983,-2.1000001,27.675001,-25.556252
66728841516437,1788474247993,-2.1937501,27.487501,-25.593752
66728851516437,1788474248003,-2.625,27.750002,-25.44375
66728861516437,1788474248013,-2.5875,27.6,-25.35
66728871516437,1788474248023,-2.23125,27.675001,-25.425001
66728881516437,1788474248033,-2.0625,27.6,-25.48125
66728891516437,1788474248043,-2.0812502,27.675001,-25.687502
66728901516437,1788474248053,-2.1937501,27.69375,-25.81875
66728911516437,1788474248063,-2.23125,27.431252,-25.7625
66728921516437,1788474248073,-2.30625,27.468752,-25.66875
66728931516437,1788474248083,-1.9875001,27.487501,-25.7625
66728941516437,1788474248093,-2.04375,27.656252,-25.781252
66728951516437,1788474248103,-2.3625002,27.581251,-25.7625
66728961516437,1788474248113,-2.1937501,27.6,-25.462502
66728971516437,1788474248123,-2.23125,27.50625,-25.312502
66728981516437,1788474248133,-2.1375,27.112501,-25.237501
66728991516437,1788474248143,-2.1000001,27.337502,-25.237501
66729001516437,1788474248153,-2.1937501,27.431252,-25.10625
66729011516437,1788474248163,-2.2875001,27.337502,-25.2
66729021516437,1788474248173,-2.15625,27.45,-25.181252
66729031516437,1788474248183,-2.1375,27.281252,-25.29375
66729041516437,1788474248193,-2.1000001,27.431252,-25.556252
66729051516437,1788474248203,-1.8375001,27.562502,-25.48125
66729061516437,1788474248213,-1.85625,27.7875,-25.3875
66729071516437,1788474248223,-1.9687501,27.656252,-25.368752
66729081516437,1788474248233,-1.9687501,27.656252,-25.312502
66729091516437,1788474248243,-1.8375001,27.768751,-25.35
66729101516437,1788474248253,-1.9125,27.675001,-25.237501
66729111516437,1788474248263,-1.9312501,27.975,-25.312502
66729121516437,1788474248273,-2.025,27.88125,-25.25625
66729131516437,1788474248283,-2.2687502,27.6,-25.237501
66729141516437,1788474248293,-2.4375,27.525002,-25.312502
66729151516437,1788474248303,-2.1375,27.562502,-25.44375
66729161516437,1788474248313,-2.0625,27.6,-25.612501
66729171516437,1788474248323,-2.2875001,27.54375,-25.462502
66729181516437,1788474248333,-2.30625,27.675001,-25.500002
66729191516437,1788474248343,-2.2125,27.487501,-25.500002
66729201516437,1788474248353,-2.2687502,27.393751,-25.5375
66729211516437,1788474248363,-2.1000001,27.581251,-25.687502
66729221516437,1788474248373,-1.95,27.618752,-25.800001
66729231516437,1788474248383,-2.1937501,27.525002,-25.7625
66729241516437,1788474248393,-2.2875001,27.2625,-25.63125
66729251516437,1788474248403,-2.34375,27.225,-25.875002
66729261516437,1788474248413,-2.2875001,26.831251,-25.968752
66729271516437,1788474248423,-2.2125,27.000002,-25.968752
66729281516437,1788474248433,-2.30625,27.0375,-26.062502
66729291516437,1788474248443,-2.2687502,27.0375,-26.212502
66729301516437,1788474248453,-2.23125,27.0375,-26.212502
66729311516437,1788474248463,-2.1375,27.093752,-26.212502
66729321516437,1788474248473,-2.1750002,27.225,-26.156252
66729331516437,1788474248483,-2.15625,27.243752,-26.081251
66729341516437,1788474248493,-2.25,27.375002,-25.893751
66729351516437,1788474248503,-2.0812502,27.225,-25.9125
66729361516437,1788474248513,-1.8937501,27.31875,-25.81875
66729371516437,1788474248523,-2.1750002,27.35625,-25.63125
66729381516437,1788474248533,-2.2125,27.468752,-25.650002
66729391516437,1788474248543,-2.30625,27.50625,-25.743752
66729401516437,1788474248553,-2.2125,27.562502,-25.931252
66729411516437,1788474248563,-1.95,27.656252,-25.9125
66729421516437,1788474248573,-1.8750001,27.825,-25.987501
66729431516437,1788474248583,-1.8937501,27.900002,-25.9125
66729441516437,1788474248593,-2.11875,27.862501,-25.968752
66729451516437,1788474248603,-2.23125,27.750002,-25.893751
66729461516437,1788474248613,-2.2875001,27.843752,-25.66875
66729471516437,1788474248623,-2.1375,27.843752,-25.575
66729481516437,1788474248633,-1.9687501,27.768751,-25.462502
66729491516437,1788474248643,-2.1937501,27.525002,-25.35
66729501516437,1788474248653,-2.2875001,27.393751,-25.556252
66729511516437,1788474248663,-2.7,27.375002,-25.462502
66729521516437,1788474248673,-2.6625001,27.393751,-25.500002
66729531516437,1788474248683,-2.5125,27.2625,-25.3875
66729541516437,1788474248693,-2.41875,27.112501,-25.44375
66729551516437,1788474248703,-2.49375,26.906252,-25.29375
66729561516437,1788474248713,-2.6437502,26.8875,-25.331251
66729571516437,1788474248723,-2.7375002,27.075,-25.48125
66729581516437,1788474248733,-2.7375002,27.150002,-25.406252
66729591516437,1788474248743,-2.4,27.243752,-25.48125
66729601516437,1788474248753,-2.4375,27.075,-25.35
66729611516437,1788474248763,-2.5500002,27.300001,-25.5375
66729621516437,1788474248773,-2.6437502,27.393751,-25.593752
66729631516437,1788474248783,-2.6437502,27.300001,-25.81875
66729641516437,1788474248793,-2.79375,27.300001,-25.968752
66729651516437,1788474248803,-2.7375002,27.225,-25.931252
66729661516437,1788474248813,-2.68125,27.075,-26.00625
66729671516437,1788474248823,-2.9250002,26.962502,-26.00625
66729681516437,1788474248833,-2.8125,27.2625,-26.19375
66729691516437,1788474248843,-2.68125,27.31875,-26.1375
66729701516437,1788474248853,-2.79375,27.187502,-26.118752
66729711516437,1788474248863,-2.8125,27.45,-26.04375
66729721516437,1788474248873,-2.60625,27.487501,-25.95
66729731516437,1788474248883,-2.4562502,27.656252,-26.025002
66729741516437,1788474248893,-2.41875,27.618752,-25.743752
66729751516437,1788474248903,-2.1750002,27.618752,-25.612501
66729761516437,1788474248913,-2.1750002,27.712502,-25.35
66729771516437,1788474248923,-2.1000001,27.487501,-25.312502
66729781516437,1788474248933,-2.1000001,27.6,-25.331251
66729791516437,1788474248943,-2.1000001,27.393751,-25.406252
66729801516437,1788474248953,-2.11875,27.618752,-25.331251
66729811516437,1788474248963,-2.04375,27.525002,-25.237501
66729821516437,1788474248973,-2.2125,27.656252,-25.462502
66729831516437,1788474248983,-2.2687502,27.7875,-25.81875
66729841516437,1788474248993,-2.2125,27.581251,-25.85625
66729851516437,1788474249003,-2.4562502,27.69375,-25.875002
66729861516437,1788474249013,-2.1937501,27.487501,-25.893751
66729871516437,1788474249023,-2.0625,27.618752,-25.81875
66729881516437,1788474249033,-2.2125,27.35625,-25.63125
66729891516437,1788474249043,-2.325,27.375002,-25.35
66729901516437,1788474249053,-2.15625,27.35625,-25.143751
66729911516437,1788474249063,-2.41875,27.337502,-24.88125
66729921516437,1788474249073,-2.625,27.187502,-24.956251
66729931516437,1788474249083,-2.25,27.31875,-24.806252
66729941516437,1788474249093,-2.325,27.45,-24.675001
66729951516437,1788474249103,-2.5687501,27.562502,-24.675001
66729961516437,1788474249113,-2.5687501,27.562502,-24.768751
66729971516437,1788474249123,-2.4,27.4125,-24.975
66729981516437,1788474249133,-2.2687502,27.4125,-25.237501
66729991516437,1788474249143,-1.9312501,27.225,-25.275002
66730001516437,1788474249153,-1.81875,27.243752,-25.10625
66730011516437,1788474249163,-2.0625,27.206251,-25.406252
66730021516437,1788474249173,-2.0625,27.112501,-25.556252
66730031516437,1788474249183,-2.04375,27.243752,-25.593752
66730041516437,1788474249193,-2.0812502,27.375002,-25.85625
66730051516437,1788474249203,-2.30625,27.393751,-25.893751
66730061516437,1788474249213,-2.53125,27.281252,-25.85625
66730071516437,1788474249223,-2.8500001,27.206251,-25.95
66730081516437,1788474249233,-2.9250002,27.281252,-25.968752
66730091516437,1788474249243,-3.0187502,27.187502,-25.968752
66730101516437,1788474249253,-2.9625,27.337502,-25.81875
66730111516437,1788474249263,-2.9437501,27.112501,-25.931252
66730121516437,1788474249273,-2.8125,26.868752,-25.518751
66730131516437,1788474249283,-2.6437502,26.831251,-25.48125
66730141516437,1788474249293,-2.5687501,26.98125,-25.275002
66730151516437,1788474249303,-2.4750001,27.13125,-25.125002
66730161516437,1788474249313,-2.3812501,27.187502,-25.312502
66730171516437,1788474249323,-2.30625,27.35625,-25.2
66730181516437,1788474249333,-2.23125,27.431252,-25.1625
66730191516437,1788474249343,-2.0625,27.50625,-24.900002
66730201516437,1788474249353,-1.8750001,27.712502,-25.1625
66730211516437,1788474249363,-1.8750001,27.7875,-25.44375
66730221516437,1788474249373,-1.6875001,27.843752,-25.575
66730231516437,1788474249383,-1.44375,27.7875,-25.725
66730241516437,1788474249393,-1.4625001,27.675001,-25.593752
66730251516437,1788474249403,-1.3125,27.487501,-25.743752
66730261516437,1788474249413,-1.3312501,27.225,-25.987501
66730271516437,1788474249423,-1.5,27.018751,-26.1375
66730281516437,1788474249433,-1.6125001,26.8875,-26.081251
66730291516437,1788474249443,-1.5937501,26.868752,-25.968752
66730301516437,1788474249453,-1.7625,26.98125,-25.893751
66730311516437,1788474249463,-1.9875001,26.85,-26.118752
66730321516437,1788474249473,-1.8000001,27.0375,-26.025002
66730331516437,1788474249483,-2.04375,27.16875,-25.85625
66730341516437,1788474249493,-2.04375,27.2625,-25.706251
66730351516437,1788474249503,-1.8750001,27.375002,-25.781252
66730361516437,1788474249513,-2.1375,27.300001,-25.706251
66730371516437,1788474249523,-2.23125,27.4125,-25.706251
66730381516437,1788474249533,-2.4,27.150002,-25.5375
66730391516437,1788474249543,-2.4375,27.112501,-25.181252
66730401516437,1788474249553,-2.60625,27.075,-25.031252
66730411516437,1788474249563,-2.49375,26.962502,-25.10625
66730421516437,1788474249573,-2.49375,27.150002,-25.06875
66730431516437,1788474249583,-2.5125,27.16875,-24.900002
66730441516437,1788474249593,-2.30625,27.112501,-25.050001
66730451516437,1788474249603,-2.2875001,27.0375,-24.937502
66730461516437,1788474249613,-2.025,27.2625,-25.237501
66730471516437,1788474249623,-1.9875001,27.45,-25.331251
66730481516437,1788474249633,-1.8937501,27.2625,-25.593752
66730491516437,1788474249643,-1.8375001,27.4125,-25.368752
66730501516437,1788474249653,-1.95,27.206251,-25.3875
66730511516437,1788474249663,-1.8937501,27.206251,-25.575
66730521516437,1788474249673,-1.9125,27.431252,-25.612501
66730531516437,1788474249683,-2.04375,27.375002,-25.425001
66730541516437,1788474249693,-2.23125,27.187502,-25.406252
66730551516437,1788474249703,-2.11875,27.300001,-25.500002
66730561516437,1788474249713,-1.9875001,27.468752,-25.518751
66730571516437,1788474249723,-2.0812502,27.31875,-25.518751
66730581516437,1788474249733,-2.1937501,27.375002,-25.63125
66730591516437,1788474249743,-2.0625,27.393751,-25.63125
66730601516437,1788474249753,-2.23125,27.243752,-25.575
66730611516437,1788474249763,-2.1375,27.50625,-25.800001
66730621516437,1788474249773,-2.25,27.562502,-25.85625
66730631516437,1788474249783,-2.1750002,27.431252,-25.85625
66730641516437,1788474249793,-2.49375,27.393751,-25.931252
66730651516437,1788474249803,-2.34375,27.562502,-26.2875
66730661516437,1788474249813,-2.0812502,27.525002,-26.343752
66730671516437,1788474249823,-2.325,27.431252,-26.343752
66730681516437,1788474249833,-2.25,27.375002,-26.325
66730691516437,1788474249843,-2.04375,27.206251,-26.118752
66730701516437,1788474249853,-1.7062501,27.112501,-26.00625
66730711516437,1788474249863,-1.7062501,27.13125,-25.800001
66730721516437,1788474249873,-1.63125,27.243752,-25.743752
66730731516437,1788474249883,-1.7062501,27.075,-25.500002
66730741516437,1788474249893,-1.8750001,27.150002,-25.406252
66730751516437,1788474249903,-1.7437501,27.13125,-25.3875
66730761516437,1788474249913,-1.7437501,27.150002,-25.575
66730771516437,1788474249923,-1.95,27.243752,-25.650002
66730781516437,1788474249933,-2.11875,27.50625,-25.518751
66730791516437,1788474249943,-2.2875001,27.618752,-25.725
66730801516437,1788474249953,-2.2687502,27.431252,-25.725
66730811516437,1788474249963,-2.25,27.581251,-25.81875
66730821516437,1788474249973,-2.1000001,27.487501,-25.837502
66730831516437,1788474249983,-2.23125,27.562502,-25.743752
66730841516437,1788474249993,-2.325,27.656252,-25.44375
66730851516437,1788474250003,-2.2687502,27.69375,-25.575
66730861516437,1788474250013,-2.11875,27.431252,-25.593752
66730871516437,1788474250023,-2.0062501,27.337502,-25.612501
66730881516437,1788474250033,-2.04375,27.525002,-25.837502
66730891516437,1788474250043,-2.0812502,27.525002,-25.66875
66730901516437,1788474250053,-2.1000001,27.54375,-25.500002
66730911516437,1788474250063,-1.9875001,27.562502,-25.29375
66730921516437,1788474250073,-1.8750001,27.768751,-25.44375
66730931516437,1788474250083,-1.85625,27.50625,-25.462502
66730941516437,1788474250093,-1.9875001,27.487501,-25.44375
66730951516437,1788474250103,-2.0062501,27.487501,-25.275002
66730961516437,1788474250113,-1.8000001,27.393751,-24.825
66730971516437,1788474250123,-1.9312501,27.243752,-25.050001
66730981516437,1788474250133,-2.025,27.31875,-25.237501
66730991516437,1788474250143,-2.2875001,27.393751,-25.48125
66731001516437,1788474250153,-2.25,27.206251,-25.29375
66731011516437,1788474250163,-2.34375,27.150002,-25.44375
66731021516437,1788474250173,-2.41875,27.16875,-25.275002
66731031516437,1788474250183,-2.6625001,27.112501,-25.237501
66731041516437,1788474250193,-2.8312502,27.112501,-25.462502
66731051516437,1788474250203,-2.79375,27.206251,-25.425001
66731061516437,1788474250213,-2.7375002,27.2625,-25.331251
66731071516437,1788474250223,-2.6437502,27.4125,-25.331251
66731081516437,1788474250233,-2.6437502,27.35625,-25.425001
66731091516437,1788474250243,-2.60625,27.54375,-25.331251
66731101516437,1788474250253,-2.4750001,27.675001,-25.500002
66731111516437,1788474250263,-2.41875,27.956251,-25.3875
66731121516437,1788474250273,-2.4,27.975,-25.25625
66731131516437,1788474250283,-2.4,27.88125,-25.462502
66731141516437,1788474250293,-2.5500002,27.88125,-25.44375
66731151516437,1788474250303,-2.5125,27.6375,-25.593752
66731161516437,1788474250313,-2.53125,27.712502,-25.518751
66731171516437,1788474250323,-2.53125,27.806252,-25.275002
66731181516437,1788474250333,-2.625,27.656252,-25.462502
66731191516437,1788474250343,-2.5500002,27.581251,-25.518751
66731201516437,1788474250353,-2.49375,27.54375,-25.556252
66731211516437,1788474250363,-2.0812502,27.69375,-25.462502
66731221516437,1788474250373,-2.1937501,27.618752,-25.406252
66731231516437,1788474250383,-2.325,27.69375,-25.143751
66731241516437,1788474250393,-2.34375,27.6375,-25.406252
66731251516437,1788474250403,-2.1750002,27.525002,-25.5375
66731261516437,1788474250413,-2.11875,27.843752,-25.593752
66731271516437,1788474250423,-1.95,27.937502,-25.706251
66731281516437,1788474250433,-2.2125,27.937502,-25.725
66731291516437,1788474250443,-2.53125,27.843752,-25.63125
66731301516437,1788474250453,-2.2687502,27.843752,-25.706251
66731311516437,1788474250463,-2.2125,27.768751,-25.725
66731321516437,1788474250473,-2.1937501,27.88125,-25.425001
66731331516437,1788474250483,-2.30625,27.768751,-25.406252
66731341516437,1788474250493,-2.3625002,27.618752,-25.237501
66731351516437,1788474250503,-2.5875,27.2625,-25.462502
66731361516437,1788474250513,-2.30625,27.2625,-25.5375
66731371516437,1788474250523,-2.25,27.16875,-25.44375
66731381516437,1788474250533,-2.325,27.093752,-25.3875
66731391516437,1788474250543,-2.3812501,27.31875,-25.462502
66731401516437,1788474250553,-2.2125,27.300001,-25.687502
66731411516437,1788474250563,-2.2687502,27.45,-25.800001
66731421516437,1788474250573,-2.23125,27.375002,-25.9125
66731431516437,1788474250583,-2.11875,27.618752,-25.66875
66731441516437,1788474250593,-2.1937501,27.54375,-25.35
66731451516437,1788474250603,-2.15625,27.487501,-25.593752
66731461516437,1788474250613,-2.23125,27.562502,-25.743752
66731471516437,1788474250623,-2.2125,27.487501,-25.7625
66731481516437,1788474250633,-2.5500002,27.375002,-25.743752
66731491516437,1788474250643,-2.53125,27.4125,-25.725
66731501516437,1788474250653,-2.6625001,27.50625,-25.500002
66731511516437,1788474250663,-2.5875,27.281252,-25.518751
66731521516437,1788474250673,-2.4562502,27.562502,-25.893751
66731531516437,1788474250683,-2.325,27.825,-25.687502
66731541516437,1788474250693,-2.30625,27.69375,-25.575
66731551516437,1788474250703,-2.1000001,27.618752,-25.650002
66731561516437,1788474250713,-2.025,27.750002,-25.7625
66731571516437,1788474250723,-2.1000001,27.69375,-25.781252
66731581516437,1788474250733,-2.0812502,27.525002,-26.00625
66731591516437,1788474250743,-2.04375,27.69375,-25.85625
66731601516437,1788474250753,-2.1000001,27.618752,-25.612501
66731611516437,1788474250763,-2.2687502,27.393751,-25.66875
66731621516437,1788474250773,-2.30625,27.806252,-25.781252
66731631516437,1788474250783,-2.23125,27.6375,-25.575
66731641516437,1788474250793,-2.2875001,27.6375,-25.575
66731651516437,1788474250803,-2.25,27.581251,-25.406252
66731661516437,1788474250813,-2.0812502,27.806252,-25.5375
66731671516437,1788474250823,-2.0812502,27.862501,-25.95
66731681516437,1788474250833,-2.0812502,27.6,-26.19375
66731691516437,1788474250843,-2.1750002,27.712502,-26.1375
66731701516437,1788474250853,-1.8937501,27.562502,-26.156252
66731711516437,1788474250863,-2.2125,27.750002,-26.437502
66731721516437,1788474250873,-1.8937501,27.825,-26.343752
66731731516437,1788474250883,-1.9312501,27.843752,-26.212502
66731741516437,1788474250893,-2.1000001,27.768751,-26.1
66731751516437,1788474250903,-2.04375,27.581251,-26.00625
66731761516437,1788474250913,-2.0625,27.91875,-25.743752
66731771516437,1788474250923,-1.8937501,27.91875,-25.85625
66731781516437,1788474250933,-1.9687501,27.806252,-25.931252
66731791516437,1788474250943,-1.725,27.806252,-25.687502
66731801516437,1788474250953,-1.725,27.806252,-25.63125
66731811516437,1788474250963,-1.725,27.750002,-25.66875
66731821516437,1788474250973,-1.725,27.750002,-25.44375
66731831516437,1788474250983,-1.8750001,27.768751,-25.312502
66731841516437,1788474250993,-2.11875,27.525002,-25.44375
66731851516437,1788474251003,-2.1375,27.468752,-25.35
66731861516437,1788474251013,-2.15625,27.562502,-25.29375
66731871516437,1788474251023,-2.0062501,27.562502,-25.406252
66731881516437,1788474251033,-2.25,27.468752,-25.35
66731891516437,1788474251043,-2.4375,27.468752,-25.575
66731901516437,1788474251053,-2.4,27.393751,-25.500002
66731911516437,1788474251063,-2.3812501,27.375002,-25.425001
66731921516437,1788474251073,-2.1937501,27.468752,-25.425001
66731931516437,1788474251083,-2.15625,27.375002,-25.500002
66731941516437,1788474251093,-2.11875,27.31875,-25.237501
66731951516437,1788474251103,-2.325,27.0375,-25.10625
66731961516437,1788474251113,-2.1375,26.925001,-25.331251
66731971516437,1788474251123,-1.9875001,26.906252,-25.275002
66731981516437,1788474251133,-2.1000001,27.018751,-25.35
66731991516437,1788474251143,-2.2875001,27.093752,-25.35
66732001516437,1788474251153,-2.41875,27.093752,-25.406252
66732011516437,1788474251163,-2.4750001,27.093752,-25.312502
66732021516437,1788474251173,-2.34375,27.225,-25.425001
66732031516437,1788474251183,-2.3812501,27.393751,-25.5375
66732041516437,1788474251193,-2.5687501,27.6,-25.25625
66732051516437,1788474251203,-2.41875,27.6,-25.35
66732061516437,1788474251213,-2.34375,27.69375,-25.518751
66732071516437,1788474251223,-2.34375,27.6375,-25.612501
66732081516437,1788474251233,-2.41875,27.581251,-25.781252
66732091516437,1788474251243,-2.4750001,27.750002,-25.81875
66732101516437,1788474251253,-2.71875,27.4125,-25.800001
66732111516437,1788474251263,-2.6625001,27.431252,-25.81875
66732121516437,1788474251273,-2.49375,27.337502,-25.85625
66732131516437,1788474251283,-2.7562501,27.393751,-25.725
66732141516437,1788474251293,-2.775,27.225,-25.650002
66732151516437,1788474251303,-2.4,27.300001,-25.593752
66732161516437,1788474251313,-2.23125,27.13125,-25.462502
66732171516437,1788474251323,-2.2687502,27.187502,-25.331251
66732181516437,1788474251333,-2.23125,27.281252,-25.2
66732191516437,1788474251343,-2.34375,27.375002,-25.25625
66732201516437,1788474251353,-2.53125,27.393751,-25.29375
66732211516437,1788474251363,-2.4562502,27.4125,-25.462502
66732221516437,1788474251373,-2.1750002,27.581251,-25.5375
66732231516437,1788474251383,-2.5687501,27.6,-25.575
66732241516437,1788474251393,-2.625,27.7875,-25.63125
66732251516437,1788474251403,-2.625,27.69375,-26.025002
66732261516437,1788474251413,-2.5125,27.843752,-26.118752
66732271516437,1788474251423,-2.41875,27.712502,-25.968752
66732281516437,1788474251433,-2.4,27.562502,-25.800001
66732291516437,1788474251443,-2.30625,27.431252,-25.406252
66732301516437,1788474251453,-2.4375,27.31875,-25.425001
66732311516437,1788474251463,-2.2125,27.206251,-25.25625
66732321516437,1788474251473,-1.9875001,27.112501,-25.087502
66732331516437,1788474251483,-2.1000001,27.206251,-24.825
66732341516437,1788474251493,-2.15625,27.112501,-24.91875
66732351516437,1788474251503,-2.04375,27.13125,-24.956251
66732361516437,1788474251513,-2.1375,27.16875,-25.143751
66732371516437,1788474251523,-1.9125,27.31875,-25.218752
66732381516437,1788474251533,-2.0812502,27.35625,-25.181252
66732391516437,1788474251543,-2.2125,27.337502,-25.35
66732401516437,1788474251553,-2.3625002,27.54375,-25.518751
66732411516437,1788474251563,-2.3625002,27.4125,-25.612501
66732421516437,1788474251573,-2.30625,27.468752,-25.518751
66732431516437,1788474251583,-2.4750001,27.525002,-25.44375
66732441516437,1788474251593,-2.11875,27.525002,-25.35
66732451516437,1788474251603,-2.5125,27.300001,-25.706251
66732461516437,1788474251613,-2.53125,27.056252,-25.63125
66732471516437,1788474251623,-2.5875,27.0375,-25.650002
66732481516437,1788474251633,-2.5687501,27.000002,-25.35
66732491516437,1788474251643,-2.5500002,26.925001,-25.275002
66732501516437,1788474251653,-2.6625001,26.737501,-25.406252
66732511516437,1788474251663,-2.5687501,26.6625,-25.406252
66732521516437,1788474251673,-2.8125,26.737501,-25.725
66732531516437,1788474251683,-2.5687501,26.85,-25.3875
66732541516437,1788474251693,-2.5500002,26.868752,-25.556252
66732551516437,1788474251703,-2.4562502,26.906252,-25.612501
66732561516437,1788474251713,-2.49375,26.75625,-25.893751
66732571516437,1788474251723,-2.30625,27.056252,-26.156252
66732581516437,1788474251733,-2.4,27.225,-25.9125
66732591516437,1788474251743,-2.2687502,27.243752,-25.85625
66732601516437,1788474251753,-2.1937501,27.093752,-25.743752
66732611516437,1788474251763,-2.23125,27.431252,-25.81875
66732621516437,1788474251773,-2.1937501,27.6,-25.706251
66732631516437,1788474251783,-2.1375,27.618752,-25.500002
66732641516437,1788474251793,-2.04375,27.768751,-25.35
66732651516437,1788474251803,-2.11875,27.6,-24.937502
66732661516437,1788474251813,-2.1375,27.618752,-25.050001
66732671516437,1788474251823,-2.04375,27.675001,-25.25625
66732681516437,1788474251833,-1.95,27.91875,-25.35
66732691516437,1788474251843,-2.1937501,27.69375,-25.368752
66732701516437,1788474251853,-2.0812502,27.712502,-25.3875
66732711516437,1788474251863,-2.1000001,27.7875,-25.5375
66732721516437,1788474251873,-2.23125,27.806252,-25.518751
66732731516437,1788474251883,-2.2687502,27.806252,-25.706251
66732741516437,1788474251893,-2.1750002,27.956251,-25.706251
66732751516437,1788474251903,-2.4375,27.975,-25.575
66732761516437,1788474251913,-2.23125,27.862501,-25.331251
66732771516437,1788474251923,-2.1375,27.768751,-25.48125
66732781516437,1788474251933,-1.9875001,27.712502,-25.425001
66732791516437,1788474251943,-1.9875001,27.618752,-25.48125
66732801516437,1788474251953,-2.04375,27.6,-25.462502
66732811516437,1788474251963,-2.0812502,27.675001,-25.3875
66732821516437,1788474251973,-2.1000001,27.54375,-25.462502
66732831516437,1788474251983,-2.025,27.431252,-25.687502
66732841516437,1788474251993,-2.325,27.54375,-25.800001
66732851516437,1788474252003,-2.1375,27.6375,-25.612501
66732861516437,1788474252013,-2.2875001,27.843752,-25.48125
66732871516437,1788474252023,-2.2875001,27.88125,-25.331251
66732881516437,1788474252033,-2.0625,27.712502,-25.425001
66732891516437,1788474252043,-2.15625,27.525002,-25.612501
66732901516437,1788474252053,-2.0812502,27.431252,-25.556252
66732911516437,1788474252063,-2.04375,27.393751,-25.518751
66732921516437,1788474252073,-2.0625,27.2625,-25.3875
66732931516437,1788474252083,-1.7625,27.093752,-25.3875
66732941516437,1788474252093,-1.8937501,26.962502,-25.462502
66732951516437,1788474252103,-1.8937501,27.018751,-25.66875
66732961516437,1788474252113,-2.25,26.962502,-25.5375
66732971516437,1788474252123,-2.11875,27.093752,-25.556252
66732981516437,1788474252133,-2.30625,27.0375,-25.650002
66732991516437,1788474252143,-2.5125,27.150002,-25.575
66733001516437,1788474252153,-2.4375,27.187502,-25.5375
66733011516437,1788474252163,-2.79375,27.16875,-25.612501
66733021516437,1788474252173,-2.5687501,27.243752,-25.725
66733031516437,1788474252183,-2.5125,27.150002,-25.48125
66733041516437,1788474252193,-2.34375,27.281252,-25.5375
66733051516437,1788474252203,-2.15625,27.337502,-25.35
66733061516437,1788474252213,-1.9875001,27.35625,-25.218752
66733071516437,1788474252223,-1.8937501,27.375002,-25.312502
66733081516437,1788474252233,-2.1750002,27.393751,-25.3875
66733091516437,1788474252243,-2.0812502,27.712502,-25.44375
66733101516437,1788474252253,-2.2875001,27.468752,-25.331251
66733111516437,1788474252263,-2.41875,27.675001,-25.218752
66733121516437,1788474252273,-2.1937501,27.562502,-25.406252
66733131516437,1788474252283,-2.4375,27.6375,-25.3875
66733141516437,1788474252293,-2.41875,27.562502,-25.44375
66733151516437,1788474252303,-2.4375,27.7875,-25.237501
66733161516437,1788474252313,-2.2875001,27.73125,-25.312502
66733171516437,1788474252323,-2.5500002,27.581251,-25.143751
66733181516437,1788474252333,-2.5687501,27.750002,-25.1625
66733191516437,1788474252343,-2.6625001,27.750002,-25.3875
66733201516437,1788474252353,-2.8500001,27.88125,-25.29375
66733211516437,1788474252363,-2.8125,27.6375,-25.44375
66733221516437,1788474252373,-2.6625001,27.712502,-25.44375
66733231516437,1788474252383,-2.79375,27.581251,-25.500002
66733241516437,1788474252393,-2.775,27.806252,-25.593752
66733251516437,1788474252403,-2.7562501,27.6,-25.650002
66733261516437,1788474252413,-2.775,27.618752,-25.85625
66733271516437,1788474252423,-2.79375,27.487501,-25.687502
66733281516437,1788474252433,-2.8125,27.375002,-25.706251
66733291516437,1788474252443,-2.90625,27.243752,-25.612501
66733301516437,1788474252453,-2.86875,27.487501,-25.800001
66733311516437,1788474252463,-2.7,27.375002,-25.875002
66733321516437,1788474252473,-2.625,27.150002,-25.81875
66733331516437,1788474252483,-2.3625002,27.35625,-25.800001
66733341516437,1788474252493,-2.3625002,27.487501,-25.35
66733351516437,1788474252503,-2.1375,27.487501,-25.368752
66733361516437,1788474252513,-1.95,27.69375,-25.35
66733371516437,1788474252523,-2.0062501,27.91875,-25.2
66733381516437,1788474252533,-2.34375,27.843752,-25.087502
66733391516437,1788474252543,-2.34375,27.900002,-25.050001
66733401516437,1788474252553,-2.4375,27.975,-25.087502
66733411516437,1788474252563,-2.625,28.0125,-25.368752
66733421516437,1788474252573,-2.53125,28.125002,-25.7625
66733431516437,1788474252583,-2.5875,28.125002,-25.85625
66733441516437,1788474252593,-2.6625001,27.956251,-25.837502
66733451516437,1788474252603,-2.49375,27.862501,-25.987501
66733461516437,1788474252613,-2.49375,27.54375,-25.800001
66733471516437,1788474252623,-2.8875,27.487501,-25.725
66733481516437,1788474252633,-2.625,27.468752,-25.593752
66733491516437,1788474252643,-2.4375,27.337502,-25.462502
66733501516437,1788474252653,-2.4562502,27.093752,-25.500002
66733511516437,1788474252663,-2.4,27.187502,-25.556252
66733521516437,1788474252673,-2.325,27.431252,-25.7625
66733531516437,1788474252683,-2.3625002,27.393751,-25.743752
66733541516437,1788474252693,-2.2125,27.6375,-26.025002
66733551516437,1788474252703,-2.025,27.618752,-26.250002
66733561516437,1788474252713,-2.1937501,27.468752,-26.175001
66733571516437,1788474252723,-2.2875001,27.431252,-26.212502
66733581516437,1788474252733,-2.34375,27.54375,-26.1
66733591516437,1788474252743,-2.4,27.243752,-25.875002
66733601516437,1788474252753,-2.4562502,27.000002,-25.593752
66733611516437,1788474252763,-2.1937501,27.112501,-25.518751
66733621516437,1788474252773,-2.1750002,27.0375,-25.181252
66733631516437,1788474252783,-2.1750002,27.0375,-25.087502
66733641516437,1788474252793,-2.2125,27.281252,-25.25625
66733651516437,1788474252803,-2.23125,27.468752,-25.406252
66733661516437,1788474252813,-2.1000001,27.562502,-25.368752
66733671516437,1788474252823,-2.2125,27.73125,-25.66875
66733681516437,1788474252833,-2.30625,27.73125,-25.893751
66733691516437,1788474252843,-2.6625001,27.54375,-25.893751
66733701516437,1788474252853,-2.9250002,27.656252,-26.00625
66733711516437,1788474252863,-2.6625001,27.768751,-25.893751
66733721516437,1788474252873,-2.49375,27.7875,-25.893751
66733731516437,1788474252883,-2.4562502,27.562502,-25.687502
66733741516437,1788474252893,-2.5125,27.393751,-25.725
66733751516437,1788474252903,-2.6437502,27.31875,-25.575
66733761516437,1788474252913,-2.5687501,27.337502,-25.500002
66733771516437,1788474252923,-2.4375,27.581251,-25.406252
66733781516437,1788474252933,-2.2125,27.4125,-25.44375
66733791516437,1788474252943,-2.4375,27.206251,-25.237501
66733801516437,1788474252953,-2.625,27.056252,-25.143751
66733811516437,1788474252963,-2.7562501,27.112501,-25.087502
66733821516437,1788474252973,-2.775,27.112501,-24.993752
66733831516437,1788474252983,-2.5500002,27.31875,-25.06875
66733841516437,1788474252993,-2.4750001,27.35625,-25.10625
66733851516437,1788474253003,-2.49375,27.112501,-25.0125
66733861516437,1788474253013,-2.7562501,27.337502,-24.825
66733871516437,1788474253023,-2.68125,27.50625,-25.050001
66733881516437,1788474253033,-2.6437502,27.6,-25.050001
66733891516437,1788474253043,-2.49375,27.675001,-24.900002
66733901516437,1788474253053,-2.41875,27.562502,-24.825
66733911516437,1788474253063,-2.625,27.618752,-24.843752
66733921516437,1788474253073,-2.71875,27.618752,-24.750002
66733931516437,1788474253083,-2.79375,27.900002,-24.993752
66733941516437,1788474253093,-2.60625,27.750002,-25.2
66733951516437,1788474253103,-2.79375,27.73125,-25.29375
66733961516437,1788474253113,-2.86875,27.656252,-25.181252
66733971516437,1788474253123,-2.8125,27.88125,-25.237501
66733981516437,1788474253133,-2.90625,27.91875,-25.48125
66733991516437,1788474253143,-2.71875,27.581251,-25.406252
66734001516437,1788474253153,-2.8500001,27.88125,-25.500002
66734011516437,1788474253163,-2.86875,27.6,-25.5375
66734021516437,1788474253173,-2.8125,27.675001,-25.66875
66734031516437,1788474253183,-2.7,27.69375,-25.556252
66734041516437,1788474253193,-2.53125,27.712502,-25.781252
66734051516437,1788474253203,-2.5687501,27.6375,-25.800001
66734061516437,1788474253213,-2.41875,27.431252,-25.706251
66734071516437,1788474253223,-2.4375,27.6375,-25.837502
66734081516437,1788474253233,-2.41875,27.375002,-25.650002
66734091516437,1788474253243,-2.23125,27.618752,-25.48125
66734101516437,1788474253253,-2.2875001,27.393751,-25.25625
66734111516437,1788474253263,-1.9687501,27.50625,-25.2
66734121516437,1788474253273,-1.95,27.6,-25.10625
66734131516437,1788474253283,-2.0062501,27.618752,-25.312502
66734141516437,1788474253293,-2.1375,27.768751,-25.368752
66734151516437,1788474253303,-2.1937501,27.675001,-25.218752
66734161516437,1788474253313,-2.0625,27.806252,-25.44375
66734171516437,1788474253323,-2.2875001,27.618752,-25.593752
66734181516437,1788474253333,-2.2125,27.88125,-25.575
66734191516437,1788474253343,-2.4562502,27.73125,-25.7625
66734201516437,1788474253353,-2.68125,27.6375,-25.800001
66734211516437,1788474253363,-2.71875,27.431252,-25.312502
66734221516437,1788474253373,-2.5687501,27.6375,-25.406252
66734231516437,1788474253383,-2.5125,27.69375,-25.406252
66734241516437,1788474253393,-2.5500002,27.562502,-25.3875
66734251516437,1788474253403,-2.53125,27.431252,-25.35
66734261516437,1788474253413,-2.79375,27.35625,-25.406252
66734271516437,1788474253423,-2.90625,27.50625,-25.1625
66734281516437,1788474253433,-2.775,27.69375,-25.1625
66734291516437,1788474253443,-2.71875,27.750002,-25.518751
66734301516437,1788474253453,-2.625,27.69375,-25.331251
66734311516437,1788474253463,-2.6437502,27.581251,-25.312502
66734321516437,1788474253473,-2.4,27.54375,-25.1625
66734331516437,1788474253483,-2.1937501,27.7875,-25.10625
66734341516437,1788474253493,-2.11875,27.862501,-25.10625
66734351516437,1788474253503,-2.0062501,27.73125,-25.25625
66734361516437,1788474253513,-2.1000001,27.50625,-25.087502
66734371516437,1788474253523,-2.2125,27.54375,-25.1625
66734381516437,1788474253533,-2.49375,27.337502,-25.087502
66734391516437,1788474253543,-2.7562501,27.337502,-25.06875
66734401516437,1788474253553,-3.1312501,27.243752,-25.143751
66734411516437,1788474253563,-3.2062502,27.206251,-25.29375
66734421516437,1788474253573,-3.2062502,27.281252,-25.2
66734431516437,1788474253583,-2.9625,27.206251,-25.29375
66734441516437,1788474253593,-2.90625,27.300001,-25.556252
66734451516437,1788474253603,-2.5875,27.31875,-25.425001
66734461516437,1788474253613,-2.2687502,27.337502,-25.462502
66734471516437,1788474253623,-2.0812502,27.300001,-25.612501
66734481516437,1788474253633,-1.8937501,27.487501,-25.44375
66734491516437,1788474253643,-1.95,27.525002,-25.518751
66734501516437,1788474253653,-1.66875,27.487501,-25.48125
66734511516437,1788474253663,-1.6500001,27.656252,-25.462502
66734521516437,1788474253673,-1.44375,27.6,-25.518751
66734531516437,1788474253683,-1.6500001,27.375002,-25.7625
66734541516437,1788474253693,-1.725,27.393751,-25.931252
66734551516437,1788474253703,-1.5562501,27.337502,-25.85625
66734561516437,1788474253713,-1.575,27.31875,-26.1
66734571516437,1788474253723,-1.63125,27.4125,-25.9125
66734581516437,1788474253733,-1.8375001,27.50625,-26.025002
66734591516437,1788474253743,-2.11875,27.4125,-26.156252
66734601516437,1788474253753,-2.34375,27.487501,-25.893751
66734611516437,1788474253763,-2.325,27.656252,-25.837502
66734621516437,1788474253773,-2.60625,27.825,-25.875002
66734631516437,1788474253783,-2.4,28.0125,-25.875002
66734641516437,1788474253793,-2.325,27.937502,-25.743752
66734651516437,1788474253803,-2.4375,27.806252,-25.9125
66734661516437,1788474253813,-2.5875,27.7875,-25.9125
66734671516437,1788474253823,-2.5687501,27.900002,-25.85625
66734681516437,1788474253833,-2.60625,27.712502,-25.743752
66734691516437,1788474253843,-2.5500002,27.806252,-25.7625
66734701516437,1788474253853,-2.49375,27.6375,-25.406252
66734711516437,1788474253863,-2.86875,27.618752,-25.406252
66734721516437,1788474253873,-2.79375,27.73125,-25.425001
66734731516437,1788474253883,-2.3625002,27.806252,-25.44375
66734741516437,1788474253893,-2.1000001,27.712502,-25.556252
66734751516437,1788474253903,-2.0812502,27.69375,-25.3875
66734761516437,1788474253913,-1.8375001,27.750002,-25.650002
66734771516437,1788474253923,-1.9125,27.825,-25.518751
66734781516437,1788474253933,-1.66875,27.712502,-25.66875
66734791516437,1788474253943,-1.66875,27.581251,-25.9125
66734801516437,1788474253953,-1.5562501,27.50625,-25.743752
66734811516437,1788474253963,-1.8750001,27.50625,-25.725
66734821516437,1788474253973,-1.8937501,27.431252,-25.650002
66734831516437,1788474253983,-1.9125,27.45,-25.66875
66734841516437,1788474253993,-2.15625,27.431252,-25.725
66734851516437,1788474254003,-2.2125,27.281252,-25.650002
66734861516437,1788474254013,-2.4750001,27.16875,-25.706251
66734871516437,1788474254023,-2.4750001,27.31875,-25.612501
66734881516437,1788474254033,-2.53125,27.337502,-25.968752
66734891516437,1788474254043,-2.4375,27.31875,-26.1
66734901516437,1788474254053,-2.68125,27.375002,-26.118752
66734911516437,1788474254063,-2.625,27.393751,-26.23125
66734921516437,1788474254073,-2.41875,27.431252,-26.118752
66734931516437,1788474254083,-2.4562502,27.525002,-26.38125
66734941516437,1788474254093,-2.4750001,27.88125,-26.400002
66734951516437,1788474254103,-2.3812501,27.7875,-26.343752
66734961516437,1788474254113,-2.7,27.88125,-26.250002
66734971516437,1788474254123,-2.79375,27.88125,-25.85625
66734981516437,1788474254133,-2.625,27.7875,-25.968752
66734991516437,1788474254143,-2.60625,27.675001,-25.95
66735001516437,1788474254153,-2.8125,27.6375,-26.04375
66735011516437,1788474254163,-2.71875,27.6,-25.9125
66735021516437,1788474254173,-2.6625001,27.45,-25.875002
66735031516437,1788474254183,-2.4562502,27.525002,-25.725
66735041516437,1788474254193,-2.4,27.300001,-25.462502
66735051516437,1788474254203,-2.325,27.281252,-25.5375
66735061516437,1788474254213,-2.34375,27.4125,-25.5375
66735071516437,1788474254223,-2.2125,27.4125,-25.44375
66735081516437,1788474254233,-2.2125,27.281252,-25.44375
66735091516437,1788474254243,-2.1750002,27.281252,-25.35
66735101516437,1788474254253,-2.0812502,27.468752,-25.462502
66735111516437,1788474254263,-2.30625,27.468752,-25.687502
66735121516437,1788474254273,-2.30625,27.431252,-25.875002
66735131516437,1788474254283,-2.1750002,27.487501,-25.85625
66735141516437,1788474254293,-2.2687502,27.281252,-25.575
66735151516437,1788474254303,-2.4375,27.206251,-25.593752
66735161516437,1788474254313,-2.2687502,27.31875,-25.3875
66735171516437,1788474254323,-2.2687502,27.225,-25.35
66735181516437,1788474254333,-2.4,27.112501,-25.087502
66735191516437,1788474254343,-2.3625002,27.31875,-24.975
66735201516437,1788474254353,-2.25,27.525002,-25.125002
66735211516437,1788474254363,-2.41875,27.487501,-25.425001
66735221516437,1788474254373,-2.34375,27.525002,-25.837502
66735231516437,1788474254383,-2.34375,27.525002,-26.118752
66735241516437,1788474254393,-2.5687501,27.54375,-26.1
66735251516437,1788474254403,-2.4562502,27.6375,-26.456251
66735261516437,1788474254413,-2.325,27.750002,-26.531252
66735271516437,1788474254423,-2.4750001,27.468752,-26.531252
66735281516437,1788474254433,-2.5687501,27.656252,-26.343752
66735291516437,1788474254443,-2.7375002,27.656252,-26.212502
66735301516437,1788474254453,-2.775,27.6375,-25.85625
66735311516437,1788474254463,-2.6625001,27.88125,-25.66875
66735321516437,1788474254473,-2.5125,28.031252,-25.725
66735331516437,1788474254483,-2.625,28.031252,-25.612501
66735341516437,1788474254493,-2.71875,27.91875,-25.556252
66735351516437,1788474254503,-2.5125,28.087502,-25.725
66735361516437,1788474254513,-2.3625002,27.843752,-25.650002
66735371516437,1788474254523,-1.9312501,27.825,-25.612501
66735381516437,1788474254533,-1.9687501,28.143751,-25.837502
66735391516437,1788474254543,-1.8375001,27.91875,-25.800001
66735401516437,1788474254553,-1.8937501,27.825,-25.931252
66735411516437,1788474254563,-1.7812501,27.862501,-25.987501
66735421516437,1788474254573,-1.66875,27.956251,-26.118752
66735431516437,1788474254583,-1.7062501,27.750002,-26.00625
66735441516437,1788474254593,-1.8000001,27.750002,-25.968752
66735451516437,1788474254603,-1.8937501,27.750002,-25.968752
66735461516437,1788474254613,-1.725,27.50625,-25.687502
66735471516437,1788474254623,-1.9875001,27.581251,-25.743752
66735481516437,1788474254633,-1.9687501,27.675001,-25.743752
66735491516437,1788474254643,-2.0062501,27.69375,-25.575
66735501516437,1788474254653,-2.0625,27.6,-25.5375
66735511516437,1788474254663,-2.0625,27.88125,-25.44375
66735521516437,1788474254673,-2.04375,27.806252,-25.425001
66735531516437,1788474254683,-2.2875001,27.656252,-25.462502
66735541516437,1788474254693,-2.3812501,27.825,-25.518751
66735551516437,1788474254703,-2.25,27.91875,-25.368752
66735561516437,1788474254713,-2.15625,27.862501,-25.462502
66735571516437,1788474254723,-2.2687502,27.69375,-25.48125
66735581516437,1788474254733,-2.025,27.69375,-25.44375
66735591516437,1788474254743,-2.23125,27.675001,-25.425001
66735601516437,1788474254753,-2.1375,27.768751,-25.500002
66735611516437,1788474254763,-1.9312501,27.656252,-25.25625
66735621516437,1788474254773,-1.9312501,27.562502,-25.406252
66735631516437,1788474254783,-2.1750002,27.45,-25.63125
66735641516437,1788474254793,-2.15625,27.6,-25.368752
66735651516437,1788474254803,-2.1750002,27.675001,-25.5375
66735661516437,1788474254813,-2.5125,27.656252,-25.650002
66735671516437,1788474254823,-2.15625,27.50625,-25.743752
66735681516437,1788474254833,-2.2687502,27.4125,-25.800001
66735691516437,1788474254843,-2.4750001,27.562502,-25.837502
66735701516437,1788474254853,-2.3812501,27.4125,-25.931252
66735711516437,1788474254863,-1.9312501,27.525002,-25.743752
66735721516437,1788474254873,-1.85625,27.4125,-25.987501
66735731516437,1788474254883,-1.85625,27.35625,-25.85625
66735741516437,1788474254893,-1.95,27.50625,-25.725
66735751516437,1788474254903,-1.95,27.675001,-25.612501
66735761516437,1788474254913,-2.0062501,27.750002,-25.650002
66735771516437,1788474254923,-1.9875001,27.88125,-25.85625
66735781516437,1788474254933,-2.25,28.031252,-25.687502
66735791516437,1788474254943,-2.6437502,27.862501,-25.7625
66735801516437,1788474254953,-2.775,27.6375,-25.556252
66735811516437,1788474254963,-2.6437502,27.825,-25.500002
66735821516437,1788474254973,-2.60625,27.656252,-25.800001
66735831516437,1788474254983,-2.6625001,27.562502,-25.875002
66735841516437,1788474254993,-2.60625,27.618752,-25.781252
66735851516437,1788474255003,-2.41875,27.618752,-25.462502
66735861516437,1788474255013,-2.25,27.525002,-25.518751
66735871516437,1788474255023,-2.325,27.50625,-25.425001
66735881516437,1788474255033,-2.625,27.618752,-25.406252
66735891516437,1788474255043,-2.7,27.45,-25.25625
66735901516437,1788474255053,-2.4,27.618752,-25.031252
66735911516437,1788474255063,-2.49375,27.525002,-24.956251
66735921516437,1788474255073,-2.49375,27.468752,-25.0125
66735931516437,1788474255083,-2.49375,27.375002,-25.425001
66735941516437,1788474255093,-2.49375,27.243752,-25.218752
66735951516437,1788474255103,-2.2687502,27.468752,-25.29375
66735961516437,1788474255113,-2.025,27.675001,-25.331251
66735971516437,1788474255123,-2.0625,27.73125,-25.462502
66735981516437,1788474255133,-2.0812502,27.50625,-25.743752
66735991516437,1788474255143,-2.25,27.525002,-25.875002
66736001516437,1788474255153,-2.2875001,27.375002,-25.893751
66736011516437,1788474255163,-2.325,27.4125,-25.85625
66736021516437,1788474255173,-2.2875001,27.768751,-26.00625
66736031516437,1788474255183,-2.15625,27.618752,-26.118752
66736041516437,1788474255193,-2.0812502,27.6375,-26.41875
66736051516437,1788474255203,-2.1937501,27.45,-26.325
66736061516437,1788474255213,-2.325,27.525002,-26.19375
66736071516437,1788474255223,-1.9875001,27.750002,-26.1375
66736081516437,1788474255233,-2.0625,27.768751,-26.118752
66736091516437,1788474255243,-2.1750002,27.825,-25.81875
66736101516437,1788474255253,-2.25,27.618752,-25.931252
66736111516437,1788474255263,-2.2875001,27.69375,-25.593752
66736121516437,1788474255273,-2.1937501,27.50625,-25.1625
66736131516437,1788474255283,-2.1937501,27.73125,-25.368752
66736141516437,1788474255293,-2.2875001,27.675001,-25.25625
66736151516437,1788474255303,-2.4562502,27.487501,-25.29375
66736161516437,1788474255313,-2.325,27.50625,-25.331251
66736171516437,1788474255323,-2.30625,27.525002,-25.593752
66736181516437,1788474255333,-2.3625002,27.431252,-25.44375
66736191516437,1788474255343,-2.625,27.431252,-25.518751
66736201516437,1788474255353,-2.8125,27.393751,-25.612501
66736211516437,1788474255363,-2.6437502,27.281252,-25.593752
66736221516437,1788474255373,-2.6437502,27.243752,-25.5375
66736231516437,1788474255383,-2.5500002,27.468752,-25.575
66736241516437,1788474255393,-2.6437502,27.562502,-25.406252
66736251516437,1788474255403,-2.3812501,27.6,-25.29375
66736261516437,1788474255413,-2.2875001,27.806252,-25.5375
66736271516437,1788474255423,-2.23125,27.768751,-25.7625
66736281516437,1788474255433,-2.0062501,27.88125,-25.781252
66736291516437,1788474255443,-2.04375,28.143751,-25.893751
66736301516437,1788474255453,-2.0625,28.125002,-25.875002
66736311516437,1788474255463,-2.11875,27.843752,-25.650002
66736321516437,1788474255473,-2.025,27.768751,-25.781252
66736331516437,1788474255483,-2.25,27.750002,-25.743752
66736341516437,1788474255493,-2.2687502,27.581251,-25.25625
66736351516437,1788474255503,-2.2875001,27.54375,-25.143751
66736361516437,1788474255513,-2.49375,27.393751,-25.143751
66736371516437,1788474255523,-2.4562502,27.281252,-24.843752
66736381516437,1788474255533,-2.5687501,27.54375,-24.956251
66736391516437,1788474255543,-2.60625,27.73125,-25.237501
66736401516437,1788474255553,-2.6625001,27.750002,-25.25625
66736411516437,1788474255563,-2.53125,27.750002,-25.44375
66736421516437,1788474255573,-2.5125,27.825,-25.800001
66736431516437,1788474255583,-2.30625,27.862501,-25.687502
66736441516437,1788474255593,-2.0812502,27.900002,-25.706251
66736451516437,1788474255603,-2.2125,27.862501,-25.81875
66736461516437,1788474255613,-2.0062501,27.6,-25.518751
66736471516437,1788474255623,-2.0625,27.45,-25.63125
66736481516437,1788474255633,-1.9687501,27.6,-25.44375
66736491516437,1788474255643,-2.2687502,27.35625,-25.1625
66736501516437,1788474255653,-2.4562502,27.187502,-25.10625
66736511516437,1788474255663,-2.5125,27.187502,-25.275002
66736521516437,1788474255673,-2.7562501,27.093752,-25.237501
66736531516437,1788474255683,-2.5500002,26.737501,-25.331251
66736541516437,1788474255693,-2.5687501,26.75625,-25.462502
66736551516437,1788474255703,-2.3625002,26.962502,-25.368752
66736561516437,1788474255713,-2.41875,27.000002,-25.425001
66736571516437,1788474255723,-2.30625,27.16875,-25.63125
66736581516437,1788474255733,-2.0625,27.187502,-25.575
66736591516437,1788474255743,-2.0812502,27.075,-25.5375
66736601516437,1788474255753,-2.1000001,27.375002,-25.706251
66736611516437,1788474255763,-2.25,27.618752,-25.725
66736621516437,1788474255773,-2.1750002,27.69375,-25.650002
66736631516437,1788474255783,-2.30625,27.468752,-25.518751
66736641516437,1788474255793,-2.2687502,27.375002,-25.66875
66736651516437,1788474255803,-2.025,27.16875,-25.48125
66736661516437,1788474255813,-2.3625002,27.243752,-25.725
66736671516437,1788474255823,-2.3625002,27.337502,-25.837502
66736681516437,1788474255833,-2.325,27.000002,-25.81875
66736691516437,1788474255843,-2.4,27.018751,-25.650002
66736701516437,1788474255853,-2.4,27.112501,-25.837502
66736711516437,1788474255863,-2.5687501,27.187502,-25.63125
66736721516437,1788474255873,-2.7,27.2625,-25.406252
66736731516437,1788474255883,-2.8312502,27.281252,-25.612501
66736741516437,1788474255893,-2.60625,27.35625,-25.368752
66736751516437,1788474255903,-2.8125,27.393751,-25.06875
66736761516437,1788474255913,-2.9625,27.337502,-24.937502
66736771516437,1788474255923,-3.0187502,27.54375,-24.937502
66736781516437,1788474255933,-3.05625,27.50625,-24.993752
66736791516437,1788474255943,-2.7,27.525002,-25.06875
66736801516437,1788474255953,-2.7,27.45,-25.44375
66736811516437,1788474255963,-2.8125,27.525002,-25.48125
66736821516437,1788474255973,-2.9437501,27.581251,-25.593752
66736831516437,1788474255983,-2.7562501,27.712502,-25.650002
66736841516437,1788474255993,-2.7375002,27.91875,-25.650002
66736851516437,1788474256003,-2.8500001,27.750002,-25.781252
66736861516437,1788474256013,-2.86875,27.712502,-25.650002
66736871516437,1788474256023,-3.1312501,27.768751,-25.837502
66736881516437,1788474256033,-3.0,27.6375,-25.593752
66736891516437,1788474256043,-2.775,27.525002,-25.462502
66736901516437,1788474256053,-2.625,27.525002,-25.368752
66736911516437,1788474256063,-2.5875,27.281252,-25.368752
66736921516437,1788474256073,-2.4562502,27.225,-25.3875
66736931516437,1788474256083,-2.1750002,27.0375,-25.143751
66736941516437,1788474256093,-2.2687502,26.79375,-25.462502
66736951516437,1788474256103,-2.30625,26.6625,-25.44375
66736961516437,1788474256113,-2.2875001,26.718752,-25.425001
66736971516437,1788474256123,-2.15625,26.98125,-25.368752
66736981516437,1788474256133,-2.1750002,26.85,-25.331251
66736991516437,1788474256143,-2.025,26.79375,-25.368752
66737001516437,1788474256153,-2.04375,26.925001,-25.687502
66737011516437,1788474256163,-2.11875,27.206251,-26.1
66737021516437,1788474256173,-2.025,27.6,-25.968752
66737031516437,1788474256183,-1.8937501,27.825,-25.987501
66737041516437,1788474256193,-2.0062501,27.900002,-25.968752
66737051516437,1788474256203,-2.1937501,27.750002,-26.00625
66737061516437,1788474256213,-2.1750002,27.69375,-26.062502
66737071516437,1788474256223,-2.3625002,28.031252,-26.1
66737081516437,1788474256233,-2.34375,28.050001,-25.743752
66737091516437,1788474256243,-2.3625002,28.06875,-25.500002
66737101516437,1788474256253,-2.4,27.937502,-25.3875
66737111516437,1788474256263,-2.41875,27.618752,-25.29375
66737121516437,1788474256273,-2.6437502,27.6375,-25.406252
66737131516437,1788474256283,-2.86875,27.675001,-25.425001
66737141516437,1788474256293,-2.8875,27.993752,-25.425001
66737151516437,1788474256303,-2.9625,27.656252,-25.48125
66737161516437,1788474256313,-2.9625,27.431252,-25.612501
66737171516437,1788474256323,-3.05625,27.281252,-25.556252
66737181516437,1788474256333,-3.3375,27.2625,-25.25625
66737191516437,1788474256343,-3.4875002,27.487501,-25.29375
66737201516437,1788474256353,-3.35625,27.2625,-25.237501
66737211516437,1788474256363,-3.16875,27.187502,-25.3875
66737221516437,1788474256373,-3.075,26.962502,-25.575
66737231516437,1788474256383,-2.90625,27.225,-25.48125
66737241516437,1788474256393,-3.1125002,27.525002,-25.331251
66737251516437,1788474256403,-2.7562501,27.525002,-25.462502
66737261516437,1788474256413,-2.49375,27.525002,-25.800001
66737271516437,1788474256423,-2.4,27.468752,-25.9125
66737281516437,1788474256433,-2.0625,27.581251,-26.062502
66737291516437,1788474256443,-2.025,27.487501,-25.875002
66737301516437,1788474256453,-2.025,27.393751,-25.650002
66737311516437,1788474256463,-1.8937501,27.225,-25.66875
66737321516437,1788474256473,-1.4625001,26.8875,-25.593752
66737331516437,1788474256483,-1.8000001,26.925001,-25.2
66737341516437,1788474256493,-1.8000001,26.962502,-25.10625
66737351516437,1788474256503,-1.8000001,26.831251,-25.2
66737361516437,1788474256513,-2.1375,26.718752,-25.050001
66737371516437,1788474256523,-2.04375,26.962502,-25.1625
66737381516437,1788474256533,-1.95,27.093752,-25.368752
66737391516437,1788474256543,-2.1750002,27.150002,-25.237501
66737401516437,1788474256553,-2.1750002,27.337502,-25.368752
66737411516437,1788474256563,-2.0062501,27.281252,-25.9125
66737421516437,1788474256573,-2.15625,27.281252,-25.968752
66737431516437,1788474256583,-2.23125,27.375002,-25.800001
66737441516437,1788474256593,-2.23125,27.6375,-25.875002
66737451516437,1788474256603,-2.49375,27.50625,-25.95
66737461516437,1788474256613,-2.6625001,27.562502,-25.893751
66737471516437,1788474256623,-2.6437502,27.7875,-26.025002
66737481516437,1788474256633,-2.7,27.7875,-25.9125
66737491516437,1788474256643,-2.7,27.825,-25.687502
66737501516437,1788474256653,-2.4375,27.73125,-25.875002
66737511516437,1788474256663,-2.4375,27.768751,-25.81875
66737521516437,1788474256673,-2.25,27.525002,-25.687502
66737531516437,1788474256683,-1.95,27.712502,-25.575
66737541516437,1788474256693,-2.0062501,27.6375,-25.44375
66737551516437,1788474256703,-2.11875,27.431252,-25.5375
66737561516437,1788474256713,-2.2125,27.431252,-25.687502
66737571516437,1788474256723,-2.3812501,27.525002,-25.81875
66737581516437,1788474256733,-2.41875,27.618752,-25.612501
66737591516437,1788474256743,-2.2687502,27.581251,-25.63125
66737601516437,1788474256753,-2.15625,27.843752,-25.931252
66737611516437,1788474256763,-2.3812501,27.712502,-25.781252
66737621516437,1788474256773,-2.15625,27.525002,-25.987501
66737631516437,1788474256783,-2.1937501,27.225,-26.00625
66737641516437,1788474256793,-2.1937501,27.31875,-26.04375
66737651516437,1788474256803,-2.0062501,27.187502,-26.00625
66737661516437,1788474256813,-2.1750002,27.206251,-25.968752
66737671516437,1788474256823,-2.1937501,27.187502,-26.04375
66737681516437,1788474256833,-2.3812501,26.8875,-25.743752
66737691516437,1788474256843,-2.53125,27.075,-26.025002
66737701516437,1788474256853,-2.625,27.13125,-25.893751
66737711516437,1788474256863,-2.60625,27.31875,-25.987501
66737721516437,1788474256873,-2.7,27.300001,-25.95
66737731516437,1788474256883,-2.71875,27.31875,-25.781252
66737741516437,1788474256893,-2.5875,27.31875,-25.781252
66737751516437,1788474256903,-2.7375002,27.45,-25.687502
66737761516437,1788474256913,-2.9250002,27.525002,-25.81875
66737771516437,1788474256923,-2.86875,27.35625,-25.593752
66737781516437,1788474256933,-3.0187502,27.281252,-25.500002
66737791516437,1788474256943,-2.90625,27.393751,-25.29375
66737801516437,1788474256953,-2.7,27.150002,-25.406252
66737811516437,1788474256963,-2.5875,27.243752,-25.275002
66737821516437,1788474256973,-2.60625,27.150002,-25.368752
66737831516437,1788474256983,-2.34375,26.962502,-25.63125
66737841516437,1788474256993,-2.1750002,27.150002,-25.612501
66737851516437,1788474257003,-1.9687501,27.300001,-25.687502
66737861516437,1788474257013,-1.85625,27.31875,-25.706251
66737871516437,1788474257023,-1.81875,27.300001,-25.781252
66737881516437,1788474257033,-2.11875,27.337502,-25.500002
66737891516437,1788474257043,-2.34375,27.225,-25.500002
66737901516437,1788474257053,-2.2687502,27.2625,-25.44375
66737911516437,1788474257063,-2.4562502,27.2625,-25.35
66737921516437,1788474257073,-2.4375,27.206251,-25.237501
66737931516437,1788474257083,-2.5875,27.075,-25.3875
66737941516437,1788474257093,-2.6625001,27.225,-25.575
66737951516437,1788474257103,-2.6625001,27.150002,-25.687502
66737961516437,1788474257113,-2.4750001,27.525002,-25.7625
66737971516437,1788474257123,-2.3812501,27.525002,-25.66875
66737981516437,1788474257133,-2.5500002,27.525002,-25.725
66737991516437,1788474257143,-2.34375,27.656252,-25.63125
66738001516437,1788474257153,-2.34375,27.562502,-25.63125
66738011516437,1788474257163,-2.25,27.69375,-25.63125
66738021516437,1788474257173,-2.0812502,27.618752,-25.518751
66738031516437,1788474257183,-2.025,27.712502,-25.331251
66738041516437,1788474257193,-2.04375,27.300001,-25.650002
66738051516437,1788474257203,-2.04375,27.337502,-25.968752
66738061516437,1788474257213,-1.8750001,27.4125,-26.04375
66738071516437,1788474257223,-1.9687501,27.281252,-26.04375
66738081516437,1788474257233,-2.0625,27.431252,-26.23125
66738091516437,1788474257243,-2.025,27.6,-26.118752
66738101516437,1788474257253,-2.0625,27.50625,-26.062502
66738111516437,1788474257263,-2.3812501,27.54375,-26.250002
66738121516437,1788474257273,-2.2125,27.862501,-25.987501
66738131516437,1788474257283,-2.25,27.768751,-25.81875
66738141516437,1788474257293,-2.3625002,27.6375,-25.650002
66738151516437,1788474257303,-2.4562502,27.712502,-25.650002
66738161516437,1788474257313,-2.25,27.618752,-25.725
66738171516437,1788474257323,-2.3812501,27.4125,-25.931252
66738181516437,1788474257333,-2.4750001,27.562502,-25.931252
66738191516437,1788474257343,-2.25,27.50625,-25.781252
66738201516437,1788474257353,-2.5687501,27.243752,-25.706251
66738211516437,1788474257363,-2.30625,27.431252,-25.7625
66738221516437,1788474257373,-2.4,27.525002,-25.81875
66738231516437,1788474257383,-2.4,27.468752,-25.9125
66738241516437,1788474257393,-2.4375,27.468752,-25.743752
66738251516437,1788474257403,-2.4,27.393751,-25.5375
66738261516437,1788474257413,-2.4375,27.6,-25.650002
66738271516437,1788474257423,-2.4,27.54375,-25.800001
66738281516437,1788474257433,-2.1937501,27.69375,-25.687502
66738291516437,1788474257443,-2.30625,27.750002,-25.81875
66738301516437,1788474257453,-2.2687502,27.562502,-25.81875
66738311516437,1788474257463,-2.1000001,27.675001,-25.781252
66738321516437,1788474257473,-2.1000001,27.862501,-25.687502
66738331516437,1788474257483,-2.1375,28.031252,-25.650002
66738341516437,1788474257493,-2.0625,27.91875,-25.63125
66738351516437,1788474257503,-2.1375,27.7875,-25.462502
66738361516437,1788474257513,-2.3812501,27.69375,-25.63125
66738371516437,1788474257523,-2.4750001,27.431252,-25.575
66738381516437,1788474257533,-2.60625,27.618752,-25.518751
66738391516437,1788474257543,-2.5875,27.656252,-25.312502
66738401516437,1788474257553,-2.625,27.525002,-25.331251
66738411516437,1788474257563,-2.49375,27.54375,-25.275002
66738421516437,1788474257573,-2.4750001,27.50625,-25.35
66738431516437,1788474257583,-2.5500002,27.825,-25.368752
66738441516437,1788474257593,-2.4750001,27.862501,-25.44375
66738451516437,1788474257603,-2.5687501,28.031252,-25.462502
66738461516437,1788474257613,-2.3812501,27.91875,-25.556252
66738471516437,1788474257623,-2.60625,27.768751,-25.687502
66738481516437,1788474257633,-2.6437502,27.825,-25.687502
66738491516437,1788474257643,-2.86875,27.768751,-25.725
66738501516437,1788474257653,-2.86875,27.73125,-25.81875
66738511516437,1788474257663,-2.8875,27.656252,-25.875002
66738521516437,1788474257673,-2.775,27.581251,-25.95
66738531516437,1788474257683,-2.60625,27.562502,-26.04375
66738541516437,1788474257693,-2.4375,27.6,-26.306252
66738551516437,1788474257703,-2.34375,27.468752,-26.250002
66738561516437,1788474257713,-2.2125,27.300001,-26.250002
66738571516437,1788474257723,-1.9687501,27.243752,-26.250002
66738581516437,1788474257733,-2.2125,27.431252,-25.987501
66738591516437,1788474257743,-2.2125,27.2625,-25.893751
66738601516437,1788474257753,-2.2687502,27.225,-25.781252
66738611516437,1788474257763,-2.25,27.337502,-25.593752
66738621516437,1788474257773,-2.325,27.187502,-25.2
66738631516437,1788474257783,-2.15625,27.393751,-25.275002
66738641516437,1788474257793,-2.2875001,27.31875,-25.500002
66738651516437,1788474257803,-2.5500002,27.393751,-25.462502
66738661516437,1788474257813,-2.3812501,27.0375,-25.612501
66738671516437,1788474257823,-2.30625,27.150002,-25.63125
66738681516437,1788474257833,-2.4,27.281252,-25.575
66738691516437,1788474257843,-2.4375,26.962502,-25.575
66738701516437,1788474257853,-2.5500002,27.2625,-25.781252
66738711516437,1788474257863,-2.775,27.13125,-25.7625
66738721516437,1788474257873,-2.68125,27.45,-25.5375
66738731516437,1788474257883,-2.6437502,27.2625,-25.5375
66738741516437,1788474257893,-2.625,27.431252,-25.593752
66738751516437,1788474257903,-2.71875,27.431252,-25.63125
66738761516437,1788474257913,-2.60625,27.4125,-25.575
66738771516437,1788474257923,-2.5500002,27.862501,-25.706251
66738781516437,1788474257933,-2.49375,28.0125,-25.650002
66738791516437,1788474257943,-2.30625,28.06875,-25.743752
66738801516437,1788474257953,-2.30625,27.937502,-25.781252
66738811516437,1788474257963,-2.325,28.125002,-26.062502
66738821516437,1788474257973,-2.30625,28.031252,-25.931252
66738831516437,1788474257983,-2.1375,28.0125,-26.156252
66738841516437,1788474257993,-2.34375,27.993752,-26.081251
66738851516437,1788474258003,-2.2687502,27.862501,-26.156252
66738861516437,1788474258013,-2.2687502,27.525002,-25.987501
66738871516437,1788474258023,-2.3812501,27.50625,-25.95
66738881516437,1788474258033,-2.3812501,27.69375,-25.66875
66738891516437,1788474258043,-2.1000001,27.487501,-25.368752
66738901516437,1788474258053,-2.1000001,27.431252,-25.368752
66738911516437,1788474258063,-1.9312501,27.45,-25.10625
66738921516437,1788474258073,-1.8750001,27.431252,-25.35
66738931516437,1788474258083,-1.8937501,27.31875,-25.275002
66738941516437,1788474258093,-1.9875001,27.393751,-25.06875
66738951516437,1788474258103,-1.9687501,27.6375,-24.937502
66738961516437,1788474258113,-2.11875,27.50625,-25.462502
66738971516437,1788474258123,-2.25,27.50625,-25.48125
66738981516437,1788474258133,-2.11875,27.6375,-25.3875
66738991516437,1788474258143,-2.3625002,27.675001,-25.7625
66739001516437,1788474258153,-2.3812501,27.562502,-25.63125
66739011516437,1788474258163,-2.4375,27.6375,-25.5375
66739021516437,1788474258173,-2.1937501,27.562502,-25.875002
66739031516437,1788474258183,-2.15625,27.525002,-26.1
66739041516437,1788474258193,-2.23125,27.581251,-26.118752
66739051516437,1788474258203,-2.1937501,27.618752,-26.23125
66739061516437,1788474258213,-2.41875,27.618752,-26.212502
66739071516437,1788474258223,-2.41875,27.862501,-25.931252
66739081516437,1788474258233,-2.15625,28.031252,-26.1375
66739091516437,1788474258243,-2.1000001,27.956251,-26.19375
66739101516437,1788474258253,-2.2875001,27.937502,-26.062502
66739111516437,1788474258263,-2.30625,27.825,-25.85625
66739121516437,1788474258273,-2.2875001,27.562502,-25.743752
66739131516437,1788474258283,-2.1937501,27.525002,-25.800001
66739141516437,1788474258293,-2.0625,27.712502,-26.175001
66739151516437,1788474258303,-2.15625,27.525002,-26.118752
66739161516437,1788474258313,-2.2687502,27.581251,-26.1
66739171516437,1788474258323,-2.2687502,27.581251,-26.325
66739181516437,1788474258333,-2.0812502,27.6375,-26.493752
66739191516437,1788474258343,-2.2687502,27.581251,-26.587502
66739201516437,1788474258353,-2.11875,27.806252,-26.493752
66739211516437,1788474258363,-2.2875001,27.843752,-26.456251
66739221516437,1788474258373,-2.34375,27.69375,-26.19375
66739231516437,1788474258383,-2.2875001,27.35625,-26.325
66739241516437,1788474258393,-2.1000001,27.300001,-26.2875
66739251516437,1788474258403,-2.30625,27.093752,-25.987501
66739261516437,1788474258413,-2.5500002,27.0375,-26.118752
66739271516437,1788474258423,-2.2125,27.206251,-26.325
66739281516437,1788474258433,-2.2875001,27.337502,-26.343752
66739291516437,1788474258443,-2.3625002,27.281252,-26.325
66739301516437,1788474258453,-2.34375,27.243752,-26.212502
66739311516437,1788474258463,-2.3812501,27.525002,-26.118752
66739321516437,1788474258473,-2.625,27.337502,-26.04375
66739331516437,1788474258483,-2.4750001,27.73125,-26.00625
66739341516437,1788474258493,-2.4750001,27.675001,-25.95
66739351516437,1788474258503,-2.4750001,27.656252,-25.725
66739361516437,1788474258513,-2.4750001,27.31875,-25.743752
66739371516437,1788474258523,-2.11875,27.6375,-25.63125
66739381516437,1788474258533,-2.2125,27.73125,-25.95
66739391516437,1788474258543,-1.95,27.73125,-26.062502
66739401516437,1788474258553,-2.1750002,27.956251,-25.931252
66739411516437,1788474258563,-2.30625,27.712502,-26.00625
66739421516437,1788474258573,-2.2125,27.956251,-25.81875
66739431516437,1788474258583,-2.3812501,27.900002,-25.743752
66739441516437,1788474258593,-2.3812501,28.0125,-25.85625
66739451516437,1788474258603,-2.49375,27.88125,-25.85625
66739461516437,1788474258613,-2.4562502,27.862501,-25.875002
66739471516437,1788474258623,-2.53125,27.88125,-25.7625
66739481516437,1788474258633,-2.23125,27.73125,-26.00625
66739491516437,1788474258643,-2.1375,27.6,-25.968752
66739501516437,1788474258653,-2.025,27.618752,-25.931252
66739511516437,1788474258663,-2.1000001,27.656252,-25.9125
66739521516437,1788474258673,-2.1937501,27.54375,-25.725
66739531516437,1788474258683,-2.1750002,27.50625,-25.612501
66739541516437,1788474258693,-2.1000001,27.50625,-25.3875
66739551516437,1788474258703,-2.1937501,27.487501,-25.2
66739561516437,1788474258713,-2.30625,27.6375,-25.050001
66739571516437,1788474258723,-2.15625,27.7875,-25.2
66739581516437,1788474258733,-2.2687502,27.768751,-25.218752
66739591516437,1788474258743,-2.3625002,27.581251,-25.25625
66739601516437,1788474258753,-2.3625002,27.525002,-25.1625
66739611516437,1788474258763,-2.4562502,27.300001,-25.25625
66739621516437,1788474258773,-2.6625001,27.112501,-25.35
66739631516437,1788474258783,-2.625,27.056252,-25.63125
66739641516437,1788474258793,-2.71875,27.056252,-25.85625
66739651516437,1788474258803,-2.71875,27.056252,-25.81875
66739661516437,1788474258813,-2.6437502,26.906252,-26.175001
66739671516437,1788474258823,-2.3625002,26.962502,-26.56875
66739681516437,1788474258833,-2.325,27.112501,-26.79375
66739691516437,1788474258843,-2.325,27.300001,-26.868752
66739701516437,1788474258853,-2.23125,27.487501,-26.812502
66739711516437,1788474258863,-2.25,27.431252,-26.79375
66739721516437,1788474258873,-2.1375,27.35625,-26.625002
66739731516437,1788474258883,-2.325,27.45,-26.6625
66739741516437,1788474258893,-2.4562502,27.393751,-26.38125
66739751516437,1788474258903,-2.49375,27.45,-26.156252
66739761516437,1788474258913,-2.4375,27.487501,-25.968752
66739771516437,1788474258923,-2.4375,27.525002,-26.118752
66739781516437,1788474258933,-2.41875,27.487501,-26.00625
66739791516437,1788474258943,-2.41875,27.35625,-25.931252
66739801516437,1788474258953,-2.0812502,27.525002,-25.931252
66739811516437,1788474258963,-2.04375,27.4125,-25.875002
66739821516437,1788474258973,-1.9875001,27.431252,-25.7625
66739831516437,1788474258983,-2.04375,27.431252,-25.575
66739841516437,1788474258993,-2.025,27.375002,-25.612501
66739851516437,1788474259003,-2.1000001,27.31875,-25.81875
66739861516437,1788474259013,-2.025,27.300001,-25.987501
66739871516437,1788474259023,-2.15625,27.393751,-25.987501
66739881516437,1788474259033,-2.30625,27.431252,-25.931252
66739891516437,1788474259043,-2.25,27.656252,-25.85625
66739901516437,1788474259053,-2.1937501,27.69375,-25.85625
66739911516437,1788474259063,-2.23125,27.431252,-25.968752
66739921516437,1788474259073,-2.34375,27.525002,-25.875002
66739931516437,1788474259083,-2.2875001,27.712502,-25.462502
66739941516437,1788474259093,-2.2125,27.69375,-25.331251
66739951516437,1788474259103,-1.9125,27.825,-25.25625
66739961516437,1788474259113,-1.9687501,27.73125,-25.2
66739971516437,1788474259123,-1.9875001,27.487501,-25.29375
66739981516437,1788474259133,-1.9687501,27.54375,-25.368752
66739991516437,1788474259143,-1.9312501,27.7875,-25.29375
66740001516437,1788474259153,-1.7625,27.656252,-25.48125
66740011516437,1788474259163,-1.7062501,27.487501,-25.63125
66740021516437,1788474259173,-1.8375001,27.50625,-25.612501
66740031516437,1788474259183,-2.0625,27.45,-25.706251
66740041516437,1788474259193,-2.0062501,27.31875,-25.575
66740051516437,1788474259203,-1.9687501,27.487501,-25.462502
66740061516437,1788474259213,-2.15625,27.468752,-25.29375
66740071516437,1788474259223,-2.1375,27.487501,-25.275002
66740081516437,1788474259233,-2.04375,27.54375,-25.237501
66740091516437,1788474259243,-2.0812502,27.562502,-25.0125
66740101516437,1788474259253,-2.4375,27.337502,-25.181252
66740111516437,1788474259263,-2.53125,27.487501,-25.181252
66740121516437,1788474259273,-2.6625001,27.50625,-25.29375
66740131516437,1788474259283,-2.7375002,27.187502,-25.500002
66740141516437,1788474259293,-2.775,27.187502,-25.593752
66740151516437,1788474259303,-2.8125,27.112501,-25.575
66740161516437,1788474259313,-3.05625,27.112501,-25.687502
66740171516437,1788474259323,-2.8500001,27.112501,-26.04375
66740181516437,1788474259333,-2.5125,27.35625,-25.987501
66740191516437,1788474259343,-2.3812501,27.0375,-25.781252
66740201516437,1788474259353,-2.4750001,26.98125,-25.81875
66740211516437,1788474259363,-2.325,27.31875,-25.593752
66740221516437,1788474259373,-2.2125,27.243752,-25.687502
66740231516437,1788474259383,-2.34375,27.150002,-25.7625
66740241516437,1788474259393,-2.325,27.13125,-25.425001
66740251516437,1788474259403,-2.5687501,27.018751,-25.368752
66740261516437,1788474259413,-2.4562502,26.8875,-25.35
66740271516437,1788474259423,-2.5500002,27.206251,-25.406252
66740281516437,1788474259433,-2.3625002,27.187502,-25.368752
66740291516437,1788474259443,-2.49375,27.187502,-25.237501
66740301516437,1788474259453,-2.625,27.225,-25.331251
66740311516437,1788474259463,-2.4562502,27.150002,-25.425001
66740321516437,1788474259473,-2.5500002,27.093752,-25.706251
66740331516437,1788474259483,-2.4562502,27.187502,-25.66875
66740341516437,1788474259493,-2.4750001,27.150002,-25.687502
66740351516437,1788474259503,-2.68125,27.225,-25.725
66740361516437,1788474259513,-2.71875,27.112501,-25.650002
66740371516437,1788474259523,-2.90625,26.79375,-25.931252
66740381516437,1788474259533,-2.6437502,26.8875,-25.725
66740391516437,1788474259543,-2.68125,27.16875,-25.743752
66740401516437,1788474259553,-2.4,27.187502,-25.593752
66740411516437,1788474259563,-2.1750002,27.300001,-25.425001
66740421516437,1788474259573,-2.3625002,27.431252,-25.406252
66740431516437,1788474259583,-2.025,27.056252,-25.48125
66740441516437,1788474259593,-2.0625,27.187502,-25.556252
66740451516437,1788474259603,-2.0062501,27.375002,-25.331251
66740461516437,1788474259613,-2.1375,27.31875,-25.462502
66740471516437,1788474259623,-2.0625,27.206251,-25.275002
66740481516437,1788474259633,-2.23125,27.31875,-25.3875
66740491516437,1788474259643,-2.60625,27.206251,-25.5375
66740501516437,1788474259653,-2.60625,27.206251,-25.406252
66740511516437,1788474259663,-2.5687501,27.50625,-25.237501
66740521516437,1788474259673,-2.4562502,27.581251,-25.125002
66740531516437,1788474259683,-2.4,27.50625,-25.2
66740541516437,1788474259693,-2.30625,27.6,-24.91875
66740551516437,1788474259703,-2.34375,27.750002,-24.73125
66740561516437,1788474259713,-2.4375,27.656252,-24.562502
66740571516437,1788474259723,-2.2875001,27.487501,-24.393751
66740581516437,1788474259733,-2.325,27.50625,-24.31875
66740591516437,1788474259743,-2.4,27.431252,-24.581251
66740601516437,1788474259753,-2.5125,27.45,-24.69375
66740611516437,1788474259763,-2.4375,27.431252,-24.656252
66740621516437,1788474259773,-2.325,27.337502,-24.750002
66740631516437,1788474259783,-2.23125,27.16875,-24.937502
66740641516437,1788474259793,-2.1937501,27.243752,-25.087502
66740651516437,1788474259803,-2.23125,27.431252,-25.050001
66740661516437,1788474259813,-2.0812502,27.468752,-25.181252
66740671516437,1788474259823,-2.1375,27.6375,-25.050001
66740681516437,1788474259833,-2.2875001,27.712502,-24.956251
66740691516437,1788474259843,-2.15625,27.69375,-25.1625
66740701516437,1788474259853,-2.4562502,27.6375,-25.143751
66740711516437,1788474259863,-2.5125,27.675001,-25.237501
66740721516437,1788474259873,-2.5125,27.6375,-25.10625
66740731516437,1788474259883,-2.5687501,27.54375,-25.368752
66740741516437,1788474259893,-2.53125,27.6,-25.425001
66740751516437,1788474259903,-2.41875,27.2625,-25.406252
66740761516437,1788474259913,-2.325,27.13125,-25.63125
66740771516437,1788474259923,-2.5125,27.300001,-25.462502
66740781516437,1788474259933,-2.41875,27.525002,-25.85625
66740791516437,1788474259943,-2.60625,27.562502,-25.706251
66740801516437,1788474259953,-2.5500002,27.768751,-25.725
66740811516437,1788474259963,-2.4,27.975,-25.48125
66740821516437,1788474259973,-2.34375,27.88125,-25.35
66740831516437,1788474259983,-2.3812501,28.031252,-25.35
66740841516437,1788474259993,-2.325,28.06875,-25.143751
66740851516437,1788474260003,-2.2875001,28.050001,-25.368752
66740861516437,1788474260013,-2.15625,27.993752,-24.993752
66740871516437,1788474260023,-2.2125,28.1625,-25.050001
66740881516437,1788474260033,-2.2875001,27.862501,-25.143751
66740891516437,1788474260043,-2.4375,27.975,-25.2
66740901516437,1788474260053,-2.79375,28.031252,-25.312502
66740911516437,1788474260063,-2.8125,28.143751,-25.425001
66740921516437,1788474260073,-2.71875,28.050001,-25.518751
66740931516437,1788474260083,-2.625,28.06875,-25.462502
66740941516437,1788474260093,-2.9250002,27.956251,-25.650002
66740951516437,1788474260103,-2.775,27.656252,-25.593752
66740961516437,1788474260113,-2.5687501,27.675001,-25.3875
66740971516437,1788474260123,-2.4562502,27.31875,-25.368752
66740981516437,1788474260133,-2.1375,27.243752,-25.312502
66740991516437,1788474260143,-2.04375,27.16875,-25.312502
66741001516437,1788474260153,-2.1375,27.112501,-25.275002
66741011516437,1788474260163,-2.11875,26.94375,-25.1625
66741021516437,1788474260173,-2.0812502,27.112501,-25.143751
66741031516437,1788474260183,-2.0812502,27.187502,-25.425001
66741041516437,1788474260193,-2.41875,27.206251,-25.3875
66741051516437,1788474260203,-2.4375,27.468752,-25.3875
66741061516437,1788474260213,-2.4375,27.50625,-25.48125
66741071516437,1788474260223,-2.6437502,27.581251,-25.237501
66741081516437,1788474260233,-2.41875,27.581251,-25.331251
66741091516437,1788474260243,-2.5125,27.73125,-25.331251
66741101516437,1788474260253,-2.3625002,27.393751,-25.25625
66741111516437,1788474260263,-2.49375,27.4125,-25.10625
66741121516437,1788474260273,-2.15625,27.581251,-25.237501
66741131516437,1788474260283,-1.9875001,27.393751,-25.218752
66741141516437,1788474260293,-2.0062501,27.750002,-25.237501
66741151516437,1788474260303,-1.8750001,27.6375,-25.44375
66741161516437,1788474260313,-2.025,27.581251,-25.500002
66741171516437,1788474260323,-1.7812501,27.581251,-25.706251
66741181516437,1788474260333,-1.81875,27.7875,-25.968752
66741191516437,1788474260343,-1.66875,27.806252,-25.81875
66741201516437,1788474260353,-1.95,27.656252,-25.95
66741211516437,1788474260363,-2.11875,27.375002,-26.081251
66741221516437,1788474260373,-2.25,26.906252,-26.081251
66741231516437,1788474260383,-2.2125,27.075,-26.250002
66741241516437,1788474260393,-2.23125,27.300001,-26.19375
66741251516437,1788474260403,-2.4750001,27.225,-26.1
66741261516437,1788474260413,-2.5500002,27.056252,-25.81875
66741271516437,1788474260423,-2.4375,26.962502,-25.987501
66741281516437,1788474260433,-2.2125,27.0375,-25.9125
66741291516437,1788474260443,-2.1000001,27.2625,-25.85625
66741301516437,1788474260453,-1.8937501,27.375002,-26.062502
66741311516437,1788474260463,-2.04375,27.150002,-25.968752
66741321516437,1788474260473,-2.0812502,26.8875,-25.987501
66741331516437,1788474260483,-1.95,26.962502,-25.875002
66741341516437,1788474260493,-1.7437501,26.962502,-25.85625
66741351516437,1788474260503,-1.7062501,27.056252,-25.85625
66741361516437,1788474260513,-1.81875,27.075,-25.931252
66741371516437,1788474260523,-2.0062501,27.150002,-26.025002
66741381516437,1788474260533,-2.1000001,27.150002,-25.85625
66741391516437,1788474260543,-2.0062501,27.431252,-25.706251
66741401516437,1788474260553,-1.95,27.768751,-25.800001
66741411516437,1788474260563,-1.8937501,27.843752,-25.63125
66741421516437,1788474260573,-2.0062501,27.993752,-25.518751
66741431516437,1788474260583,-2.2687502,27.862501,-25.312502
66741441516437,1788474260593,-2.1750002,27.6,-25.1625
66741451516437,1788474260603,-2.11875,27.300001,-25.0125
66741461516437,1788474260613,-2.2875001,27.2625,-24.712502
66741471516437,1788474260623,-2.325,27.13125,-24.900002
66741481516437,1788474260633,-2.2687502,26.98125,-24.843752
66741491516437,1788474260643,-2.53125,27.0375,-25.2
66741501516437,1788474260653,-2.4562502,27.075,-25.312502
66741511516437,1788474260663,-2.23125,27.337502,-25.687502
66741521516437,1788474260673,-2.30625,27.618752,-25.725
66741531516437,1788474260683,-2.2875001,27.88125,-25.837502
66741541516437,1788474260693,-2.11875,27.956251,-25.95
66741551516437,1788474260703,-2.11875,28.143751,-25.81875
66741561516437,1788474260713,-2.2687502,28.050001,-25.81875
66741571516437,1788474260723,-2.2687502,27.806252,-25.63125
66741581516437,1788474260733,-2.41875,27.6,-25.518751
66741591516437,1788474260743,-2.6437502,27.337502,-25.312502
66741601516437,1788474260753,-2.5687501,27.35625,-25.3875
66741611516437,1788474260763,-2.68125,27.281252,-25.500002
66741621516437,1788474260773,-2.7562501,27.300001,-25.650002
66741631516437,1788474260783,-2.8312502,27.075,-25.500002
66741641516437,1788474260793,-2.775,27.150002,-25.48125
66741651516437,1788474260803,-2.79375,27.2625,-25.743752
66741661516437,1788474260813,-2.79375,27.45,-25.687502
66741671516437,1788474260823,-2.6437502,27.45,-25.63125
66741681516437,1788474260833,-2.53125,27.31875,-25.743752
66741691516437,1788474260843,-2.4562502,27.431252,-25.66875
66741701516437,1788474260853,-2.5687501,27.487501,-25.650002
66741711516437,1788474260863,-2.3812501,27.45,-25.85625
66741721516437,1788474260873,-2.1750002,27.35625,-25.63125
66741731516437,1788474260883,-2.1375,27.487501,-25.218752
66741741516437,1788474260893,-2.1000001,27.45,-25.3875
66741751516437,1788474260903,-2.1750002,27.54375,-25.44375
66741761516437,1788474260913,-2.30625,27.487501,-25.237501
66741771516437,1788474260923,-2.2875001,27.16875,-25.237501
66741781516437,1788474260933,-2.025,26.925001,-25.312502
66741791516437,1788474260943,-1.95,27.000002,-25.1625
66741801516437,1788474260953,-2.0625,27.056252,-25.406252
66741811516437,1788474260963,-2.0062501,26.8875,-25.425001
66741821516437,1788474260973,-2.11875,27.056252,-25.63125
66741831516437,1788474260983,-2.2125,27.225,-25.687502
66741841516437,1788474260993,-2.3625002,27.431252,-25.7625
66741851516437,1788474261003,-2.4,27.656252,-25.63125
66741861516437,1788474261013,-2.5500002,27.6375,-25.518751
66741871516437,1788474261023,-2.90625,27.45,-25.44375
66741881516437,1788474261033,-3.15,27.2625,-25.48125
66741891516437,1788474261043,-3.075,27.31875,-25.706251
66741901516437,1788474261053,-3.0187502,27.075,-25.650002
66741911516437,1788474261063,-2.7562501,26.868752,-25.612501
66741921516437,1788474261073,-2.53125,26.79375,-25.612501
66741931516437,1788474261083,-2.53125,26.85,-25.518751
66741941516437,1788474261093,-2.4562502,26.6625,-25.518751
66741951516437,1788474261103,-2.25,26.79375,-25.66875
66741961516437,1788474261113,-2.0062501,27.018751,-25.406252
66741971516437,1788474261123,-2.0062501,27.018751,-25.312502
66741981516437,1788474261133,-2.1000001,26.925001,-25.406252
66741991516437,1788474261143,-2.2687502,27.056252,-25.425001
66742001516437,1788474261153,-2.41875,27.225,-25.500002
66742011516437,1788474261163,-2.30625,27.337502,-25.518751
66742021516437,1788474261173,-2.4375,27.675001,-25.5375
66742031516437,1788474261183,-2.49375,27.712502,-25.331251
66742041516437,1788474261193,-2.68125,27.712502,-25.331251
66742051516437,1788474261203,-2.68125,27.525002,-25.368752
66742061516437,1788474261213,-2.4562502,27.656252,-25.181252
66742071516437,1788474261223,-2.30625,27.525002,-24.993752
66742081516437,1788474261233,-2.2125,27.50625,-25.087502
66742091516437,1788474261243,-2.1750002,27.487501,-25.2
66742101516437,1788474261253,-2.15625,27.431252,-25.1625
66742111516437,1788474261263,-2.1750002,27.487501,-25.331251
66742121516437,1788474261273,-2.0625,27.31875,-25.500002
66742131516437,1788474261283,-2.04375,27.300001,-25.63125
66742141516437,1788474261293,-2.15625,27.35625,-25.612501
66742151516437,1788474261303,-2.3812501,27.281252,-25.968752
66742161516437,1788474261313,-2.5125,27.206251,-25.968752
66742171516437,1788474261323,-2.7,27.243752,-25.968752
66742181516437,1788474261333,-2.3812501,27.393751,-26.1
66742191516437,1788474261343,-2.53125,27.375002,-26.268751
66742201516437,1788474261353,-2.4562502,27.581251,-26.38125
66742211516437,1788474261363,-2.6625001,27.768751,-26.250002
66742221516437,1788474261373,-2.53125,27.956251,-26.362501
66742231516437,1788474261383,-2.34375,28.050001,-26.081251
66742241516437,1788474261393,-2.30625,27.900002,-25.931252
66742251516437,1788474261403,-2.23125,27.768751,-25.687502
66742261516437,1788474261413,-2.5875,27.431252,-25.687502
66742271516437,1788474261423,-2.3812501,27.525002,-25.650002
66742281516437,1788474261433,-2.5687501,27.2625,-25.593752
66742291516437,1788474261443,-2.775,27.300001,-25.575
66742301516437,1788474261453,-2.98125,26.925001,-25.518751
66742311516437,1788474261463,-3.075,26.906252,-25.518751
66742321516437,1788474261473,-3.15,27.150002,-25.35
66742331516437,1788474261483,-3.35625,27.206251,-25.518751
66742341516437,1788474261493,-2.98125,27.6375,-25.331251
66742351516437,1788474261503,-3.0187502,27.337502,-25.06875
66742361516437,1788474261513,-2.8500001,27.69375,-25.1625
66742371516437,1788474261523,-2.4,27.54375,-25.237501
66742381516437,1788474261533,-2.3625002,27.806252,-25.218752
66742391516437,1788474261543,-2.34375,27.73125,-25.2
66742401516437,1788474261553,-1.9687501,27.806252,-25.218752
66742411516437,1788474261563,-1.66875,27.843752,-25.331251
66742421516437,1788474261573,-1.85625,27.337502,-25.406252
66742431516437,1788474261583,-1.9312501,27.712502,-25.725
66742441516437,1788474261593,-2.1750002,27.6,-25.44375
66742451516437,1788474261603,-2.0812502,27.6375,-25.44375
66742461516437,1788474261613,-1.8750001,27.4125,-25.5375
66742471516437,1788474261623,-2.0812502,27.468752,-25.500002
66742481516437,1788474261633,-2.325,27.13125,-25.48125
66742491516437,1788474261643,-2.325,26.94375,-25.48125
66742501516437,1788474261653,-2.325,27.281252,-25.575
66742511516437,1788474261663,-2.1937501,27.187502,-25.44375
66742521516437,1788474261673,-2.0062501,27.206251,-25.800001
66742531516437,1788474261683,-2.25,27.187502,-25.687502
66742541516437,1788474261693,-2.23125,27.525002,-25.556252
66742551516437,1788474261703,-2.1000001,27.45,-25.706251
66742561516437,1788474261713,-2.0812502,27.562502,-25.743752
66742571516437,1788474261723,-2.2125,27.712502,-25.687502
66742581516437,1788474261733,-2.1937501,27.581251,-25.425001
66742591516437,1788474261743,-2.41875,27.468752,-25.406252
66742601516437,1788474261753,-2.4562502,27.337502,-25.125002
66742611516437,1788474261763,-2.53125,27.243752,-25.35
66742621516437,1788474261773,-2.5687501,27.018751,-25.5375
66742631516437,1788474261783,-2.5125,27.2625,-25.462502
66742641516437,1788474261793,-2.4375,27.075,-25.48125
66742651516437,1788474261803,-2.5125,26.94375,-25.650002
66742661516437,1788474261813,-2.5125,27.150002,-25.875002
66742671516437,1788474261823,-2.025,27.0375,-25.81875
66742681516437,1788474261833,-1.8375001,27.187502,-26.1
66742691516437,1788474261843,-1.66875,27.225,-26.1375
66742701516437,1788474261853,-1.7625,27.13125,-26.1
66742711516437,1788474261863,-1.7812501,27.0375,-26.19375
66742721516437,1788474261873,-1.9312501,27.31875,-26.175001
66742731516437,1788474261883,-1.8375001,27.431252,-26.268751
66742741516437,1788474261893,-2.0812502,27.075,-26.1375
66742751516437,1788474261903,-2.25,27.243752,-26.062502
66742761516437,1788474261913,-2.41875,27.375002,-26.00625
66742771516437,1788474261923,-2.60625,27.487501,-25.743752
66742781516437,1788474261933,-2.5875,27.750002,-25.706251
66742791516437,1788474261943,-2.68125,27.6,-25.650002
66742801516437,1788474261953,-2.775,27.50625,-25.556252
66742811516437,1788474261963,-2.86875,27.206251,-25.06875
66742821516437,1788474261973,-2.775,27.487501,-24.900002
66742831516437,1788474261983,-2.8875,27.656252,-24.843752
66742841516437,1788474261993,-2.8500001,27.562502,-24.6
66742851516437,1788474262003,-2.79375,27.468752,-24.562502
66742861516437,1788474262013,-2.7562501,27.375002,-24.431252
66742871516437,1788474262023,-2.7,27.375002,-24.35625
66742881516437,1788474262033,-2.1937501,27.468752,-24.581251
66742891516437,1788474262043,-2.1000001,27.73125,-24.806252
66742901516437,1788474262053,-1.9125,27.581251,-24.975
66742911516437,1788474262063,-1.8375001,27.150002,-25.10625
66742921516437,1788474262073,-1.6875001,27.0375,-25.275002
66742931516437,1788474262083,-1.66875,27.225,-25.406252
66742941516437,1788474262093,-1.7625,27.243752,-25.63125
66742951516437,1788474262103,-1.7437501,27.375002,-25.743752
66742961516437,1788474262113,-2.0062501,27.35625,-25.593752
66742971516437,1788474262123,-2.0062501,27.300001,-25.518751
66742981516437,1788474262133,-2.23125,27.2625,-25.425001
66742991516437,1788474262143,-2.4,27.54375,-25.725
66743001516437,1788474262153,-2.60625,27.562502,-25.781252
66743011516437,1788474262163,-2.5125,27.468752,-25.593752
66743021516437,1788474262173,-2.6625001,27.50625,-25.3875
66743031516437,1788474262183,-2.53125,27.431252,-25.35
66743041516437,1788474262193,-2.34375,27.337502,-25.556252
66743051516437,1788474262203,-2.2687502,27.375002,-25.518751
66743061516437,1788474262213,-2.2125,27.337502,-25.63125
66743071516437,1788474262223,-2.2687502,27.243752,-25.29375
66743081516437,1788474262233,-2.1750002,27.187502,-25.2
66743091516437,1788474262243,-2.2687502,27.187502,-25.29375
66743101516437,1788474262253,-2.04375,27.112501,-25.25625
66743111516437,1788474262263,-2.2125,27.35625,-25.143751
66743121516437,1788474262273,-2.4562502,27.6375,-25.0125
66743131516437,1788474262283,-2.5875,27.562502,-25.125002
66743141516437,1788474262293,-2.3812501,27.581251,-25.181252
66743151516437,1788474262303,-2.0062501,27.69375,-25.29375
66743161516437,1788474262313,-1.9875001,27.712502,-25.368752
66743171516437,1788474262323,-1.9875001,27.862501,-25.368752
66743181516437,1788474262333,-1.9125,27.975,-25.575
66743191516437,1788474262343,-1.9875001,27.768751,-25.743752
66743201516437,1788474262353,-1.8375001,27.562502,-25.687502
66743211516437,1788474262363,-1.95,27.656252,-25.612501
66743221516437,1788474262373,-2.325,27.73125,-25.5375
66743231516437,1788474262383,-2.41875,27.69375,-25.725
66743241516437,1788474262393,-2.4375,27.806252,-25.500002
66743251516437,1788474262403,-2.4375,27.656252,-25.556252
66743261516437,1788474262413,-2.68125,27.468752,-25.275002
66743271516437,1788474262423,-2.7,27.6375,-25.3875
66743281516437,1788474262433,-2.775,27.6375,-25.406252
66743291516437,1788474262443,-2.6625001,27.581251,-25.743752
66743301516437,1788474262453,-2.325,27.6,-25.66875
66743311516437,1788474262463,-2.2875001,27.656252,-25.3875
66743321516437,1788474262473,-2.30625,27.375002,-25.237501
66743331516437,1788474262483,-2.3812501,27.375002,-25.368752
66743341516437,1788474262493,-2.3625002,27.16875,-25.29375
66743351516437,1788474262503,-2.2125,27.150002,-25.125002
66743361516437,1788474262513,-2.4,27.187502,-25.1625
66743371516437,1788474262523,-2.325,27.16875,-24.862501
66743381516437,1788474262533,-2.5687501,27.187502,-25.087502
66743391516437,1788474262543,-2.79375,27.150002,-25.125002
66743401516437,1788474262553,-2.8312502,27.281252,-25.331251
66743411516437,1788474262563,-2.5687501,27.375002,-25.087502
66743421516437,1788474262573,-2.2687502,27.7875,-25.312502
66743431516437,1788474262583,-2.1000001,27.768751,-25.35
66743441516437,1788474262593,-2.11875,27.656252,-25.2
66743451516437,1788474262603,-2.1750002,27.7875,-25.2
66743461516437,1788474262613,-2.1375,27.750002,-25.29375
66743471516437,1788474262623,-1.95,27.7875,-25.25625
66743481516437,1788474262633,-1.6875001,27.7875,-25.331251
66743491516437,1788474262643,-1.9687501,27.525002,-25.48125
66743501516437,1788474262653,-2.0812502,27.45,-25.612501
66743511516437,1788474262663,-2.3625002,27.393751,-25.48125
66743521516437,1788474262673,-2.2875001,27.35625,-25.575
66743531516437,1788474262683,-2.1375,27.35625,-25.500002
66743541516437,1788474262693,-1.9312501,27.187502,-25.44375
66743551516437,1788474262703,-1.9312501,27.056252,-25.5375
66743561516437,1788474262713,-2.4,27.13125,-25.575
66743571516437,1788474262723,-2.11875,27.54375,-25.48125
66743581516437,1788474262733,-2.3625002,27.618752,-25.275002
66743591516437,1788474262743,-2.2875001,27.618752,-25.29375
66743601516437,1788474262753,-2.1000001,27.656252,-25.312502
66743611516437,1788474262763,-2.25,27.431252,-25.35
66743621516437,1788474262773,-2.4,27.6,-25.312502
66743631516437,1788474262783,-2.5500002,27.900002,-25.331251
66743641516437,1788474262793,-2.3812501,27.862501,-25.050001
66743651516437,1788474262803,-2.5500002,27.4125,-25.06875
66743661516437,1788474262813,-2.325,27.300001,-25.10625
66743671516437,1788474262823,-2.30625,27.281252,-25.312502
66743681516437,1788474262833,-2.325,27.16875,-25.612501
66743691516437,1788474262843,-2.34375,27.375002,-26.062502
66743701516437,1788474262853,-2.3812501,27.4125,-26.156252
66743711516437,1788474262863,-2.0625,27.112501,-25.931252
66743721516437,1788474262873,-1.8375001,27.075,-26.212502
66743731516437,1788474262883,-1.8750001,27.45,-26.212502
66743741516437,1788474262893,-1.9687501,27.337502,-26.362501
66743751516437,1788474262903,-1.95,27.187502,-26.250002
66743761516437,1788474262913,-2.1000001,27.35625,-25.875002
66743771516437,1788474262923,-1.85625,27.35625,-25.500002
66743781516437,1788474262933,-1.6875001,27.2625,-25.575
66743791516437,1788474262943,-2.11875,27.431252,-25.800001
66743801516437,1788474262953,-2.4562502,27.525002,-25.650002
66743811516437,1788474262963,-2.2125,27.2625,-25.781252
66743821516437,1788474262973,-2.2125,27.45,-25.781252
66743831516437,1788474262983,-2.1750002,27.656252,-25.48125
66743841516437,1788474262993,-2.1937501,27.6375,-25.593752
66743851516437,1788474263003,-2.53125,27.525002,-25.66875
66743861516437,1788474263013,-2.7,27.6,-25.368752
66743871516437,1788474263023,-2.4375,27.393751,-25.48125
66743881516437,1788474263033,-2.2125,27.35625,-25.650002
66743891516437,1788474263043,-2.4,27.525002,-25.518751
66743901516437,1788474263053,-2.30625,27.431252,-25.275002
66743911516437,1788474263063,-2.4562502,27.31875,-25.48125
66743921516437,1788474263073,-2.5125,27.2625,-25.66875
66743931516437,1788474263083,-2.2687502,27.35625,-25.781252
66743941516437,1788474263093,-2.1375,27.206251,-25.987501
66743951516437,1788474263103,-2.325,27.337502,-25.612501
66743961516437,1788474263113,-2.4750001,27.300001,-25.312502
66743971516437,1788474263123,-2.3812501,27.281252,-25.3875
66743981516437,1788474263133,-2.53125,27.281252,-25.725
66743991516437,1788474263143,-2.34375,27.093752,-25.85625
66744001516437,1788474263153,-2.30625,27.150002,-25.575
66744011516437,1788474263163,-2.4,26.962502,-25.3875
66744021516437,1788474263173,-2.3812501,26.98125,-25.181252
66744031516437,1788474263183,-2.2687502,27.000002,-25.2
66744041516437,1788474263193,-2.3625002,27.093752,-25.48125
66744051516437,1788474263203,-2.4562502,27.243752,-25.35
66744061516437,1788474263213,-2.3812501,27.300001,-25.312502
66744071516437,1788474263223,-2.2875001,27.562502,-25.237501
66744081516437,1788474263233,-2.1937501,27.6,-25.2
66744091516437,1788474263243,-2.025,27.712502,-25.10625
66744101516437,1788474263253,-2.1750002,27.862501,-25.331251
66744111516437,1788474263263,-2.25,27.843752,-25.63125
66744121516437,1788474263273,-2.325,27.618752,-25.48125
66744131516437,1788474263283,-2.5125,27.4125,-25.556252
66744141516437,1788474263293,-2.5687501,27.468752,-25.368752
66744151516437,1788474263303,-2.7375002,27.35625,-25.44375
66744161516437,1788474263313,-2.68125,27.2625,-25.66875
66744171516437,1788474263323,-3.0375001,27.375002,-25.781252
66744181516437,1788474263333,-2.7375002,27.431252,-25.406252
66744191516437,1788474263343,-2.68125,27.431252,-25.181252
66744201516437,1788474263353,-2.41875,27.562502,-25.031252
66744211516437,1788474263363,-2.2875001,27.562502,-24.900002
66744221516437,1788474263373,-2.15625,27.337502,-24.956251
66744231516437,1788474263383,-2.11875,27.487501,-24.937502
66744241516437,1788474263393,-2.23125,27.35625,-24.993752
66744251516437,1788474263403,-1.9125,27.225,-25.2
66744261516437,1788474263413,-2.1750002,27.243752,-25.25625
66744271516437,1788474263423,-2.4375,27.2625,-25.406252
66744281516437,1788474263433,-2.5687501,27.225,-25.650002
66744291516437,1788474263443,-2.60625,27.225,-25.968752
66744301516437,1788474263453,-2.7,27.16875,-25.875002
66744311516437,1788474263463,-2.6625001,27.056252,-25.875002
66744321516437,1788474263473,-2.53125,27.187502,-25.875002
66744331516437,1788474263483,-2.6437502,27.225,-25.650002
66744341516437,1788474263493,-2.8312502,27.16875,-25.875002
66744351516437,1788474263503,-2.5500002,27.206251,-25.893751
66744361516437,1788474263513,-2.5125,27.243752,-25.781252
66744371516437,1788474263523,-2.41875,27.50625,-25.725
66744381516437,1788474263533,-2.3812501,27.6375,-25.781252
66744391516437,1788474263543,-2.5687501,27.750002,-25.81875
66744401516437,1788474263553,-2.60625,27.750002,-25.706251
66744411516437,1788474263563,-2.7,27.750002,-25.743752
66744421516437,1788474263573,-2.34375,27.7875,-25.781252
66744431516437,1788474263583,-2.4562502,27.825,-25.9125
66744441516437,1788474263593,-2.2875001,27.69375,-25.85625
66744451516437,1788474263603,-2.15625,27.50625,-25.66875
66744461516437,1788474263613,-2.1937501,27.562502,-25.593752
66744471516437,1788474263623,-2.04375,27.375002,-25.575
66744481516437,1788474263633,-2.1000001,27.35625,-25.575
